id,role_label,experience_years,education_level,degree,skills,certifications,projects_summary,professional_summary,source
RES-0957,Mobile Developer,4,Ph.D.,B.E. Software Engineering,App Store Deployment|Firebase|Dart|Java|React Native|Play Store Deployment|Xcode|Android|GraphQL|iOS|Unit Testing|Fastlane|Performance Profiling|Crashlytics|Analytics|Bluetooth,,Shipped iOS and Android apps with 25k+ downloads in first month. // Achieved 29% reduction in app cold-start time through performance profiling.,"Mobile developer with 4 years building cross-platform and native apps using Crashlytics, App Store Deployment, GraphQL.",public_profile_anonymized
RES-0355,Frontend Developer,11,Bachelor's,B.Sc. Computer Science,React|TypeScript|HTML5|Redux|GraphQL|CSS3|Zustand|Cross-browser Compatibility|Accessibility|SASS|TailwindCSS|JavaScript|Chart.js|CI/CD|Storybook|Git|Performance Optimisation,Meta Front-End Developer,"Rebuilt company dashboard in Zustand, improving load time by 26%.","Passionate frontend engineer with 11 years of hands-on experience in CI/CD, JavaScript, Chart.js.",synthetic
RES-0344,Frontend Developer,8,Bootcamp/Certification,B.Tech Information Technology,SASS|CSS3|Vite|GraphQL|HTML5|Adobe XD|Chart.js,,"Reduced bundle size by 51% through code splitting and lazy loading. // Rebuilt company dashboard in React, improving load time by 52%.","Frontend developer with 8 years building responsive, accessible UIs with Adobe XD, Vite, GraphQL.",synthetic
RES-0817,DevOps Engineer,7,Master's,M.Sc. Cloud Computing,Helm|GCP|GitHub Actions|Monitoring|CI/CD|Infrastructure as Code|AWS|Terraform|Jenkins|Site Reliability Engineering|Vault|HAProxy,AWS DevOps Engineer Professional|Google Professional DevOps Engineer,Improved system uptime to 99.73% SLA through improved monitoring and alerting. // Achieved 52% cost reduction by right-sizing cloud infrastructure on Docker.,"Reliability-focused DevOps professional with 7+ years of experience in GitHub Actions, Infrastructure as Code, Vault.",synthetic
RES-0728,DevOps Engineer,10,Master's,B.Tech Computer Engineering,Site Reliability Engineering|GCP|CI/CD|Grafana|Python|Terraform|Kubernetes|Monitoring|Jenkins|Bash|Helm|Infrastructure as Code|ArgoCD|ELK Stack|Istio|Vagrant,Google Professional DevOps Engineer,Reduced deployment lead time from 20 days to 7 hours by redesigning CI/CD pipeline. // Improved system uptime to 99.72% SLA through improved monitoring and alerting. // Achieved 23% cost reduction by right-sizing cloud infrastructure on Helm.,"DevOps engineer with 10 years automating infrastructure and improving deployment pipelines using Kubernetes, Monitoring, Helm.",synthetic
RES-0190,Backend Developer,10,Master's,B.Tech Information Technology,SQL|Kubernetes|AWS|Message Queues|Java|Ruby|gRPC|Azure|Microservices|REST API|Terraform|Apache Kafka|OAuth2,,"Led migration of monolith to microservices, reducing deployment time by 28%. // Led migration of monolith to microservices, reducing deployment time by 41%. // Designed and maintained a high-throughput REST API serving 3k requests/day.","Results-driven backend developer with 10+ years designing and maintaining distributed systems in OAuth2, Ruby, Azure.",public_profile_anonymized
RES-0642,Data Scientist,2,Master's,Ph.D. Computer Science,Seaborn|Pandas|A/B Testing|Scikit-learn|SQL|NumPy|TensorFlow|Feature Engineering|Docker|Hadoop|Power BI|Bayesian Statistics|Experiment Tracking,IBM Data Science Professional|Google Professional Data Engineer,"Built a churn prediction model with 19% accuracy, saving 19k ARR. // Published research on PyTorch applied to time-series forecasting. // Developed a recommendation engine improving click-through rate by 33%.","Data scientist with 2 years transforming raw data into actionable insights using Experiment Tracking, Feature Engineering, A/B Testing.",synthetic
RES-0604,Data Scientist,6,Bootcamp/Certification,B.Sc. Mathematics,A/B Testing|Data Visualisation|Deep Learning|NumPy|Python|Machine Learning|R|Feature Engineering|PyTorch|SQL|AWS SageMaker|Tableau|Model Deployment|Power BI,IBM Data Science Professional|Databricks Certified Associate,Published research on Feature Engineering applied to time-series forecasting. // Published research on Feature Engineering applied to time-series forecasting. // Automated ETL pipelines reducing manual data preparation by 31%.,"Data scientist with 6 years transforming raw data into actionable insights using SQL, Data Visualisation, Power BI.",synthetic
RES-0862,Cloud Architect,4,Bachelor's,M.Sc. Cloud Computing,Cost Optimisation|Lambda|Load Balancing|Auto Scaling|GCP|Azure|High Availability|IAM|VPC|CDK|Helm|Solution Design|FinOps|Pulumi|ArgoCD,TOGAF 9|Azure Solutions Architect Expert,"Designed a multi-region, active-active architecture with 99.96% availability SLA. // Designed a multi-region, active-active architecture with 99.93% availability SLA. // Established cloud governance framework adopted across 48 business units.","Cloud architect with 4 years designing resilient, scalable cloud platforms on CDK, IAM, High Availability.",synthetic
RES-0589,Data Scientist,6,Associate's,M.Sc. Data Science,Natural Language Processing|Feature Engineering|R|A/B Testing|TensorFlow|PyTorch|Seaborn|Pandas|Hypothesis Testing|Power BI|Azure ML|Git|Bayesian Statistics,Databricks Certified Associate|AWS Machine Learning Specialty,"Published research on Jupyter applied to time-series forecasting. // Developed a recommendation engine improving click-through rate by 39%. // Built a churn prediction model with 59% accuracy, saving 41k ARR.","Analytical data scientist with 6+ years of experience in Pandas, A/B Testing, Power BI and statistical modelling.",synthetic
RES-0766,DevOps Engineer,7,Ph.D.,B.Sc. Computer Science,Ansible|AWS|GCP|Bash|Prometheus|Docker|Kubernetes|Vagrant|Jaeger|Nginx|Security Hardening|Vault|ELK Stack,,Improved system uptime to 99.88% SLA through improved monitoring and alerting. // Reduced deployment lead time from 32 days to 8 hours by redesigning CI/CD pipeline. // Containerised 46 legacy services with Docker and orchestrated with Kubernetes.,"Infrastructure engineer with 7 years designing cloud-native platforms with Ansible, Jaeger, Nginx.",public_profile_anonymized
RES-0984,Mobile Developer,6,Bootcamp/Certification,B.Tech Mobile Computing,React Native|Kotlin|Firebase|Swift|REST API|Play Store Deployment|Flutter|Realm|CI/CD|Detox|Fastlane|GPS,Apple App Development with Swift|AWS Mobile Developer,Achieved 54% reduction in app cold-start time through performance profiling. // Achieved 30% reduction in app cold-start time through performance profiling. // Shipped iOS and Android apps with 28k+ downloads in first month.,"Mobile developer with 6 years building cross-platform and native apps using Firebase, Kotlin, CI/CD.",synthetic
RES-0832,Cloud Architect,9,Associate's,B.Sc. Computer Science,GCP|Terraform|AWS|High Availability|Kubernetes|Service Mesh|ArgoCD|Pulumi|Vault|Istio,Google Professional Cloud Architect|AWS Solutions Architect Professional,Architected serverless data pipeline processing 44M events/day. // Architected serverless data pipeline processing 47M events/day.,"Solutions architect with 9 years architecting multi-cloud environments with GCP, Service Mesh, Istio.",public_profile_anonymized
RES-0496,Full-Stack Developer,4,Associate's,B.Sc. Computer Science,GraphQL|Next.js|Python|React|MongoDB|Git|REST API|AWS|CI/CD|PostgreSQL|WebSockets|OAuth2|Microservices,,Shipped end-to-end feature that increased user retention by 32%.,"Full-stack engineer with 4+ years building and shipping products with Git, REST API, MongoDB.",synthetic
RES-0986,Mobile Developer,3,Associate's,Diploma in Mobile App Development,Firebase|Push Notifications|GraphQL|React Native|Objective-C|App Store Deployment|Dart|Play Store Deployment|Detox|Redux|Offline Support|In-App Purchases,Apple App Development with Swift,Achieved 19% reduction in app cold-start time through performance profiling.,"Mobile engineer with 3 years crafting performant iOS and Android experiences with Firebase, In-App Purchases, React Native.",synthetic
RES-0655,Data Scientist,7,Master's,Ph.D. Computer Science,NumPy|Statistics|Scikit-learn|A/B Testing|Python|Seaborn|Jupyter|Bayesian Statistics|Docker|Azure ML|Airflow|Hadoop,IBM Data Science Professional|Databricks Certified Associate,Developed a recommendation engine improving click-through rate by 31%. // Published research on Seaborn applied to time-series forecasting.,"Machine learning practitioner with 7 years building predictive models with Azure ML, Jupyter, Scikit-learn.",synthetic
RES-0099,Backend Developer,10,Bootcamp/Certification,B.Tech Information Technology,AWS|Python|GraphQL|Docker|C#|Elasticsearch|ORM|Azure|Node.js|Go|Express.js|Ruby|GitHub Actions|pytest|Linux,Oracle Java SE|MongoDB Associate,Designed and maintained a high-throughput REST API serving 5k requests/day.,"Backend engineer with 10 years of experience building scalable APIs and microservices using ORM, Python, C#.",public_profile_anonymized
RES-0720,DevOps Engineer,3,Bootcamp/Certification,B.Sc. Computer Science,Terraform|GitHub Actions|Helm|Bash|Ansible|Docker|Grafana|Python|GitOps|Vagrant|Istio,CKA (Kubernetes),Containerised 20 legacy services with Docker and orchestrated with Kubernetes.,"Reliability-focused DevOps professional with 3+ years of experience in Python, GitOps, Helm.",synthetic
RES-0526,Full-Stack Developer,6,Master's,B.E. Software Engineering,React|CI/CD|Git|Node.js|Python|REST API|MongoDB|JavaScript|GraphQL|PostgreSQL|Express.js|TypeScript|Redis|Jest,Meta Front-End Developer,Integrated third-party payment gateway handling 37k transactions/month.,"Full-stack developer with 6 years delivering end-to-end web applications using Git, TypeScript, Python.",kaggle_anonymized
RES-0687,Data Scientist,12,Master's,B.Sc. Mathematics,Scikit-learn|Natural Language Processing|Deep Learning|A/B Testing|PyTorch|TensorFlow|Matplotlib|Azure ML|Tableau,Google Professional Data Engineer|Databricks Certified Associate,Published research on A/B Testing applied to time-series forecasting. // Automated ETL pipelines reducing manual data preparation by 52%. // Published research on A/B Testing applied to time-series forecasting.,"Machine learning practitioner with 12 years building predictive models with Scikit-learn, Azure ML, TensorFlow.",synthetic
RES-0854,Cloud Architect,2,Bootcamp/Certification,B.Sc. Computer Science,Docker|Auto Scaling|IAM|Kubernetes|Disaster Recovery|Azure|Pulumi|Helm|Python,TOGAF 9,"Led cloud migration of 49-service estate to AWS, cutting TCO by 59%.","Solutions architect with 2 years architecting multi-cloud environments with Python, IAM, Disaster Recovery.",kaggle_anonymized
RES-0346,Frontend Developer,8,Master's,B.Tech Information Technology,Vue.js|Accessibility|Zustand|TypeScript|CSS3|Redux|Webpack|SEO|Web Animations|Chart.js|Adobe XD,AWS Cloud Practitioner|Google UX Design,Developed a reusable component library with 18+ components used across 5 products.,"Creative UI engineer with 8+ years of experience crafting pixel-perfect interfaces using Zustand, SEO, Redux.",synthetic
RES-0169,Backend Developer,4,Associate's,M.Sc. Computer Science,Azure|Message Queues|gRPC|Redis|Rust|Java|Apache Kafka|Jenkins|Terraform|Unit Testing|pytest,,"Led migration of monolith to microservices, reducing deployment time by 38%.","Experienced server-side developer specialising in Jenkins, pytest, Azure with 4 years of professional experience.",synthetic
RES-0384,Full-Stack Developer,11,Bootcamp/Certification,M.Sc. Software Engineering,Python|Docker|CI/CD|React|HTML5|MongoDB|GraphQL|Next.js|Git|FastAPI|JWT|Redis|GitHub Actions,AWS Certified Developer,Shipped end-to-end feature that increased user retention by 58%. // Delivered a full-stack SaaS platform from design to production in 47 months. // Shipped end-to-end feature that increased user retention by 27%.,"Full-stack developer with 11 years delivering end-to-end web applications using Python, JWT, Next.js.",synthetic
RES-0802,DevOps Engineer,9,Ph.D.,B.E. Information Technology,AWS|Grafana|GitHub Actions|Infrastructure as Code|Prometheus|Kubernetes|GCP|Linux|Terraform|Python|Site Reliability Engineering|Jaeger|GitOps|Capacity Planning|Loki|HAProxy|Service Mesh,Google Professional DevOps Engineer,Improved system uptime to 99.52% SLA through improved monitoring and alerting.,"Reliability-focused DevOps professional with 9+ years of experience in Prometheus, Service Mesh, Terraform.",public_profile_anonymized
RES-0500,Full-Stack Developer,5,Associate's,B.E. Software Engineering,CSS3|Docker|HTML5|AWS|MongoDB|Next.js|TailwindCSS|Python|Node.js|JavaScript|Kubernetes|Microservices,Google Associate Cloud Engineer,Built an internal tooling dashboard serving 30+ engineering teams. // Delivered a full-stack SaaS platform from design to production in 37 months. // Shipped end-to-end feature that increased user retention by 31%.,"Full-stack developer with 5 years delivering end-to-end web applications using Next.js, JavaScript, Docker.",public_profile_anonymized
RES-0196,Backend Developer,4,Master's,M.Sc. Computer Science,SQL|Python|Rust|Django|Spring Boot|Apache Kafka|Unit Testing|OAuth2|Terraform|GitHub Actions,MongoDB Associate|AWS Certified Developer,Designed and maintained a high-throughput REST API serving 50k requests/day.,"Results-driven backend developer with 4+ years designing and maintaining distributed systems in Unit Testing, Spring Boot, OAuth2.",synthetic
RES-0729,DevOps Engineer,12,Bachelor's,M.Sc. Cloud Computing,Site Reliability Engineering|CI/CD|GitHub Actions|Terraform|Linux|Cost Optimisation|Vagrant|Capacity Planning|Packer|Jaeger,,Achieved 48% cost reduction by right-sizing cloud infrastructure on Helm. // Achieved 58% cost reduction by right-sizing cloud infrastructure on Helm.,"Reliability-focused DevOps professional with 12+ years of experience in Linux, Packer, Terraform.",synthetic
RES-0433,Full-Stack Developer,4,Master's,B.Tech Computer Engineering,MongoDB|Express.js|TypeScript|FastAPI|TailwindCSS|Linux|pytest|Jest|Kubernetes,Meta Front-End Developer,Shipped end-to-end feature that increased user retention by 38%. // Integrated third-party payment gateway handling 11k transactions/month.,"Full-stack engineer with 4+ years building and shipping products with pytest, Express.js, TailwindCSS.",synthetic
RES-0634,Data Scientist,10,Ph.D.,M.Sc. Machine Learning,R|Deep Learning|Statistics|Feature Engineering|Scikit-learn|NumPy|Seaborn|Hypothesis Testing|Git,IBM Data Science Professional,"Built a churn prediction model with 26% accuracy, saving 2k ARR.","Machine learning practitioner with 10 years building predictive models with Feature Engineering, Hypothesis Testing, Statistics.",public_profile_anonymized
RES-0436,Full-Stack Developer,10,Ph.D.,M.Sc. Software Engineering,REST API|CSS3|TypeScript|CI/CD|Docker|Next.js|AWS|FastAPI|JavaScript|GraphQL|Linux|Redis,Meta Front-End Developer|Google Associate Cloud Engineer,Shipped end-to-end feature that increased user retention by 31%. // Integrated third-party payment gateway handling 31k transactions/month. // Shipped end-to-end feature that increased user retention by 34%.,"Versatile engineer comfortable across the stack with 10 years of experience in REST API, AWS, Linux.",kaggle_anonymized
RES-0077,Backend Developer,7,Bootcamp/Certification,B.E. Software Engineering,AWS|Ruby|Django|Azure|SQL|Bash|Apache Kafka,Oracle Java SE,"Optimised PostgreSQL query performance, cutting average response time by 57%.","Experienced server-side developer specialising in SQL, Azure, Apache Kafka with 7 years of professional experience.",synthetic
RES-0556,Data Scientist,2,Associate's,B.Sc. Mathematics,Machine Learning|Statistics|PyTorch|R|Deep Learning|Natural Language Processing|Matplotlib|Model Deployment|Git|dbt|Airflow|MLflow,,Published research on Machine Learning applied to time-series forecasting. // Developed a recommendation engine improving click-through rate by 56%. // Published research on NumPy applied to time-series forecasting.,"Machine learning practitioner with 2 years building predictive models with Airflow, dbt, Deep Learning.",synthetic
RES-0672,Data Scientist,6,Bachelor's,M.Sc. Statistics,Natural Language Processing|Scikit-learn|NumPy|Deep Learning|Matplotlib|Machine Learning|Data Visualisation|PyTorch|Feature Engineering|Seaborn|Jupyter|Model Deployment|Airflow|Azure ML,AWS Machine Learning Specialty|Databricks Certified Associate,Developed a recommendation engine improving click-through rate by 39%.,"Data scientist with 6 years transforming raw data into actionable insights using PyTorch, Azure ML, Deep Learning.",public_profile_anonymized
RES-0546,Full-Stack Developer,10,Associate's,M.Sc. Software Engineering,Git|AWS|CSS3|Python|REST API|TailwindCSS|Next.js|MongoDB|CI/CD|FastAPI|WebSockets|Nginx|Microservices|Linux,AWS Certified Developer,Integrated third-party payment gateway handling 2k transactions/month.,"Full-stack developer with 10 years delivering end-to-end web applications using REST API, CSS3, Next.js.",synthetic
RES-0690,Data Scientist,12,Bachelor's,Ph.D. Computer Science,Python|Natural Language Processing|Seaborn|Deep Learning|Data Visualisation|R|Machine Learning|SQL|Feature Engineering|Jupyter|Pandas|Matplotlib|Hadoop|MLflow|Looker|Hypothesis Testing,,"Built a churn prediction model with 54% accuracy, saving 35k ARR. // Automated ETL pipelines reducing manual data preparation by 31%. // Developed a recommendation engine improving click-through rate by 34%.","Machine learning practitioner with 12 years building predictive models with Deep Learning, Hadoop, Seaborn.",synthetic
RES-0694,Data Scientist,1,Ph.D.,Ph.D. Computer Science,Pandas|Machine Learning|Deep Learning|NumPy|PyTorch|TensorFlow|R|GCP Vertex AI|Looker|Model Deployment|Git,Databricks Certified Associate|AWS Machine Learning Specialty,"Built a churn prediction model with 50% accuracy, saving 47k ARR. // Built a churn prediction model with 52% accuracy, saving 49k ARR. // Developed a recommendation engine improving click-through rate by 24%.","Machine learning practitioner with 1 years building predictive models with Git, Model Deployment, R.",synthetic
RES-0859,Cloud Architect,10,Bootcamp/Certification,M.Sc. Cloud Computing,Terraform|Multi-cloud Strategy|GCP|Docker|Azure|Auto Scaling|Lambda|Load Balancing|Serverless|High Availability|VPC|FinOps|ArgoCD|Zero-Trust Security,TOGAF 9,"Established cloud governance framework adopted across 17 business units. // Architected serverless data pipeline processing 27M events/day. // Led cloud migration of 8-service estate to AWS, cutting TCO by 22%.","Solutions architect with 10 years architecting multi-cloud environments with VPC, Lambda, GCP.",kaggle_anonymized
RES-0020,Backend Developer,11,Ph.D.,M.Sc. Computer Science,Java|MySQL|Docker|Express.js|Python|GraphQL|PostgreSQL|Go|GCP|NestJS|pytest|Celery|GitHub Actions|OAuth2|Linux,Oracle Java SE,"Built a real-time notification service using gRPC and message queues. // Optimised PostgreSQL query performance, cutting average response time by 46%. // Built a real-time notification service using MySQL and message queues.","Backend engineer with 11 years of experience building scalable APIs and microservices using MySQL, Express.js, Celery.",kaggle_anonymized
RES-0776,DevOps Engineer,10,Master's,M.Sc. Cloud Computing,GitHub Actions|Terraform|GCP|Docker|Bash|Helm|Site Reliability Engineering|CI/CD|AWS|Infrastructure as Code|Azure|Packer|Vagrant|Cost Optimisation|Jaeger|ArgoCD,Google Professional DevOps Engineer,Reduced deployment lead time from 14 days to 8 hours by redesigning CI/CD pipeline.,"Reliability-focused DevOps professional with 10+ years of experience in Vagrant, Packer, Jaeger.",synthetic
RES-0701,DevOps Engineer,5,Master's,B.Tech Computer Engineering,Site Reliability Engineering|Helm|Docker|Ansible|Python|GCP|Monitoring|Prometheus|Linux|CI/CD|Vault|Capacity Planning|GitOps,,Improved system uptime to 99.68% SLA through improved monitoring and alerting.,"Infrastructure engineer with 5 years designing cloud-native platforms with Site Reliability Engineering, Helm, Vault.",public_profile_anonymized
RES-0208,Frontend Developer,7,Bootcamp/Certification,B.A. Web Design,CSS3|HTML5|SASS|TypeScript|React|Web Animations|Chart.js|Adobe XD|SEO,Meta Front-End Developer|Google UX Design,"Rebuilt company dashboard in GraphQL, improving load time by 53%.","Creative UI engineer with 7+ years of experience crafting pixel-perfect interfaces using HTML5, Chart.js, Adobe XD.",synthetic
RES-0635,Data Scientist,2,Associate's,Ph.D. Computer Science,Pandas|Jupyter|Seaborn|R|Data Visualisation|Deep Learning|Natural Language Processing|Experiment Tracking|Looker|Bayesian Statistics|Power BI|AWS SageMaker,IBM Data Science Professional,Published research on Matplotlib applied to time-series forecasting.,"Data scientist with 2 years transforming raw data into actionable insights using Experiment Tracking, R, Pandas.",synthetic
RES-0437,Full-Stack Developer,3,Ph.D.,B.E. Software Engineering,HTML5|React|REST API|GraphQL|JavaScript|TypeScript|Git|Redis|Next.js|MongoDB|AWS|Linux|Scrum|pytest,AWS Certified Developer|Meta Front-End Developer,Built an internal tooling dashboard serving 39+ engineering teams.,"Full-stack developer with 3 years delivering end-to-end web applications using Next.js, Git, Redis.",synthetic
RES-0681,Data Scientist,1,Ph.D.,M.Sc. Data Science,Jupyter|Feature Engineering|Seaborn|Pandas|TensorFlow|Bayesian Statistics|Azure ML|Hypothesis Testing|MLflow|Spark,Databricks Certified Associate,"Automated ETL pipelines reducing manual data preparation by 24%. // Built a churn prediction model with 33% accuracy, saving 34k ARR.","Data scientist with 1 years transforming raw data into actionable insights using MLflow, Azure ML, Spark.",synthetic
RES-0698,Data Scientist,5,Bachelor's,M.Sc. Statistics,Statistics|Data Visualisation|Machine Learning|R|A/B Testing|Feature Engineering|PyTorch|Scikit-learn|Bayesian Statistics|Git|Airflow|Docker|Tableau|GCP Vertex AI,Google Professional Data Engineer|AWS Machine Learning Specialty,Automated ETL pipelines reducing manual data preparation by 43%.,"Data scientist with 5 years transforming raw data into actionable insights using Statistics, Docker, Bayesian Statistics.",synthetic
RES-0805,DevOps Engineer,6,Ph.D.,M.Sc. Cloud Computing,Bash|Terraform|Ansible|Prometheus|Site Reliability Engineering|GitHub Actions|CI/CD|Vault|HAProxy|Vagrant|Nginx|Capacity Planning|Loki,HashiCorp Terraform Associate,Improved system uptime to 99.66% SLA through improved monitoring and alerting. // Reduced deployment lead time from 9 days to 10 hours by redesigning CI/CD pipeline.,"DevOps engineer with 6 years automating infrastructure and improving deployment pipelines using Prometheus, CI/CD, Vault.",synthetic
RES-0799,DevOps Engineer,10,Bachelor's,B.Sc. Computer Science,Kubernetes|Prometheus|Bash|Azure|Helm|Python|Site Reliability Engineering|AWS|Ansible|Security Hardening|Capacity Planning|Flux|ArgoCD,,Improved system uptime to 99.63% SLA through improved monitoring and alerting. // Improved system uptime to 99.96% SLA through improved monitoring and alerting.,"Infrastructure engineer with 10 years designing cloud-native platforms with Python, Site Reliability Engineering, Helm.",synthetic
RES-0165,Backend Developer,2,Master's,M.Sc. Computer Science,Express.js|REST API|GCP|Redis|Elasticsearch|Python|C#|Ruby|Message Queues|Docker|API Design|Jenkins|JWT|RabbitMQ|Unit Testing,,"Optimised PostgreSQL query performance, cutting average response time by 44%. // Built a real-time notification service using Express.js and message queues. // Built a real-time notification service using MongoDB and message queues.","Backend engineer with 2 years of experience building scalable APIs and microservices using Docker, Unit Testing, C#.",synthetic
RES-0124,Backend Developer,11,Bootcamp/Certification,B.Tech Information Technology,Elasticsearch|Java|Spring Boot|Azure|gRPC|REST API|GCP|Kubernetes|Python|Celery|Linux|Nginx|API Design|GitHub Actions,AWS Certified Developer|Oracle Java SE,"Built a real-time notification service using Elasticsearch and message queues. // Optimised PostgreSQL query performance, cutting average response time by 20%. // Built a real-time notification service using Elasticsearch and message queues.","Experienced server-side developer specialising in Azure, Java, Spring Boot with 11 years of professional experience.",public_profile_anonymized
RES-0368,Frontend Developer,7,Bachelor's,B.Sc. Computer Science,Vite|Nuxt.js|Responsive Design|Webpack|Next.js|Node.js|SEO|Cypress|PWA|Web Animations|Performance Optimisation,Meta Front-End Developer|AWS Cloud Practitioner,Reduced bundle size by 19% through code splitting and lazy loading. // Developed a reusable component library with 43+ components used across 7 products. // Reduced bundle size by 51% through code splitting and lazy loading.,"Frontend developer with 7 years building responsive, accessible UIs with Webpack, Node.js, SEO.",synthetic
RES-0316,Frontend Developer,10,Master's,B.Sc. Computer Science,Angular|Vue.js|React|HTML5|TailwindCSS|Accessibility|Nuxt.js|REST API|Webpack|GraphQL|Redux|Web Animations|Figma|Chart.js|PWA,,"Reduced bundle size by 19% through code splitting and lazy loading. // Reduced bundle size by 53% through code splitting and lazy loading. // Rebuilt company dashboard in CSS3, improving load time by 39%.","Frontend developer with 10 years building responsive, accessible UIs with TailwindCSS, REST API, Chart.js.",synthetic
RES-0037,Backend Developer,12,Bootcamp/Certification,M.Sc. Computer Science,Java|Message Queues|Express.js|Elasticsearch|Rust|Microservices|Azure|Django|SQL|Redis|MongoDB|ORM|Bash|Linux|Terraform|Jenkins|OAuth2,,"Designed and maintained a high-throughput REST API serving 43k requests/day. // Optimised PostgreSQL query performance, cutting average response time by 21%. // Led migration of monolith to microservices, reducing deployment time by 19%.","Results-driven backend developer with 12+ years designing and maintaining distributed systems in ORM, Rust, SQL.",synthetic
RES-0292,Frontend Developer,10,Associate's,Diploma in Web Development,CSS3|Redux|Cross-browser Compatibility|Responsive Design|React|HTML5|GraphQL|REST API|Webpack|TypeScript|Nuxt.js|D3.js|Chart.js|Cypress|PWA|GitHub|SEO,Google UX Design,Reduced bundle size by 22% through code splitting and lazy loading. // Developed a reusable component library with 36+ components used across 8 products. // Implemented WCAG 2.1 AA accessibility standards across the entire application.,"Frontend developer with 10 years building responsive, accessible UIs with GitHub, Responsive Design, Nuxt.js.",kaggle_anonymized
RES-0322,Frontend Developer,6,Bootcamp/Certification,Diploma in Web Development,Vue.js|TailwindCSS|REST API|Responsive Design|JavaScript|React|Accessibility|Adobe XD|Chart.js,Meta Front-End Developer,Implemented WCAG 2.1 AA accessibility standards across the entire application.,"Frontend developer with 6 years building responsive, accessible UIs with Responsive Design, Accessibility, TailwindCSS.",kaggle_anonymized
RES-0742,DevOps Engineer,1,Master's,M.Sc. Cloud Computing,Azure|Terraform|Infrastructure as Code|Kubernetes|AWS|GitHub Actions|CI/CD|Ansible|Python|Linux|GitOps|Cost Optimisation,HashiCorp Terraform Associate|AWS DevOps Engineer Professional,Reduced deployment lead time from 49 days to 6 hours by redesigning CI/CD pipeline.,"Infrastructure engineer with 1 years designing cloud-native platforms with GitHub Actions, GitOps, Azure.",synthetic
RES-0871,Cloud Architect,11,Associate's,B.Sc. Computer Science,Terraform|AWS|Lambda|Docker|High Availability|Disaster Recovery|Cloud Security|CloudFormation|Bash,,"Designed a multi-region, active-active architecture with 99.87% availability SLA. // Architected serverless data pipeline processing 5M events/day. // Designed a multi-region, active-active architecture with 99.58% availability SLA.","Solutions architect with 11 years architecting multi-cloud environments with Terraform, AWS, CloudFormation.",kaggle_anonymized
RES-0562,Data Scientist,4,Ph.D.,B.Sc. Mathematics,Python|Statistics|Data Visualisation|R|Machine Learning|Power BI|Git,Databricks Certified Associate,Automated ETL pipelines reducing manual data preparation by 55%.,"Analytical data scientist with 4+ years of experience in Git, Python, Machine Learning and statistical modelling.",public_profile_anonymized
RES-0869,Cloud Architect,11,Bachelor's,B.Sc. Computer Science,Disaster Recovery|Lambda|High Availability|Terraform|VPC|Auto Scaling|Serverless|Ansible|GDPR,Google Professional Cloud Architect|Azure Solutions Architect Expert,"Designed a multi-region, active-active architecture with 99.71% availability SLA. // Designed a multi-region, active-active architecture with 99.68% availability SLA. // Led cloud migration of 27-service estate to AWS, cutting TCO by 44%.","Cloud architect with 11 years designing resilient, scalable cloud platforms on Lambda, Auto Scaling, Ansible.",synthetic
RES-0882,Cloud Architect,12,Ph.D.,M.Sc. Cloud Computing,Cloud Security|GCP|Serverless|High Availability|AWS|Load Balancing|Multi-cloud Strategy|Ansible|Python|Helm|GDPR,,"Led cloud migration of 10-service estate to AWS, cutting TCO by 43%. // Designed a multi-region, active-active architecture with 99.74% availability SLA.","Solutions architect with 12 years architecting multi-cloud environments with GDPR, Serverless, AWS.",synthetic
RES-0184,Backend Developer,4,Ph.D.,B.Tech Information Technology,Azure|Docker|Kubernetes|Ruby|Django|Node.js|SQL|Go|Rust|PostgreSQL|Elasticsearch|C#|Unit Testing|RabbitMQ|OAuth2,,"Built a real-time notification service using C# and message queues. // Led migration of monolith to microservices, reducing deployment time by 47%.","Results-driven backend developer with 4+ years designing and maintaining distributed systems in PostgreSQL, Node.js, SQL.",synthetic
RES-0247,Frontend Developer,7,Associate's,Diploma in Web Development,HTML5|Accessibility|Next.js|CSS3|REST API|TypeScript|JavaScript|React|Angular|TailwindCSS|Vue.js|Vite|Web Animations|Figma|CI/CD|Node.js|Performance Optimisation|GitHub,Meta Front-End Developer|AWS Cloud Practitioner,Reduced bundle size by 40% through code splitting and lazy loading. // Developed a reusable component library with 13+ components used across 8 products.,"Frontend developer with 7 years building responsive, accessible UIs with Web Animations, Accessibility, React.",synthetic
RES-0633,Data Scientist,4,Bootcamp/Certification,M.Sc. Data Science,Feature Engineering|PyTorch|NumPy|A/B Testing|Deep Learning|Jupyter|Matplotlib|Data Visualisation|Machine Learning|Statistics|SQL|Tableau|Docker|AWS SageMaker|Spark|Model Deployment,AWS Machine Learning Specialty,Developed a recommendation engine improving click-through rate by 20%.,"Machine learning practitioner with 4 years building predictive models with Docker, Jupyter, AWS SageMaker.",public_profile_anonymized
RES-0089,Backend Developer,7,Bachelor's,B.Tech Information Technology,Message Queues|gRPC|Spring Boot|Azure|ORM|Express.js|Linux|Jenkins,,"Built a real-time notification service using Azure and message queues. // Led migration of monolith to microservices, reducing deployment time by 30%.","Results-driven backend developer with 7+ years designing and maintaining distributed systems in Express.js, Jenkins, Linux.",synthetic
RES-0364,Frontend Developer,11,Ph.D.,B.A. Web Design,CSS3|JavaScript|TailwindCSS|Cross-browser Compatibility|Next.js|SASS|TypeScript|Web Animations|CI/CD|GitHub|Cypress,AWS Cloud Practitioner|Meta Front-End Developer,Developed a reusable component library with 14+ components used across 8 products. // Reduced bundle size by 32% through code splitting and lazy loading.,"Creative UI engineer with 11+ years of experience crafting pixel-perfect interfaces using TailwindCSS, Next.js, SASS.",synthetic
RES-0523,Full-Stack Developer,10,Associate's,B.E. Software Engineering,React|CSS3|Redis|Express.js|JavaScript|TailwindCSS|Docker|REST API|Next.js|GraphQL|FastAPI|Node.js|Kubernetes|Nginx|WebSockets|Microservices,Meta Front-End Developer,Shipped end-to-end feature that increased user retention by 59%.,"Full-stack developer with 10 years delivering end-to-end web applications using Nginx, WebSockets, Node.js.",synthetic
RES-0708,DevOps Engineer,5,Ph.D.,B.Sc. Computer Science,GCP|Prometheus|Python|Infrastructure as Code|GitHub Actions|Bash|Ansible|Monitoring|Helm|Service Mesh|Nginx|ArgoCD|GitOps|Cost Optimisation|OpenTelemetry,AWS DevOps Engineer Professional|Google Professional DevOps Engineer,Containerised 40 legacy services with Docker and orchestrated with Kubernetes. // Reduced deployment lead time from 27 days to 2 hours by redesigning CI/CD pipeline.,"DevOps engineer with 5 years automating infrastructure and improving deployment pipelines using GCP, Cost Optimisation, GitHub Actions.",synthetic
RES-0534,Full-Stack Developer,6,Associate's,B.Tech Computer Engineering,Python|Node.js|CI/CD|Express.js|HTML5|AWS|FastAPI|React|REST API|Next.js|MongoDB|Linux|Agile|Elasticsearch|Kubernetes|Terraform|WebSockets,Meta Front-End Developer,Integrated third-party payment gateway handling 32k transactions/month.,"Full-stack engineer with 6+ years building and shipping products with FastAPI, Next.js, HTML5.",public_profile_anonymized
RES-0976,Mobile Developer,7,Bootcamp/Certification,B.E. Software Engineering,Kotlin|Swift|Xcode|Dart|Push Notifications|GraphQL|Play Store Deployment|Android Studio|Android|REST API|Java|React Native|Unit Testing|MobX|Offline Support,,Achieved 47% reduction in app cold-start time through performance profiling. // Reduced app crash rate from 6% to 1.1% through systematic debugging.,"Mobile engineer with 7 years crafting performant iOS and Android experiences with Android Studio, Push Notifications, Offline Support.",public_profile_anonymized
RES-0154,Backend Developer,12,Associate's,M.Sc. Computer Science,FastAPI|Java|Django|Azure|GraphQL|Express.js|Kubernetes|Redis|Apache Kafka|Unit Testing,Oracle Java SE,Built a real-time notification service using SQL and message queues.,"Experienced server-side developer specialising in Unit Testing, Django, Redis with 12 years of professional experience.",synthetic
RES-0046,Backend Developer,4,Associate's,B.E. Software Engineering,SQL|Message Queues|PostgreSQL|Ruby|NestJS|Kubernetes|Redis|gRPC|GCP|JWT|GitHub Actions|Linux|API Design,,"Led migration of monolith to microservices, reducing deployment time by 56%. // Designed and maintained a high-throughput REST API serving 20k requests/day. // Optimised PostgreSQL query performance, cutting average response time by 43%.","Results-driven backend developer with 4+ years designing and maintaining distributed systems in Kubernetes, Ruby, Redis.",synthetic
RES-0204,Frontend Developer,9,Bootcamp/Certification,Diploma in Web Development,HTML5|Webpack|GraphQL|TypeScript|Next.js|Redux|CSS3|TailwindCSS|Vue.js|SEO|GitHub|Chart.js|CI/CD|Web Animations|PWA,AWS Cloud Practitioner,"Rebuilt company dashboard in Redux, improving load time by 46%.","Creative UI engineer with 9+ years of experience crafting pixel-perfect interfaces using Redux, HTML5, Web Animations.",public_profile_anonymized
RES-0006,Backend Developer,9,Ph.D.,M.Sc. Computer Science,Django|MySQL|Elasticsearch|GraphQL|Ruby|MongoDB|AWS|pytest|Terraform|GitHub Actions,Oracle Java SE|AWS Certified Developer,"Led migration of monolith to microservices, reducing deployment time by 16%.","Backend engineer with 9 years of experience building scalable APIs and microservices using Django, GraphQL, MySQL.",synthetic
RES-0827,Cloud Architect,1,Master's,M.Sc. Computer Science,Lambda|VPC|High Availability|Cloud Security|Multi-cloud Strategy|Vault|Bash,TOGAF 9|AWS Solutions Architect Professional,"Established cloud governance framework adopted across 22 business units. // Led cloud migration of 27-service estate to AWS, cutting TCO by 53%. // Architected serverless data pipeline processing 25M events/day.","Solutions architect with 1 years architecting multi-cloud environments with Multi-cloud Strategy, Cloud Security, Bash.",synthetic
RES-0636,Data Scientist,10,Ph.D.,M.Sc. Statistics,A/B Testing|TensorFlow|SQL|Matplotlib|Machine Learning|Statistics|Python|Tableau|GCP Vertex AI|Hadoop,IBM Data Science Professional,Automated ETL pipelines reducing manual data preparation by 28%.,"Analytical data scientist with 10+ years of experience in Matplotlib, A/B Testing, Tableau and statistical modelling.",kaggle_anonymized
RES-0244,Frontend Developer,5,Master's,Diploma in Web Development,Next.js|Cross-browser Compatibility|Redux|Zustand|Vite|Web Animations|SEO|Jest|GitHub|D3.js|CI/CD,,Developed a reusable component library with 32+ components used across 5 products.,"Creative UI engineer with 5+ years of experience crafting pixel-perfect interfaces using Cross-browser Compatibility, Web Animations, Zustand.",kaggle_anonymized
RES-0296,Frontend Developer,7,Associate's,Diploma in Web Development,Webpack|React|GraphQL|Angular|Cross-browser Compatibility|Nuxt.js|Figma|SEO,AWS Cloud Practitioner,"Developed a reusable component library with 13+ components used across 6 products. // Rebuilt company dashboard in Vite, improving load time by 45%.","Passionate frontend engineer with 7 years of hands-on experience in Cross-browser Compatibility, Webpack, React.",public_profile_anonymized
RES-0601,Data Scientist,1,Master's,M.Sc. Data Science,Seaborn|NumPy|A/B Testing|R|Deep Learning|Git|Tableau,,Published research on Natural Language Processing applied to time-series forecasting.,"Data scientist with 1 years transforming raw data into actionable insights using NumPy, Seaborn, Git.",synthetic
RES-0056,Backend Developer,1,Bachelor's,B.E. Software Engineering,NestJS|MongoDB|Spring Boot|Java|REST API|MySQL|gRPC|Microservices|OAuth2|Bash|Unit Testing|API Design,,Built a real-time notification service using MySQL and message queues. // Designed and maintained a high-throughput REST API serving 4k requests/day.,"Backend engineer with 1 years of experience building scalable APIs and microservices using Bash, OAuth2, Spring Boot.",synthetic
RES-0291,Frontend Developer,12,Ph.D.,B.Sc. Computer Science,Redux|Accessibility|Zustand|React|CSS3|Vue.js|Cross-browser Compatibility|Nuxt.js|Next.js|GraphQL|Angular|SEO|D3.js|PWA|Web Animations,,Developed a reusable component library with 33+ components used across 7 products. // Reduced bundle size by 55% through code splitting and lazy loading.,"Creative UI engineer with 12+ years of experience crafting pixel-perfect interfaces using SEO, Next.js, D3.js.",synthetic
RES-0770,DevOps Engineer,6,Ph.D.,B.E. Information Technology,AWS|Site Reliability Engineering|Kubernetes|Infrastructure as Code|Ansible|Azure|GCP|Linux|Bash|GitOps|ELK Stack|Vagrant|Istio|Nginx,,Containerised 7 legacy services with Docker and orchestrated with Kubernetes. // Reduced deployment lead time from 41 days to 5 hours by redesigning CI/CD pipeline. // Improved system uptime to 99.86% SLA through improved monitoring and alerting.,"Reliability-focused DevOps professional with 6+ years of experience in Infrastructure as Code, Nginx, Ansible.",public_profile_anonymized
RES-0085,Backend Developer,4,Bachelor's,B.E. Software Engineering,Azure|AWS|Python|Kubernetes|Spring Boot|Ruby|MySQL|Elasticsearch|Microservices|pytest|GitHub Actions|Terraform,Oracle Java SE,"Led migration of monolith to microservices, reducing deployment time by 48%.","Experienced server-side developer specialising in pytest, MySQL, Ruby with 4 years of professional experience.",public_profile_anonymized
RES-0843,Cloud Architect,8,Master's,M.Sc. Computer Science,AWS|Cloud Security|Terraform|Lambda|Disaster Recovery|Kubernetes|Auto Scaling|VPC|IAM|Helm|CDK|Python|Vault|ArgoCD,Azure Solutions Architect Expert|AWS Solutions Architect Professional,Architected serverless data pipeline processing 21M events/day.,"Senior cloud architect with 8+ years leading enterprise-scale cloud migrations using Lambda, Cloud Security, Python.",public_profile_anonymized
RES-0920,Cloud Architect,9,Master's,M.Sc. Computer Science,Azure|AWS|IAM|Cost Optimisation|Disaster Recovery|Terraform|Docker|Kubernetes|Multi-cloud Strategy|VPC|Auto Scaling|Lambda|Vault|ArgoCD,Azure Solutions Architect Expert,"Established cloud governance framework adopted across 31 business units. // Led cloud migration of 13-service estate to AWS, cutting TCO by 22%.","Solutions architect with 9 years architecting multi-cloud environments with Terraform, ArgoCD, Multi-cloud Strategy.",kaggle_anonymized
RES-0902,Cloud Architect,2,Bootcamp/Certification,M.B.A. Technology Management,Multi-cloud Strategy|Lambda|Serverless|Auto Scaling|Cost Optimisation|Kubernetes|CDK|Ansible,Azure Solutions Architect Expert|AWS Solutions Architect Professional,Architected serverless data pipeline processing 31M events/day. // Established cloud governance framework adopted across 47 business units. // Architected serverless data pipeline processing 29M events/day.,"Solutions architect with 2 years architecting multi-cloud environments with Kubernetes, CDK, Auto Scaling.",synthetic
RES-0717,DevOps Engineer,6,Bachelor's,B.Tech Computer Engineering,Linux|Prometheus|Site Reliability Engineering|Jenkins|Grafana|Bash|Docker|CI/CD|Helm|Terraform|ArgoCD|GitOps|Nginx|Loki|Security Hardening|HAProxy,CKA (Kubernetes),Containerised 2 legacy services with Docker and orchestrated with Kubernetes. // Achieved 32% cost reduction by right-sizing cloud infrastructure on Bash. // Improved system uptime to 99.7% SLA through improved monitoring and alerting.,"DevOps engineer with 6 years automating infrastructure and improving deployment pipelines using Terraform, HAProxy, Helm.",synthetic
RES-0712,DevOps Engineer,11,Ph.D.,B.Tech Computer Engineering,AWS|Bash|Terraform|Python|CI/CD|Helm|Site Reliability Engineering|Infrastructure as Code|Grafana|Linux|GitHub Actions|Nginx|Istio|ArgoCD|Cost Optimisation|HAProxy,AWS DevOps Engineer Professional,Containerised 39 legacy services with Docker and orchestrated with Kubernetes. // Containerised 26 legacy services with Docker and orchestrated with Kubernetes. // Reduced deployment lead time from 25 days to 3 hours by redesigning CI/CD pipeline.,"Reliability-focused DevOps professional with 11+ years of experience in Istio, Python, Helm.",synthetic
RES-0932,Mobile Developer,7,Ph.D.,B.E. Software Engineering,iOS|App Store Deployment|Play Store Deployment|Android|REST API|Accessibility|Unit Testing|Detox|Fastlane|In-App Purchases|MobX,,"Reduced app crash rate from 5% to 0.9% through systematic debugging. // Achieved 57% reduction in app cold-start time through performance profiling. // Integrated offline-first architecture, improving UX in low-connectivity regions.","Mobile developer with 7 years building cross-platform and native apps using REST API, MobX, Accessibility.",synthetic
RES-0040,Backend Developer,6,Master's,B.E. Software Engineering,Go|Spring Boot|Kubernetes|ORM|Redis|PostgreSQL|MySQL|SQL|Microservices|Node.js|FastAPI|Bash|RabbitMQ|OAuth2|Nginx|Terraform,Oracle Java SE,Designed and maintained a high-throughput REST API serving 2k requests/day. // Built a real-time notification service using Microservices and message queues.,"Experienced server-side developer specialising in OAuth2, Node.js, MySQL with 6 years of professional experience.",kaggle_anonymized
RES-0780,DevOps Engineer,6,Associate's,B.Sc. Computer Science,Linux|Azure|GitHub Actions|AWS|Monitoring|Ansible|Grafana|Terraform|GCP|Bash|Docker|Flux|OpenTelemetry,AWS DevOps Engineer Professional|Google Professional DevOps Engineer,Achieved 41% cost reduction by right-sizing cloud infrastructure on Grafana.,"Infrastructure engineer with 6 years designing cloud-native platforms with Bash, Flux, Grafana.",synthetic
RES-0052,Backend Developer,9,Bachelor's,B.Tech Information Technology,Message Queues|Spring Boot|C#|AWS|SQL|Azure|Docker|ORM|NestJS|Nginx|Apache Kafka|API Design|Celery|JWT|Jenkins,MongoDB Associate|Oracle Java SE,"Led migration of monolith to microservices, reducing deployment time by 19%. // Optimised PostgreSQL query performance, cutting average response time by 23%.","Results-driven backend developer with 9+ years designing and maintaining distributed systems in Azure, C#, Celery.",public_profile_anonymized
RES-0463,Full-Stack Developer,1,Ph.D.,B.Tech Computer Engineering,Express.js|TypeScript|GraphQL|CSS3|Git|JavaScript|Node.js|CI/CD|Terraform|Redis|Kubernetes|Linux,,Built an internal tooling dashboard serving 50+ engineering teams. // Built an internal tooling dashboard serving 36+ engineering teams.,"Full-stack engineer with 1+ years building and shipping products with TypeScript, CI/CD, Node.js.",synthetic
RES-0267,Frontend Developer,5,Ph.D.,B.A. Web Design,Responsive Design|JavaScript|Cross-browser Compatibility|GraphQL|Angular|HTML5|Node.js|Chart.js,,"Rebuilt company dashboard in JavaScript, improving load time by 29%. // Developed a reusable component library with 35+ components used across 6 products.","Creative UI engineer with 5+ years of experience crafting pixel-perfect interfaces using Angular, Chart.js, Responsive Design.",synthetic
RES-0074,Backend Developer,6,Associate's,B.E. Software Engineering,ORM|Message Queues|Docker|Elasticsearch|Rust|Spring Boot|Express.js|SQL|Ruby|PostgreSQL|AWS|GitHub Actions|CI/CD|Terraform,Oracle Java SE,"Optimised PostgreSQL query performance, cutting average response time by 51%. // Designed and maintained a high-throughput REST API serving 48k requests/day.","Backend engineer with 6 years of experience building scalable APIs and microservices using Terraform, CI/CD, Express.js.",kaggle_anonymized
RES-0983,Mobile Developer,12,Ph.D.,B.Sc. Computer Science,Android|Xcode|App Store Deployment|Swift|Firebase|Flutter|Push Notifications|REST API|Android Studio|iOS|SQLite|Bluetooth|UI Testing,Google Associate Android Developer,Reduced app crash rate from 8% to 0.7% through systematic debugging.,"Mobile engineer with 12 years crafting performant iOS and Android experiences with Xcode, Firebase, App Store Deployment.",kaggle_anonymized
RES-0881,Cloud Architect,6,Associate's,M.Sc. Cloud Computing,Cost Optimisation|VPC|GCP|Terraform|Kubernetes|AWS|High Availability|Disaster Recovery|Azure|Pulumi|GDPR|Helm|Compliance|CloudFormation|Vault,TOGAF 9|Google Professional Cloud Architect,"Led cloud migration of 46-service estate to AWS, cutting TCO by 31%. // Led cloud migration of 11-service estate to AWS, cutting TCO by 48%. // Architected serverless data pipeline processing 48M events/day.","Senior cloud architect with 6+ years leading enterprise-scale cloud migrations using Azure, Compliance, High Availability.",synthetic
RES-0930,Mobile Developer,4,Bootcamp/Certification,Diploma in Mobile App Development,Dart|App Store Deployment|Xcode|Push Notifications|Android Studio|REST API|Unit Testing|Bluetooth|UI Testing|In-App Purchases|Fastlane|Performance Profiling,,Reduced app crash rate from 7% to 1.2% through systematic debugging. // Reduced app crash rate from 7% to 0.8% through systematic debugging.,"Mobile developer with 4 years building cross-platform and native apps using Unit Testing, Push Notifications, Android Studio.",public_profile_anonymized
RES-0605,Data Scientist,8,Master's,Ph.D. Computer Science,Statistics|Machine Learning|Matplotlib|A/B Testing|Python|Natural Language Processing|NumPy|PyTorch|TensorFlow|Model Deployment|Azure ML|Docker,,"Automated ETL pipelines reducing manual data preparation by 32%. // Built a churn prediction model with 41% accuracy, saving 16k ARR.","Data scientist with 8 years transforming raw data into actionable insights using Machine Learning, Matplotlib, A/B Testing.",kaggle_anonymized
RES-0327,Frontend Developer,5,Ph.D.,B.Sc. Computer Science,Nuxt.js|TailwindCSS|Redux|Accessibility|REST API|HTML5|Responsive Design|Vue.js|GitHub|PWA|Git,AWS Cloud Practitioner,"Rebuilt company dashboard in Accessibility, improving load time by 53%. // Developed a reusable component library with 36+ components used across 5 products. // Implemented WCAG 2.1 AA accessibility standards across the entire application.","Passionate frontend engineer with 5 years of hands-on experience in Vue.js, Accessibility, Redux.",kaggle_anonymized
RES-0459,Full-Stack Developer,2,Bachelor's,B.Sc. Computer Science,FastAPI|PostgreSQL|Docker|REST API|React|HTML5|Next.js|Git|Express.js|CSS3|Agile|WebSockets,AWS Certified Developer,Delivered a full-stack SaaS platform from design to production in 7 months. // Delivered a full-stack SaaS platform from design to production in 42 months. // Built an internal tooling dashboard serving 50+ engineering teams.,"Full-stack engineer with 2+ years building and shipping products with CSS3, Express.js, Git.",synthetic
RES-0613,Data Scientist,5,Ph.D.,Ph.D. Computer Science,Seaborn|Machine Learning|Pandas|PyTorch|Python|SQL|Deep Learning|Natural Language Processing|Matplotlib|A/B Testing|NumPy|TensorFlow|Airflow|Hypothesis Testing|Azure ML|AWS SageMaker|Docker|GCP Vertex AI,,"Built a churn prediction model with 39% accuracy, saving 21k ARR. // Automated ETL pipelines reducing manual data preparation by 31%.","Analytical data scientist with 5+ years of experience in SQL, Seaborn, Airflow and statistical modelling.",synthetic
RES-0439,Full-Stack Developer,5,Bootcamp/Certification,B.Sc. Computer Science,Git|CSS3|Python|AWS|TypeScript|Node.js|Redis|CI/CD|HTML5|JWT|WebSockets|OAuth2,Google Associate Cloud Engineer,Built an internal tooling dashboard serving 4+ engineering teams.,"Versatile engineer comfortable across the stack with 5 years of experience in HTML5, TypeScript, WebSockets.",kaggle_anonymized
RES-0245,Frontend Developer,12,Associate's,B.Tech Information Technology,CSS3|REST API|Accessibility|React|Redux|Angular|Next.js|Responsive Design|TypeScript|Vite|TailwindCSS|Node.js|Figma|Git|Web Animations,AWS Cloud Practitioner,"Rebuilt company dashboard in Cross-browser Compatibility, improving load time by 36%.","Passionate frontend engineer with 12 years of hands-on experience in Git, Next.js, Web Animations.",synthetic
RES-0090,Backend Developer,6,Associate's,M.Sc. Computer Science,Azure|Kubernetes|REST API|Microservices|GCP|Apache Kafka|Nginx|Linux|OAuth2,,Built a real-time notification service using gRPC and message queues.,"Results-driven backend developer with 6+ years designing and maintaining distributed systems in Kubernetes, OAuth2, GCP.",synthetic
RES-0456,Full-Stack Developer,3,Ph.D.,B.Tech Computer Engineering,FastAPI|Node.js|Git|Redis|TypeScript|React|CI/CD|GraphQL|Next.js|Nginx|JWT|WebSockets,,Delivered a full-stack SaaS platform from design to production in 12 months. // Shipped end-to-end feature that increased user retention by 25%. // Integrated third-party payment gateway handling 46k transactions/month.,"Full-stack engineer with 3+ years building and shipping products with Nginx, React, GraphQL.",synthetic
RES-0337,Frontend Developer,8,Ph.D.,B.A. Web Design,Accessibility|React|Zustand|TailwindCSS|REST API|HTML5|Vite|Next.js|SEO|Adobe XD,Meta Front-End Developer|AWS Cloud Practitioner,"Developed a reusable component library with 15+ components used across 9 products. // Developed a reusable component library with 5+ components used across 9 products. // Rebuilt company dashboard in Webpack, improving load time by 15%.","Passionate frontend engineer with 8 years of hands-on experience in Next.js, HTML5, TailwindCSS.",synthetic
RES-0971,Mobile Developer,10,Ph.D.,B.Sc. Computer Science,REST API|Flutter|Android|Xcode|App Store Deployment|Objective-C|Kotlin|Firebase|Android Studio|React Native|Dart|Push Notifications|CI/CD|Analytics,AWS Mobile Developer,Reduced app crash rate from 7% to 0.4% through systematic debugging. // Achieved 53% reduction in app cold-start time through performance profiling. // Achieved 37% reduction in app cold-start time through performance profiling.,"Experienced app engineer with 10+ years shipping production mobile apps in Firebase, REST API, Dart.",kaggle_anonymized
RES-0015,Backend Developer,8,Bachelor's,M.Sc. Computer Science,Message Queues|Docker|Redis|Ruby|AWS|Azure|REST API|PostgreSQL|GCP|FastAPI|Rust|API Design|JWT,,"Optimised PostgreSQL query performance, cutting average response time by 30%.","Results-driven backend developer with 8+ years designing and maintaining distributed systems in GCP, FastAPI, Azure.",kaggle_anonymized
RES-0403,Full-Stack Developer,8,Associate's,M.Sc. Software Engineering,REST API|Next.js|FastAPI|TailwindCSS|CSS3|Python|HTML5|GraphQL|MongoDB|CI/CD|React|Express.js|Linux|Agile|JWT|Jest,,Integrated third-party payment gateway handling 11k transactions/month. // Built an internal tooling dashboard serving 14+ engineering teams.,"Versatile engineer comfortable across the stack with 8 years of experience in GraphQL, TailwindCSS, Jest.",public_profile_anonymized
RES-0621,Data Scientist,11,Bootcamp/Certification,B.Sc. Mathematics,Scikit-learn|PyTorch|Machine Learning|R|Python|Pandas|Matplotlib|Seaborn|Statistics|A/B Testing|dbt|Azure ML|Looker|Bayesian Statistics|Model Deployment,,Published research on Deep Learning applied to time-series forecasting. // Developed a recommendation engine improving click-through rate by 43%.,"Machine learning practitioner with 11 years building predictive models with Pandas, Looker, A/B Testing.",kaggle_anonymized
RES-0769,DevOps Engineer,7,Bootcamp/Certification,B.Sc. Computer Science,GitHub Actions|Python|CI/CD|Docker|Jenkins|Bash|Nginx|Service Mesh|Vault|Jaeger|ELK Stack|Cost Optimisation,,Reduced deployment lead time from 22 days to 6 hours by redesigning CI/CD pipeline. // Reduced deployment lead time from 34 days to 4 hours by redesigning CI/CD pipeline.,"DevOps engineer with 7 years automating infrastructure and improving deployment pipelines using ELK Stack, Docker, Bash.",kaggle_anonymized
RES-0385,Full-Stack Developer,6,Ph.D.,M.Sc. Software Engineering,JavaScript|Next.js|CI/CD|Express.js|TailwindCSS|GraphQL|Jest|Agile|Nginx|Scrum|Terraform,,Shipped end-to-end feature that increased user retention by 20%. // Delivered a full-stack SaaS platform from design to production in 23 months. // Delivered a full-stack SaaS platform from design to production in 45 months.,"Full-stack developer with 6 years delivering end-to-end web applications using GraphQL, Jest, TailwindCSS.",synthetic
RES-0540,Full-Stack Developer,6,Master's,B.E. Software Engineering,React|TypeScript|Git|CI/CD|Node.js|REST API|JavaScript|TailwindCSS|Scrum|OAuth2|Agile|Jest,,Shipped end-to-end feature that increased user retention by 23%. // Delivered a full-stack SaaS platform from design to production in 50 months. // Built an internal tooling dashboard serving 27+ engineering teams.,"Full-stack developer with 6 years delivering end-to-end web applications using TailwindCSS, Jest, Agile.",synthetic
RES-0010,Backend Developer,3,Master's,B.Tech Information Technology,Message Queues|Java|FastAPI|NestJS|Spring Boot|C#|gRPC|MongoDB|Azure|Elasticsearch|RabbitMQ|Unit Testing|Linux|Terraform|OAuth2|Apache Kafka,,"Led migration of monolith to microservices, reducing deployment time by 53%.","Experienced server-side developer specialising in Apache Kafka, Spring Boot, Terraform with 3 years of professional experience.",synthetic
RES-0563,Data Scientist,4,Bachelor's,M.Sc. Statistics,TensorFlow|Data Visualisation|PyTorch|Deep Learning|Statistics|Feature Engineering|Model Deployment|Bayesian Statistics|GCP Vertex AI|Hadoop,IBM Data Science Professional|Google Professional Data Engineer,Automated ETL pipelines reducing manual data preparation by 41%.,"Data scientist with 4 years transforming raw data into actionable insights using Deep Learning, Statistics, Bayesian Statistics.",synthetic
RES-0525,Full-Stack Developer,7,Ph.D.,M.Sc. Software Engineering,PostgreSQL|Git|TypeScript|HTML5|REST API|Docker|AWS|Node.js|Redis|WebSockets|OAuth2,AWS Certified Developer,Built an internal tooling dashboard serving 45+ engineering teams.,"Full-stack engineer with 7+ years building and shipping products with TypeScript, PostgreSQL, OAuth2.",synthetic
RES-0341,Frontend Developer,3,Bootcamp/Certification,B.Sc. Computer Science,Webpack|React|Nuxt.js|Angular|Vue.js|Vite|SASS|Git|SEO|GitHub|Node.js|Adobe XD,,"Reduced bundle size by 60% through code splitting and lazy loading. // Rebuilt company dashboard in GraphQL, improving load time by 25%. // Reduced bundle size by 58% through code splitting and lazy loading.","Frontend developer with 3 years building responsive, accessible UIs with Webpack, Vite, Git.",synthetic
RES-0891,Cloud Architect,12,Bachelor's,B.Sc. Computer Science,Kubernetes|Auto Scaling|Azure|Serverless|AWS|Cloud Security|Load Balancing|IAM|VPC|Cost Optimisation|SOC 2|Zero-Trust Security,Google Professional Cloud Architect|AWS Solutions Architect Professional,"Established cloud governance framework adopted across 33 business units. // Led cloud migration of 44-service estate to AWS, cutting TCO by 45%.","Senior cloud architect with 12+ years leading enterprise-scale cloud migrations using Serverless, Kubernetes, VPC.",public_profile_anonymized
RES-0193,Backend Developer,12,Associate's,B.E. Software Engineering,GCP|PostgreSQL|Node.js|Rust|Kubernetes|MongoDB|Terraform|RabbitMQ,Oracle Java SE,Built a real-time notification service using Django and message queues.,"Backend engineer with 12 years of experience building scalable APIs and microservices using GCP, RabbitMQ, Kubernetes.",kaggle_anonymized
RES-0849,Cloud Architect,12,Bachelor's,B.Sc. Computer Science,Serverless|Kubernetes|Docker|Cost Optimisation|Azure|VPC|Load Balancing|AWS|Lambda|Auto Scaling|Disaster Recovery|SOC 2|ArgoCD|Helm,,"Led cloud migration of 7-service estate to AWS, cutting TCO by 42%. // Designed a multi-region, active-active architecture with 99.75% availability SLA. // Led cloud migration of 16-service estate to AWS, cutting TCO by 18%.","Solutions architect with 12 years architecting multi-cloud environments with Helm, Azure, Disaster Recovery.",kaggle_anonymized
RES-0242,Frontend Developer,8,Associate's,Diploma in Web Development,HTML5|Vite|Zustand|Accessibility|Redux|TailwindCSS|GitHub|Storybook|Node.js|PWA|Web Animations|CI/CD,Google UX Design,Reduced bundle size by 28% through code splitting and lazy loading. // Reduced bundle size by 42% through code splitting and lazy loading. // Implemented WCAG 2.1 AA accessibility standards across the entire application.,"Passionate frontend engineer with 8 years of hands-on experience in HTML5, Storybook, Node.js.",public_profile_anonymized
RES-0936,Mobile Developer,5,Associate's,B.Sc. Computer Science,Dart|Play Store Deployment|Firebase|React Native|iOS|REST API|Android|Xcode|XCTest|CI/CD|Crashlytics|Redux|In-App Purchases,AWS Mobile Developer,"Reduced app crash rate from 5% to 1.0% through systematic debugging. // Integrated offline-first architecture, improving UX in low-connectivity regions.","Experienced app engineer with 5+ years shipping production mobile apps in Play Store Deployment, Firebase, iOS.",synthetic
RES-0696,Data Scientist,8,Ph.D.,M.Sc. Data Science,Machine Learning|SQL|Statistics|Feature Engineering|Natural Language Processing|Matplotlib|NumPy|R|Jupyter|PyTorch|Python|TensorFlow|Power BI|Looker|Model Deployment,IBM Data Science Professional,Automated ETL pipelines reducing manual data preparation by 23%. // Developed a recommendation engine improving click-through rate by 39%.,"Machine learning practitioner with 8 years building predictive models with Model Deployment, Python, NumPy.",public_profile_anonymized
RES-0122,Backend Developer,11,Bootcamp/Certification,B.Tech Information Technology,gRPC|FastAPI|Docker|Elasticsearch|SQL|Microservices|Node.js|Kubernetes|Express.js|REST API|GitHub Actions|Terraform,,Built a real-time notification service using Ruby and message queues. // Built a real-time notification service using MongoDB and message queues. // Designed and maintained a high-throughput REST API serving 42k requests/day.,"Experienced server-side developer specialising in FastAPI, Elasticsearch, Express.js with 11 years of professional experience.",kaggle_anonymized
RES-0950,Mobile Developer,2,Master's,B.Tech Mobile Computing,Android|Dart|Firebase|Android Studio|React Native|Swift|Xcode|Push Notifications|App Store Deployment|Java|MobX|Fastlane|XCTest,Apple App Development with Swift,"Shipped iOS and Android apps with 17k+ downloads in first month. // Integrated offline-first architecture, improving UX in low-connectivity regions.","Mobile developer with 2 years building cross-platform and native apps using MobX, Java, Swift.",synthetic
RES-0828,Cloud Architect,5,Bootcamp/Certification,B.Sc. Computer Science,Multi-cloud Strategy|Docker|Serverless|Auto Scaling|Disaster Recovery|Azure|IAM|Cloud Security|Load Balancing|Terraform|Enterprise Architecture|Pulumi|CDK|GDPR,,"Led cloud migration of 32-service estate to AWS, cutting TCO by 32%.","Cloud architect with 5 years designing resilient, scalable cloud platforms on Serverless, Auto Scaling, IAM.",synthetic
RES-0917,Cloud Architect,11,Ph.D.,M.Sc. Cloud Computing,Auto Scaling|Serverless|Load Balancing|Disaster Recovery|Cloud Security|Terraform|Azure|Pulumi|Vault|Enterprise Architecture,AWS Solutions Architect Professional|Google Professional Cloud Architect,Architected serverless data pipeline processing 2M events/day. // Architected serverless data pipeline processing 27M events/day. // Established cloud governance framework adopted across 21 business units.,"Solutions architect with 11 years architecting multi-cloud environments with Terraform, Enterprise Architecture, Cloud Security.",synthetic
RES-0483,Full-Stack Developer,12,Ph.D.,M.Sc. Software Engineering,GraphQL|Git|React|HTML5|Docker|MongoDB|Express.js|CSS3|PostgreSQL|TailwindCSS|AWS|WebSockets|Redis|Scrum|JWT,,Integrated third-party payment gateway handling 21k transactions/month.,"Versatile engineer comfortable across the stack with 12 years of experience in TailwindCSS, CSS3, React.",synthetic
RES-0036,Backend Developer,5,Ph.D.,B.Sc. Computer Science,Rust|GCP|GraphQL|MySQL|Go|Jenkins|API Design,MongoDB Associate,Designed and maintained a high-throughput REST API serving 48k requests/day.,"Experienced server-side developer specialising in MySQL, Jenkins, Rust with 5 years of professional experience.",kaggle_anonymized
RES-0536,Full-Stack Developer,5,Bootcamp/Certification,B.Tech Computer Engineering,JavaScript|Python|React|Node.js|CSS3|REST API|MongoDB|FastAPI|TailwindCSS|PostgreSQL|Kubernetes|JWT|WebSockets,Meta Front-End Developer|AWS Certified Developer,Integrated third-party payment gateway handling 9k transactions/month.,"Full-stack developer with 5 years delivering end-to-end web applications using CSS3, Kubernetes, REST API.",kaggle_anonymized
RES-0662,Data Scientist,7,Ph.D.,Ph.D. Computer Science,Natural Language Processing|A/B Testing|Python|Feature Engineering|Statistics|Looker|Spark,Google Professional Data Engineer,"Automated ETL pipelines reducing manual data preparation by 53%. // Built a churn prediction model with 52% accuracy, saving 45k ARR. // Developed a recommendation engine improving click-through rate by 49%.","Machine learning practitioner with 7 years building predictive models with Feature Engineering, Statistics, Looker.",synthetic
RES-0674,Data Scientist,1,Master's,M.Sc. Data Science,SQL|A/B Testing|Machine Learning|Pandas|Matplotlib|Statistics|Data Visualisation|Seaborn|Natural Language Processing|NumPy|Python|Deep Learning|Docker|AWS SageMaker|GCP Vertex AI|dbt,,Published research on Matplotlib applied to time-series forecasting.,"Machine learning practitioner with 1 years building predictive models with Matplotlib, GCP Vertex AI, Machine Learning.",kaggle_anonymized
RES-0979,Mobile Developer,7,Associate's,B.Tech Mobile Computing,Java|Dart|Kotlin|Xcode|Flutter|App Store Deployment|Play Store Deployment|Accessibility|Fastlane|In-App Purchases|XCTest|Bluetooth,,"Integrated offline-first architecture, improving UX in low-connectivity regions. // Achieved 37% reduction in app cold-start time through performance profiling. // Shipped iOS and Android apps with 35k+ downloads in first month.","Mobile developer with 7 years building cross-platform and native apps using Kotlin, XCTest, In-App Purchases.",synthetic
RES-0382,Full-Stack Developer,11,Bootcamp/Certification,B.E. Software Engineering,Docker|TypeScript|REST API|GraphQL|Next.js|Python|MongoDB|Node.js|CSS3|CI/CD|AWS|Terraform|Nginx|pytest|Redis|Kubernetes|WebSockets,Meta Front-End Developer|AWS Certified Developer,Integrated third-party payment gateway handling 46k transactions/month. // Delivered a full-stack SaaS platform from design to production in 20 months.,"Full-stack engineer with 11+ years building and shipping products with MongoDB, pytest, REST API.",public_profile_anonymized
RES-0081,Backend Developer,10,Associate's,B.Sc. Computer Science,Express.js|AWS|Spring Boot|ORM|Redis|Django|MySQL|Celery|JWT,MongoDB Associate,"Led migration of monolith to microservices, reducing deployment time by 60%.","Experienced server-side developer specialising in Celery, Spring Boot, Redis with 10 years of professional experience.",synthetic
RES-0246,Frontend Developer,7,Bootcamp/Certification,B.A. Web Design,Responsive Design|Zustand|CSS3|Webpack|JavaScript|HTML5|GitHub|SEO|Adobe XD|Cypress|Storybook|PWA,,Reduced bundle size by 27% through code splitting and lazy loading. // Developed a reusable component library with 20+ components used across 10 products. // Implemented WCAG 2.1 AA accessibility standards across the entire application.,"Creative UI engineer with 7+ years of experience crafting pixel-perfect interfaces using Webpack, CSS3, PWA.",synthetic
RES-0041,Backend Developer,5,Associate's,M.Sc. Computer Science,REST API|Python|Express.js|C#|Elasticsearch|gRPC|Apache Kafka|GitHub Actions|API Design|Nginx,AWS Certified Developer|Oracle Java SE,"Built a real-time notification service using MySQL and message queues. // Led migration of monolith to microservices, reducing deployment time by 56%.","Backend engineer with 5 years of experience building scalable APIs and microservices using Nginx, Express.js, Python.",synthetic
RES-0922,Cloud Architect,5,Bachelor's,B.Sc. Computer Science,Multi-cloud Strategy|Serverless|Load Balancing|Disaster Recovery|Auto Scaling|Docker|Compliance|Zero-Trust Security,Google Professional Cloud Architect|Azure Solutions Architect Expert,Architected serverless data pipeline processing 7M events/day. // Established cloud governance framework adopted across 41 business units.,"Cloud architect with 5 years designing resilient, scalable cloud platforms on Zero-Trust Security, Docker, Multi-cloud Strategy.",public_profile_anonymized
RES-0398,Full-Stack Developer,10,Associate's,B.Tech Computer Engineering,PostgreSQL|GraphQL|Docker|MongoDB|TailwindCSS|HTML5|React|Redis|Git|Python|Express.js|OAuth2|GitHub Actions|Agile,AWS Certified Developer,Shipped end-to-end feature that increased user retention by 36%. // Delivered a full-stack SaaS platform from design to production in 49 months.,"Full-stack developer with 10 years delivering end-to-end web applications using OAuth2, Express.js, TailwindCSS.",kaggle_anonymized
RES-0951,Mobile Developer,2,Bachelor's,B.Sc. Computer Science,React Native|Play Store Deployment|iOS|Swift|Kotlin|Flutter|Android Studio|Java|Firebase|App Store Deployment|Bluetooth|Detox|CI/CD|GPS|SQLite,Google Associate Android Developer|AWS Mobile Developer,"Integrated offline-first architecture, improving UX in low-connectivity regions. // Achieved 28% reduction in app cold-start time through performance profiling.","Experienced app engineer with 2+ years shipping production mobile apps in GPS, Detox, Flutter.",synthetic
RES-0307,Frontend Developer,3,Ph.D.,B.A. Web Design,Angular|HTML5|React|Redux|Webpack|Next.js|Responsive Design|TailwindCSS|JavaScript|Cypress|Jest|D3.js|Performance Optimisation|SEO,AWS Cloud Practitioner|Meta Front-End Developer,"Rebuilt company dashboard in Responsive Design, improving load time by 36%.","Creative UI engineer with 3+ years of experience crafting pixel-perfect interfaces using Jest, TailwindCSS, Webpack.",synthetic
RES-0838,Cloud Architect,11,Bachelor's,M.B.A. Technology Management,GCP|AWS|Azure|Cost Optimisation|Terraform|Disaster Recovery|Lambda|Serverless|Kubernetes|Auto Scaling|Load Balancing|Enterprise Architecture|Bash|Service Mesh|Istio|CloudFormation,AWS Solutions Architect Professional|Google Professional Cloud Architect,"Designed a multi-region, active-active architecture with 99.71% availability SLA.","Cloud architect with 11 years designing resilient, scalable cloud platforms on Lambda, Auto Scaling, Azure.",kaggle_anonymized
RES-0191,Backend Developer,11,Master's,B.E. Software Engineering,gRPC|Spring Boot|Redis|Rust|Microservices|C#|Django|FastAPI|PostgreSQL|NestJS|Azure|Node.js|CI/CD|Terraform|Jenkins,MongoDB Associate|Oracle Java SE,"Led migration of monolith to microservices, reducing deployment time by 25%.","Backend engineer with 11 years of experience building scalable APIs and microservices using FastAPI, Microservices, C#.",synthetic
RES-0414,Full-Stack Developer,12,Ph.D.,B.Sc. Computer Science,MongoDB|Docker|React|CI/CD|Git|JavaScript|GraphQL|Redis|TailwindCSS|REST API|Express.js|HTML5|OAuth2|WebSockets|pytest|Kubernetes|GitHub Actions,Meta Front-End Developer|Google Associate Cloud Engineer,Integrated third-party payment gateway handling 25k transactions/month. // Shipped end-to-end feature that increased user retention by 38%.,"Full-stack engineer with 12+ years building and shipping products with Kubernetes, WebSockets, JavaScript.",kaggle_anonymized
RES-0067,Backend Developer,6,Associate's,B.Sc. Computer Science,SQL|MySQL|Express.js|AWS|GraphQL|Azure|Rust|Spring Boot|REST API|C#|MongoDB|Nginx|OAuth2|API Design|Terraform|Celery,Oracle Java SE|MongoDB Associate,"Led migration of monolith to microservices, reducing deployment time by 31%. // Built a real-time notification service using Elasticsearch and message queues. // Designed and maintained a high-throughput REST API serving 6k requests/day.","Experienced server-side developer specialising in C#, Terraform, SQL with 6 years of professional experience.",synthetic
RES-0825,DevOps Engineer,5,Bootcamp/Certification,B.E. Information Technology,Bash|Site Reliability Engineering|Helm|Grafana|AWS|Prometheus|Jenkins|Flux|Jaeger|Loki,,Reduced deployment lead time from 47 days to 6 hours by redesigning CI/CD pipeline. // Containerised 17 legacy services with Docker and orchestrated with Kubernetes. // Containerised 21 legacy services with Docker and orchestrated with Kubernetes.,"DevOps engineer with 5 years automating infrastructure and improving deployment pipelines using Bash, Site Reliability Engineering, AWS.",synthetic
RES-0548,Full-Stack Developer,9,Associate's,B.Sc. Computer Science,REST API|PostgreSQL|MongoDB|GraphQL|Docker|CSS3|Python|TailwindCSS|HTML5|GitHub Actions|Scrum|JWT|WebSockets|OAuth2,,Integrated third-party payment gateway handling 43k transactions/month. // Integrated third-party payment gateway handling 16k transactions/month.,"Versatile engineer comfortable across the stack with 9 years of experience in GraphQL, OAuth2, TailwindCSS.",synthetic
RES-0583,Data Scientist,2,Bootcamp/Certification,B.Sc. Mathematics,NumPy|Python|Data Visualisation|A/B Testing|Statistics|R|TensorFlow|Matplotlib|PyTorch|Deep Learning|Airflow|Docker|Looker|Bayesian Statistics|Spark,Google Professional Data Engineer|IBM Data Science Professional,Published research on NumPy applied to time-series forecasting.,"Analytical data scientist with 2+ years of experience in R, Docker, Python and statistical modelling.",synthetic
RES-0372,Frontend Developer,3,Master's,B.Tech Information Technology,Vue.js|Cross-browser Compatibility|CSS3|Next.js|Redux|Vite|Responsive Design|Angular|GraphQL|Zustand|Nuxt.js|SASS|PWA|Web Animations|D3.js,,"Rebuilt company dashboard in SASS, improving load time by 34%.","Passionate frontend engineer with 3 years of hands-on experience in Vite, Vue.js, PWA.",synthetic
RES-0336,Frontend Developer,3,Master's,B.Tech Information Technology,Angular|Cross-browser Compatibility|Accessibility|Vite|GraphQL|React|REST API|Redux|SASS|Chart.js|Storybook|Cypress|PWA|Performance Optimisation|Git,Google UX Design,"Rebuilt company dashboard in Accessibility, improving load time by 44%. // Reduced bundle size by 42% through code splitting and lazy loading. // Reduced bundle size by 47% through code splitting and lazy loading.","Creative UI engineer with 3+ years of experience crafting pixel-perfect interfaces using PWA, SASS, Cypress.",synthetic
RES-0796,DevOps Engineer,9,Ph.D.,M.Sc. Cloud Computing,Bash|Prometheus|Ansible|Linux|AWS|Helm|Python|GCP|Docker|Monitoring|Grafana|Vault|Vagrant|ArgoCD|Nginx|Loki|Jaeger,CKA (Kubernetes)|Google Professional DevOps Engineer,Reduced deployment lead time from 42 days to 7 hours by redesigning CI/CD pipeline.,"Infrastructure engineer with 9 years designing cloud-native platforms with Ansible, Linux, Monitoring.",synthetic
RES-0358,Frontend Developer,8,Master's,B.Tech Information Technology,Next.js|Zustand|Vue.js|Redux|Accessibility|SEO|Chart.js|GitHub|Git|Cypress|D3.js,Meta Front-End Developer|AWS Cloud Practitioner,Reduced bundle size by 24% through code splitting and lazy loading. // Implemented WCAG 2.1 AA accessibility standards across the entire application.,"Creative UI engineer with 8+ years of experience crafting pixel-perfect interfaces using Accessibility, GitHub, SEO.",kaggle_anonymized
RES-0065,Backend Developer,2,Bootcamp/Certification,M.Sc. Computer Science,MongoDB|REST API|MySQL|Rust|GCP|FastAPI|Python|Terraform|Jenkins,Oracle Java SE|AWS Certified Developer,"Optimised PostgreSQL query performance, cutting average response time by 32%.","Backend engineer with 2 years of experience building scalable APIs and microservices using Python, MongoDB, REST API.",synthetic
RES-0736,DevOps Engineer,4,Associate's,B.Sc. Computer Science,Jenkins|Prometheus|GCP|Kubernetes|AWS|Linux|GitHub Actions|Azure|Bash|Cost Optimisation|Service Mesh|Vagrant|Nginx|Security Hardening,Google Professional DevOps Engineer|AWS DevOps Engineer Professional,Improved system uptime to 99.72% SLA through improved monitoring and alerting. // Reduced deployment lead time from 40 days to 8 hours by redesigning CI/CD pipeline.,"DevOps engineer with 4 years automating infrastructure and improving deployment pipelines using Cost Optimisation, Vagrant, Linux.",synthetic
RES-0060,Backend Developer,12,Bachelor's,B.E. Software Engineering,Go|Kubernetes|Azure|Rust|Python|MongoDB|C#|GraphQL|Docker|PostgreSQL|Elasticsearch|Ruby|CI/CD|Terraform|Unit Testing|RabbitMQ,MongoDB Associate|AWS Certified Developer,"Optimised PostgreSQL query performance, cutting average response time by 40%.","Experienced server-side developer specialising in Kubernetes, Go, Python with 12 years of professional experience.",public_profile_anonymized
RES-0840,Cloud Architect,1,Bachelor's,M.Sc. Computer Science,Serverless|High Availability|Load Balancing|VPC|Disaster Recovery|GCP|Kubernetes|CDK|GDPR,,Established cloud governance framework adopted across 31 business units.,"Solutions architect with 1 years architecting multi-cloud environments with Load Balancing, GCP, Kubernetes.",kaggle_anonymized
RES-0130,Backend Developer,7,Bootcamp/Certification,B.Sc. Computer Science,SQL|Redis|ORM|Azure|C#|Elasticsearch|Kubernetes|Terraform|Celery|pytest|Unit Testing|CI/CD|Jenkins,,"Optimised PostgreSQL query performance, cutting average response time by 16%. // Optimised PostgreSQL query performance, cutting average response time by 26%.","Results-driven backend developer with 7+ years designing and maintaining distributed systems in Celery, Redis, CI/CD.",kaggle_anonymized
RES-0308,Frontend Developer,8,Bootcamp/Certification,B.Sc. Computer Science,Redux|Next.js|Nuxt.js|Vite|Webpack|Adobe XD|SEO,,Developed a reusable component library with 44+ components used across 4 products. // Implemented WCAG 2.1 AA accessibility standards across the entire application.,"Creative UI engineer with 8+ years of experience crafting pixel-perfect interfaces using Webpack, Next.js, Nuxt.js.",synthetic
RES-0044,Backend Developer,11,Master's,B.Tech Information Technology,SQL|Docker|Express.js|Java|Go|Unit Testing|GitHub Actions|Terraform|JWT|API Design|Bash,,"Led migration of monolith to microservices, reducing deployment time by 56%. // Designed and maintained a high-throughput REST API serving 21k requests/day. // Designed and maintained a high-throughput REST API serving 43k requests/day.","Experienced server-side developer specialising in Terraform, Java, API Design with 11 years of professional experience.",synthetic
RES-0071,Backend Developer,12,Ph.D.,B.Sc. Computer Science,Java|PostgreSQL|GraphQL|Docker|Express.js|Redis|Go|API Design|RabbitMQ|Nginx|JWT|Bash|Jenkins,,"Built a real-time notification service using Rust and message queues. // Optimised PostgreSQL query performance, cutting average response time by 25%. // Built a real-time notification service using NestJS and message queues.","Backend engineer with 12 years of experience building scalable APIs and microservices using PostgreSQL, Go, Docker.",synthetic
RES-0377,Full-Stack Developer,3,Bootcamp/Certification,B.E. Software Engineering,PostgreSQL|Redis|Next.js|Git|Express.js|MongoDB|AWS|JavaScript|TailwindCSS|CSS3|Node.js|GraphQL|Jest|Linux|Terraform|OAuth2,,Integrated third-party payment gateway handling 45k transactions/month. // Delivered a full-stack SaaS platform from design to production in 42 months.,"Full-stack engineer with 3+ years building and shipping products with Terraform, Next.js, Redis.",synthetic
RES-0079,Backend Developer,8,Bootcamp/Certification,M.Sc. Computer Science,Microservices|NestJS|Python|PostgreSQL|Rust|OAuth2|GitHub Actions|Linux,MongoDB Associate,"Optimised PostgreSQL query performance, cutting average response time by 46%. // Led migration of monolith to microservices, reducing deployment time by 32%.","Results-driven backend developer with 8+ years designing and maintaining distributed systems in Linux, Rust, GitHub Actions.",synthetic
RES-0457,Full-Stack Developer,10,Bachelor's,B.E. Software Engineering,FastAPI|Express.js|PostgreSQL|Git|Docker|TailwindCSS|TypeScript|AWS|Scrum|OAuth2|WebSockets,Meta Front-End Developer,Shipped end-to-end feature that increased user retention by 59%. // Delivered a full-stack SaaS platform from design to production in 37 months.,"Full-stack developer with 10 years delivering end-to-end web applications using Scrum, PostgreSQL, WebSockets.",synthetic
RES-0434,Full-Stack Developer,6,Ph.D.,B.Sc. Computer Science,Node.js|HTML5|Python|GraphQL|REST API|JavaScript|TypeScript|Docker|TailwindCSS|React|Git|CSS3|GitHub Actions|Kubernetes|Agile|Elasticsearch|pytest|OAuth2,Meta Front-End Developer,Shipped end-to-end feature that increased user retention by 33%. // Shipped end-to-end feature that increased user retention by 42%.,"Full-stack engineer with 6+ years building and shipping products with Python, REST API, GitHub Actions.",synthetic
RES-0763,DevOps Engineer,10,Bachelor's,B.Sc. Computer Science,Kubernetes|GitHub Actions|AWS|Helm|Site Reliability Engineering|Azure|Monitoring|Bash|Prometheus|CI/CD|GCP|Grafana|Packer|Service Mesh|OpenTelemetry|Nginx|Security Hardening,AWS DevOps Engineer Professional,Achieved 41% cost reduction by right-sizing cloud infrastructure on Ansible. // Achieved 38% cost reduction by right-sizing cloud infrastructure on Python.,"DevOps engineer with 10 years automating infrastructure and improving deployment pipelines using Service Mesh, CI/CD, Nginx.",kaggle_anonymized
RES-0360,Frontend Developer,12,Ph.D.,B.A. Web Design,Webpack|HTML5|Redux|TypeScript|Nuxt.js|SASS|Accessibility|CSS3|TailwindCSS|Cross-browser Compatibility|Angular|GitHub|Storybook|Chart.js|Git|Jest|Cypress,Meta Front-End Developer,Developed a reusable component library with 19+ components used across 3 products.,"Passionate frontend engineer with 12 years of hands-on experience in Cypress, CSS3, GitHub.",synthetic
RES-0514,Full-Stack Developer,1,Bachelor's,B.E. Software Engineering,TailwindCSS|React|JavaScript|HTML5|Next.js|OAuth2|Redis|Elasticsearch|Jest|pytest,Google Associate Cloud Engineer|Meta Front-End Developer,Delivered a full-stack SaaS platform from design to production in 19 months. // Shipped end-to-end feature that increased user retention by 22%.,"Full-stack engineer with 1+ years building and shipping products with Elasticsearch, OAuth2, HTML5.",kaggle_anonymized
RES-0557,Data Scientist,2,Master's,M.Sc. Data Science,Jupyter|SQL|PyTorch|Deep Learning|Python|TensorFlow|MLflow|Tableau|GCP Vertex AI|Hadoop|AWS SageMaker|Spark,Google Professional Data Engineer|AWS Machine Learning Specialty,Automated ETL pipelines reducing manual data preparation by 32%.,"Analytical data scientist with 2+ years of experience in Jupyter, Spark, AWS SageMaker and statistical modelling.",synthetic
RES-0232,Frontend Developer,1,Master's,B.Tech Information Technology,TailwindCSS|React|SASS|JavaScript|Cross-browser Compatibility|Zustand|Responsive Design|Nuxt.js|Angular|TypeScript|Next.js|GitHub|Cypress|SEO|CI/CD|Figma,Meta Front-End Developer|AWS Cloud Practitioner,Reduced bundle size by 17% through code splitting and lazy loading. // Implemented WCAG 2.1 AA accessibility standards across the entire application. // Implemented WCAG 2.1 AA accessibility standards across the entire application.,"Frontend developer with 1 years building responsive, accessible UIs with Zustand, GitHub, Angular.",public_profile_anonymized
RES-0182,Backend Developer,4,Bootcamp/Certification,B.E. Software Engineering,Express.js|SQL|ORM|GCP|Kubernetes|REST API|Message Queues|Go|Redis|MongoDB|Rust|OAuth2|JWT|Nginx|RabbitMQ,AWS Certified Developer,Built a real-time notification service using FastAPI and message queues.,"Results-driven backend developer with 4+ years designing and maintaining distributed systems in Express.js, ORM, SQL.",public_profile_anonymized
RES-0977,Mobile Developer,2,Associate's,B.E. Software Engineering,Android|Play Store Deployment|Dart|Xcode|Android Studio|Firebase|Realm|Analytics|UI Testing,Google Associate Android Developer|AWS Mobile Developer,Reduced app crash rate from 6% to 0.8% through systematic debugging.,"Mobile developer with 2 years building cross-platform and native apps using Android Studio, Analytics, Dart.",synthetic
RES-0096,Backend Developer,4,Ph.D.,B.E. Software Engineering,MongoDB|Spring Boot|C#|PostgreSQL|Node.js|Java|Azure|FastAPI|Elasticsearch|Kubernetes|Python|MySQL|RabbitMQ|CI/CD|Bash|Nginx|Celery,AWS Certified Developer,"Led migration of monolith to microservices, reducing deployment time by 22%.","Results-driven backend developer with 4+ years designing and maintaining distributed systems in RabbitMQ, PostgreSQL, Java.",synthetic
RES-0423,Full-Stack Developer,9,Ph.D.,M.Sc. Software Engineering,Docker|Git|CI/CD|AWS|Redis|PostgreSQL|Scrum|pytest|Microservices|Agile,,Shipped end-to-end feature that increased user retention by 53%. // Integrated third-party payment gateway handling 46k transactions/month.,"Versatile engineer comfortable across the stack with 9 years of experience in AWS, pytest, CI/CD.",synthetic
RES-0084,Backend Developer,7,Ph.D.,B.E. Software Engineering,PostgreSQL|Java|FastAPI|REST API|Microservices|GCP|Go|CI/CD|API Design,AWS Certified Developer,"Led migration of monolith to microservices, reducing deployment time by 51%. // Led migration of monolith to microservices, reducing deployment time by 41%. // Designed and maintained a high-throughput REST API serving 10k requests/day.","Backend engineer with 7 years of experience building scalable APIs and microservices using REST API, Microservices, GCP.",synthetic
RES-0315,Frontend Developer,10,Bootcamp/Certification,B.A. Web Design,Vue.js|REST API|Cross-browser Compatibility|Redux|TypeScript|TailwindCSS|Vite|Accessibility|Webpack|Storybook|Node.js,AWS Cloud Practitioner,Reduced bundle size by 26% through code splitting and lazy loading. // Implemented WCAG 2.1 AA accessibility standards across the entire application. // Reduced bundle size by 51% through code splitting and lazy loading.,"Creative UI engineer with 10+ years of experience crafting pixel-perfect interfaces using Cross-browser Compatibility, TailwindCSS, Storybook.",public_profile_anonymized
RES-0914,Cloud Architect,4,Ph.D.,B.Sc. Computer Science,Kubernetes|Multi-cloud Strategy|Load Balancing|Serverless|VPC|AWS|Terraform|Lambda|Cloud Security|Enterprise Architecture|Python|Pulumi|Zero-Trust Security|Service Mesh|ArgoCD,,"Led cloud migration of 40-service estate to AWS, cutting TCO by 38%.","Senior cloud architect with 4+ years leading enterprise-scale cloud migrations using Zero-Trust Security, Multi-cloud Strategy, Python.",synthetic
RES-0631,Data Scientist,5,Bootcamp/Certification,M.Sc. Data Science,Matplotlib|Natural Language Processing|Data Visualisation|Jupyter|NumPy|Tableau|Hadoop,Google Professional Data Engineer|IBM Data Science Professional,"Built a churn prediction model with 19% accuracy, saving 12k ARR.","Machine learning practitioner with 5 years building predictive models with Matplotlib, Data Visualisation, Tableau.",public_profile_anonymized
RES-0590,Data Scientist,9,Ph.D.,M.Sc. Machine Learning,SQL|Pandas|Deep Learning|Data Visualisation|R|TensorFlow|PyTorch|NumPy|Airflow|Bayesian Statistics|AWS SageMaker|MLflow|Azure ML|Power BI,IBM Data Science Professional|Databricks Certified Associate,Published research on Natural Language Processing applied to time-series forecasting. // Automated ETL pipelines reducing manual data preparation by 48%. // Developed a recommendation engine improving click-through rate by 43%.,"Data scientist with 9 years transforming raw data into actionable insights using R, Airflow, Azure ML.",synthetic
RES-0478,Full-Stack Developer,11,Associate's,B.E. Software Engineering,REST API|PostgreSQL|Python|Next.js|GraphQL|React|CSS3|CI/CD|Docker|Redis|JWT|GitHub Actions,AWS Certified Developer|Google Associate Cloud Engineer,Integrated third-party payment gateway handling 22k transactions/month.,"Full-stack engineer with 11+ years building and shipping products with GraphQL, Next.js, CSS3.",public_profile_anonymized
RES-0915,Cloud Architect,3,Bachelor's,M.B.A. Technology Management,AWS|Serverless|Multi-cloud Strategy|Cost Optimisation|Auto Scaling|Load Balancing|IAM|Lambda|High Availability|VPC|CDK|Vault|Solution Design|Pulumi|Bash,TOGAF 9|AWS Solutions Architect Professional,Established cloud governance framework adopted across 48 business units.,"Senior cloud architect with 3+ years leading enterprise-scale cloud migrations using IAM, Multi-cloud Strategy, Pulumi.",synthetic
RES-0048,Backend Developer,10,Associate's,M.Sc. Computer Science,FastAPI|Redis|GraphQL|C#|Kubernetes|Azure|Java|MySQL|NestJS|AWS|Linux|API Design|JWT|OAuth2|pytest|RabbitMQ,,"Optimised PostgreSQL query performance, cutting average response time by 16%. // Designed and maintained a high-throughput REST API serving 39k requests/day. // Led migration of monolith to microservices, reducing deployment time by 59%.","Results-driven backend developer with 10+ years designing and maintaining distributed systems in pytest, FastAPI, Kubernetes.",synthetic
RES-0240,Frontend Developer,9,Ph.D.,B.A. Web Design,TypeScript|Next.js|REST API|CSS3|Redux|React|Figma|Chart.js,,"Developed a reusable component library with 23+ components used across 10 products. // Rebuilt company dashboard in CSS3, improving load time by 39%.","Creative UI engineer with 9+ years of experience crafting pixel-perfect interfaces using Chart.js, Next.js, REST API.",synthetic
RES-0118,Backend Developer,8,Master's,B.E. Software Engineering,Rust|GraphQL|Elasticsearch|AWS|GCP|MySQL|Spring Boot|OAuth2|CI/CD|pytest|JWT|Linux|Nginx,MongoDB Associate|Oracle Java SE,"Built a real-time notification service using MongoDB and message queues. // Built a real-time notification service using Kubernetes and message queues. // Optimised PostgreSQL query performance, cutting average response time by 33%.","Experienced server-side developer specialising in Elasticsearch, Rust, JWT with 8 years of professional experience.",synthetic
RES-0498,Full-Stack Developer,2,Bachelor's,M.Sc. Software Engineering,Git|GraphQL|Next.js|HTML5|FastAPI|Linux|WebSockets|GitHub Actions|Microservices,Google Associate Cloud Engineer,Built an internal tooling dashboard serving 25+ engineering teams. // Integrated third-party payment gateway handling 18k transactions/month. // Delivered a full-stack SaaS platform from design to production in 4 months.,"Versatile engineer comfortable across the stack with 2 years of experience in WebSockets, FastAPI, Microservices.",synthetic
RES-0774,DevOps Engineer,7,Bootcamp/Certification,M.Sc. Cloud Computing,Ansible|Bash|Prometheus|Jenkins|Helm|ELK Stack|Loki|Vault|Packer|Service Mesh|Capacity Planning,HashiCorp Terraform Associate|AWS DevOps Engineer Professional,Improved system uptime to 99.7% SLA through improved monitoring and alerting. // Achieved 34% cost reduction by right-sizing cloud infrastructure on CI/CD.,"DevOps engineer with 7 years automating infrastructure and improving deployment pipelines using Packer, Loki, Bash.",kaggle_anonymized
RES-0210,Frontend Developer,1,Bootcamp/Certification,B.A. Web Design,Vue.js|TailwindCSS|SASS|Zustand|Next.js|Chart.js|Web Animations|SEO|Cypress,Google UX Design,Reduced bundle size by 20% through code splitting and lazy loading.,"Creative UI engineer with 1+ years of experience crafting pixel-perfect interfaces using Chart.js, Web Animations, SEO.",synthetic
RES-0098,Backend Developer,1,Associate's,M.Sc. Computer Science,Ruby|FastAPI|AWS|Java|NestJS|Django|Go|Python|Node.js|Jenkins|pytest|GitHub Actions|Celery|JWT,MongoDB Associate,Designed and maintained a high-throughput REST API serving 32k requests/day. // Designed and maintained a high-throughput REST API serving 22k requests/day.,"Results-driven backend developer with 1+ years designing and maintaining distributed systems in FastAPI, Node.js, JWT.",synthetic
RES-0941,Mobile Developer,11,Ph.D.,Diploma in Mobile App Development,Dart|Android|REST API|Firebase|Play Store Deployment|React Native|Xcode|GraphQL|Java|App Store Deployment|Kotlin|iOS|GPS|Performance Profiling|Unit Testing|Fastlane|Crashlytics|SQLite,,"Achieved 28% reduction in app cold-start time through performance profiling. // Integrated offline-first architecture, improving UX in low-connectivity regions.","Experienced app engineer with 11+ years shipping production mobile apps in Performance Profiling, iOS, GPS.",synthetic
RES-0807,DevOps Engineer,5,Associate's,B.Sc. Computer Science,Prometheus|Kubernetes|Docker|Python|GitHub Actions|Monitoring|Azure|GCP|Infrastructure as Code|CI/CD|Ansible|Bash|Vault|Packer|ArgoCD|Jaeger|Loki,Google Professional DevOps Engineer|AWS DevOps Engineer Professional,Containerised 11 legacy services with Docker and orchestrated with Kubernetes.,"DevOps engineer with 5 years automating infrastructure and improving deployment pipelines using CI/CD, Python, Infrastructure as Code.",kaggle_anonymized
RES-0683,Data Scientist,5,Bachelor's,B.Sc. Mathematics,NumPy|Data Visualisation|Jupyter|PyTorch|Statistics|TensorFlow|Airflow|MLflow,,Published research on SQL applied to time-series forecasting. // Published research on A/B Testing applied to time-series forecasting.,"Data scientist with 5 years transforming raw data into actionable insights using Jupyter, TensorFlow, PyTorch.",synthetic
RES-0757,DevOps Engineer,9,Bootcamp/Certification,B.E. Information Technology,AWS|Helm|Docker|Ansible|Prometheus|CI/CD|GitHub Actions|Python|Terraform|Jaeger|ELK Stack|ArgoCD|Vagrant,AWS DevOps Engineer Professional|HashiCorp Terraform Associate,Reduced deployment lead time from 48 days to 8 hours by redesigning CI/CD pipeline. // Reduced deployment lead time from 43 days to 9 hours by redesigning CI/CD pipeline.,"Infrastructure engineer with 9 years designing cloud-native platforms with ArgoCD, Prometheus, ELK Stack.",kaggle_anonymized
RES-0467,Full-Stack Developer,9,Master's,B.Tech Computer Engineering,Node.js|GraphQL|React|REST API|Redis|HTML5|MongoDB|Express.js|Next.js|TailwindCSS|Docker|Terraform|OAuth2,,Integrated third-party payment gateway handling 5k transactions/month.,"Full-stack developer with 9 years delivering end-to-end web applications using MongoDB, React, Docker.",kaggle_anonymized
RES-0466,Full-Stack Developer,6,Bootcamp/Certification,B.Sc. Computer Science,HTML5|Docker|AWS|JavaScript|Express.js|FastAPI|React|TailwindCSS|REST API|CSS3|MongoDB|PostgreSQL|WebSockets|Nginx|Jest|Kubernetes|Terraform|GitHub Actions,,Built an internal tooling dashboard serving 8+ engineering teams. // Delivered a full-stack SaaS platform from design to production in 39 months. // Integrated third-party payment gateway handling 6k transactions/month.,"Versatile engineer comfortable across the stack with 6 years of experience in Docker, CSS3, Express.js.",public_profile_anonymized
RES-0586,Data Scientist,3,Associate's,M.Sc. Statistics,Python|Scikit-learn|Jupyter|Machine Learning|SQL|AWS SageMaker|Bayesian Statistics|Git,AWS Machine Learning Specialty|IBM Data Science Professional,Published research on Data Visualisation applied to time-series forecasting. // Automated ETL pipelines reducing manual data preparation by 50%.,"Data scientist with 3 years transforming raw data into actionable insights using AWS SageMaker, Scikit-learn, Git.",synthetic
RES-0051,Backend Developer,7,Bootcamp/Certification,B.Tech Information Technology,Docker|Django|FastAPI|Go|Python|GCP|C#|PostgreSQL|MySQL|REST API|Apache Kafka|Terraform|JWT|OAuth2|Jenkins|Nginx,Oracle Java SE|AWS Certified Developer,"Led migration of monolith to microservices, reducing deployment time by 26%.","Experienced server-side developer specialising in Terraform, Nginx, Django with 7 years of professional experience.",public_profile_anonymized
RES-0564,Data Scientist,3,Bachelor's,M.Sc. Data Science,Matplotlib|NumPy|Deep Learning|Python|Statistics|Natural Language Processing|SQL|Scikit-learn|PyTorch|Bayesian Statistics|Model Deployment|Hypothesis Testing|Docker|dbt,IBM Data Science Professional|Databricks Certified Associate,Developed a recommendation engine improving click-through rate by 39%. // Published research on PyTorch applied to time-series forecasting. // Developed a recommendation engine improving click-through rate by 24%.,"Data scientist with 3 years transforming raw data into actionable insights using Deep Learning, dbt, PyTorch.",public_profile_anonymized
RES-0493,Full-Stack Developer,3,Master's,B.Sc. Computer Science,React|Python|AWS|MongoDB|HTML5|TypeScript|REST API|GraphQL|Docker|JavaScript|Microservices|Agile,Meta Front-End Developer|Google Associate Cloud Engineer,Integrated third-party payment gateway handling 45k transactions/month.,"Full-stack engineer with 3+ years building and shipping products with AWS, Agile, Python.",synthetic
RES-0522,Full-Stack Developer,5,Bootcamp/Certification,B.Sc. Computer Science,FastAPI|TailwindCSS|REST API|JavaScript|Next.js|Agile|Microservices|GitHub Actions|Scrum|Redis|Kubernetes,Google Associate Cloud Engineer,Shipped end-to-end feature that increased user retention by 27%.,"Full-stack engineer with 5+ years building and shipping products with Redis, Microservices, REST API.",kaggle_anonymized
RES-0878,Cloud Architect,2,Associate's,M.B.A. Technology Management,Terraform|Azure|Auto Scaling|AWS|Cost Optimisation|IAM|Istio|Ansible|GDPR|Zero-Trust Security,Google Professional Cloud Architect|AWS Solutions Architect Professional,"Designed a multi-region, active-active architecture with 99.53% availability SLA.","Solutions architect with 2 years architecting multi-cloud environments with AWS, Cost Optimisation, Terraform.",synthetic
RES-0369,Frontend Developer,5,Master's,B.A. Web Design,Accessibility|Nuxt.js|Responsive Design|REST API|CSS3|Zustand|GraphQL|Next.js|Chart.js|PWA|Performance Optimisation|Storybook,,Developed a reusable component library with 8+ components used across 2 products. // Implemented WCAG 2.1 AA accessibility standards across the entire application.,"Creative UI engineer with 5+ years of experience crafting pixel-perfect interfaces using CSS3, REST API, Performance Optimisation.",synthetic
RES-0974,Mobile Developer,4,Master's,B.Tech Mobile Computing,REST API|GraphQL|Play Store Deployment|App Store Deployment|Xcode|Android Studio|Flutter|Firebase|Swift|Java|Analytics|UI Testing,Google Associate Android Developer,"Achieved 57% reduction in app cold-start time through performance profiling. // Integrated offline-first architecture, improving UX in low-connectivity regions. // Achieved 27% reduction in app cold-start time through performance profiling.","Experienced app engineer with 4+ years shipping production mobile apps in UI Testing, Firebase, Xcode.",public_profile_anonymized
RES-0388,Full-Stack Developer,4,Bachelor's,M.Sc. Software Engineering,AWS|CI/CD|TailwindCSS|PostgreSQL|REST API|GraphQL|Elasticsearch|Kubernetes,AWS Certified Developer,Delivered a full-stack SaaS platform from design to production in 45 months. // Integrated third-party payment gateway handling 8k transactions/month.,"Versatile engineer comfortable across the stack with 4 years of experience in PostgreSQL, REST API, GraphQL.",public_profile_anonymized
RES-0994,Mobile Developer,4,Associate's,B.Sc. Computer Science,Xcode|Play Store Deployment|Swift|Flutter|React Native|Dart|Android|Firebase|Fastlane|Realm,,"Integrated offline-first architecture, improving UX in low-connectivity regions.","Mobile engineer with 4 years crafting performant iOS and Android experiences with React Native, Swift, Xcode.",kaggle_anonymized
RES-0428,Full-Stack Developer,10,Master's,M.Sc. Software Engineering,React|TailwindCSS|Docker|MongoDB|HTML5|CSS3|Next.js|CI/CD|PostgreSQL|GraphQL|Git|Elasticsearch|Microservices|Linux|Redis|Agile,,Delivered a full-stack SaaS platform from design to production in 40 months. // Built an internal tooling dashboard serving 17+ engineering teams. // Integrated third-party payment gateway handling 43k transactions/month.,"Versatile engineer comfortable across the stack with 10 years of experience in Microservices, React, CI/CD.",kaggle_anonymized
RES-0861,Cloud Architect,9,Bachelor's,M.B.A. Technology Management,AWS|VPC|Serverless|Docker|Cloud Security|Multi-cloud Strategy|Azure|Cost Optimisation|Zero-Trust Security|Service Mesh|Istio|Pulumi,TOGAF 9|AWS Solutions Architect Professional,Established cloud governance framework adopted across 44 business units.,"Solutions architect with 9 years architecting multi-cloud environments with Azure, AWS, Istio.",public_profile_anonymized
RES-0797,DevOps Engineer,12,Associate's,M.Sc. Cloud Computing,Python|Monitoring|Helm|Linux|Prometheus|Docker|Terraform|Kubernetes|AWS|GitHub Actions|Jaeger|ArgoCD|HAProxy,HashiCorp Terraform Associate,Achieved 39% cost reduction by right-sizing cloud infrastructure on Linux. // Containerised 32 legacy services with Docker and orchestrated with Kubernetes. // Reduced deployment lead time from 32 days to 7 hours by redesigning CI/CD pipeline.,"DevOps engineer with 12 years automating infrastructure and improving deployment pipelines using GitHub Actions, AWS, Monitoring.",kaggle_anonymized
RES-0784,DevOps Engineer,6,Master's,B.Tech Computer Engineering,Infrastructure as Code|Python|Site Reliability Engineering|Jenkins|Monitoring|Grafana|Cost Optimisation|Nginx|Flux|Service Mesh|Security Hardening,,Achieved 37% cost reduction by right-sizing cloud infrastructure on Python. // Improved system uptime to 99.96% SLA through improved monitoring and alerting. // Improved system uptime to 99.8% SLA through improved monitoring and alerting.,"Infrastructure engineer with 6 years designing cloud-native platforms with Service Mesh, Infrastructure as Code, Flux.",synthetic
RES-0860,Cloud Architect,8,Bootcamp/Certification,B.Sc. Computer Science,Serverless|GCP|Terraform|Disaster Recovery|Cloud Security|Kubernetes|IAM|Helm|CDK|Bash|FinOps|CloudFormation|SOC 2,TOGAF 9|AWS Solutions Architect Professional,Architected serverless data pipeline processing 6M events/day. // Established cloud governance framework adopted across 46 business units. // Established cloud governance framework adopted across 49 business units.,"Cloud architect with 8 years designing resilient, scalable cloud platforms on FinOps, Disaster Recovery, Helm.",public_profile_anonymized
RES-0415,Full-Stack Developer,2,Master's,M.Sc. Software Engineering,TypeScript|REST API|GraphQL|FastAPI|CSS3|Next.js|Docker|CI/CD|Python|Nginx|Elasticsearch,Google Associate Cloud Engineer|AWS Certified Developer,Integrated third-party payment gateway handling 15k transactions/month. // Delivered a full-stack SaaS platform from design to production in 35 months. // Integrated third-party payment gateway handling 45k transactions/month.,"Full-stack engineer with 2+ years building and shipping products with Docker, Python, Elasticsearch.",synthetic
RES-0870,Cloud Architect,3,Bootcamp/Certification,M.Sc. Computer Science,GCP|Multi-cloud Strategy|VPC|Lambda|Terraform|Vault|ArgoCD|Enterprise Architecture|Pulumi,,Architected serverless data pipeline processing 13M events/day.,"Solutions architect with 3 years architecting multi-cloud environments with Multi-cloud Strategy, VPC, Terraform.",kaggle_anonymized
RES-0303,Frontend Developer,4,Ph.D.,B.A. Web Design,Angular|Cross-browser Compatibility|Webpack|Vue.js|CSS3|React|Nuxt.js|JavaScript|D3.js|Git|Figma|GitHub|Cypress,AWS Cloud Practitioner|Google UX Design,Reduced bundle size by 47% through code splitting and lazy loading. // Reduced bundle size by 27% through code splitting and lazy loading.,"Passionate frontend engineer with 4 years of hands-on experience in CSS3, Git, Figma.",synthetic
RES-0680,Data Scientist,8,Bachelor's,M.Sc. Data Science,NumPy|Jupyter|Deep Learning|Python|Matplotlib|TensorFlow|Seaborn|Azure ML|Docker|Hadoop|Power BI|Hypothesis Testing|AWS SageMaker,IBM Data Science Professional,Automated ETL pipelines reducing manual data preparation by 58%. // Published research on Pandas applied to time-series forecasting.,"Analytical data scientist with 8+ years of experience in Azure ML, Seaborn, Matplotlib and statistical modelling.",synthetic
RES-0768,DevOps Engineer,1,Bachelor's,M.Sc. Cloud Computing,Jenkins|Helm|AWS|Grafana|Linux|Python|Infrastructure as Code|Capacity Planning|Jaeger,CKA (Kubernetes)|AWS DevOps Engineer Professional,Achieved 34% cost reduction by right-sizing cloud infrastructure on Jenkins. // Improved system uptime to 99.63% SLA through improved monitoring and alerting. // Achieved 30% cost reduction by right-sizing cloud infrastructure on Monitoring.,"Reliability-focused DevOps professional with 1+ years of experience in Python, Helm, Jenkins.",public_profile_anonymized
RES-0918,Cloud Architect,8,Ph.D.,M.Sc. Computer Science,GCP|AWS|VPC|Terraform|Cloud Security|High Availability|Multi-cloud Strategy|Kubernetes|Docker|Auto Scaling|Disaster Recovery|Compliance|Solution Design|CDK|Bash,Azure Solutions Architect Expert,"Architected serverless data pipeline processing 15M events/day. // Designed a multi-region, active-active architecture with 99.67% availability SLA.","Solutions architect with 8 years architecting multi-cloud environments with Terraform, Kubernetes, Docker.",synthetic
RES-0097,Backend Developer,6,Bootcamp/Certification,B.Tech Information Technology,C#|GCP|GraphQL|SQL|Docker|PostgreSQL|Azure|Celery|pytest|Linux|OAuth2,,"Led migration of monolith to microservices, reducing deployment time by 59%. // Optimised PostgreSQL query performance, cutting average response time by 26%. // Led migration of monolith to microservices, reducing deployment time by 46%.","Experienced server-side developer specialising in GraphQL, GCP, PostgreSQL with 6 years of professional experience.",kaggle_anonymized
RES-0695,Data Scientist,2,Ph.D.,B.Sc. Mathematics,Matplotlib|Jupyter|Seaborn|Scikit-learn|R|PyTorch|Data Visualisation|NumPy|Docker|Bayesian Statistics|Hadoop|Spark|AWS SageMaker,,"Developed a recommendation engine improving click-through rate by 23%. // Built a churn prediction model with 43% accuracy, saving 6k ARR.","Analytical data scientist with 2+ years of experience in Bayesian Statistics, Spark, Matplotlib and statistical modelling.",synthetic
RES-0551,Data Scientist,3,Master's,B.Sc. Mathematics,PyTorch|Data Visualisation|Natural Language Processing|Feature Engineering|Seaborn|Experiment Tracking|Looker|AWS SageMaker,Google Professional Data Engineer,"Automated ETL pipelines reducing manual data preparation by 40%. // Built a churn prediction model with 39% accuracy, saving 34k ARR. // Developed a recommendation engine improving click-through rate by 17%.","Data scientist with 3 years transforming raw data into actionable insights using Experiment Tracking, AWS SageMaker, Seaborn.",synthetic
RES-0470,Full-Stack Developer,3,Master's,B.Tech Computer Engineering,AWS|TypeScript|Express.js|Next.js|Node.js|MongoDB|Git|GraphQL|Elasticsearch|Redis,AWS Certified Developer|Meta Front-End Developer,Delivered a full-stack SaaS platform from design to production in 43 months. // Integrated third-party payment gateway handling 22k transactions/month.,"Full-stack developer with 3 years delivering end-to-end web applications using Node.js, AWS, MongoDB.",kaggle_anonymized
RES-0328,Frontend Developer,1,Bachelor's,B.A. Web Design,JavaScript|GraphQL|SASS|Webpack|Cross-browser Compatibility|Angular|Accessibility|D3.js|Git,,Reduced bundle size by 23% through code splitting and lazy loading.,"Frontend developer with 1 years building responsive, accessible UIs with Angular, Git, Cross-browser Compatibility.",public_profile_anonymized
RES-0710,DevOps Engineer,1,Master's,B.E. Information Technology,Site Reliability Engineering|Ansible|Prometheus|Infrastructure as Code|Grafana|CI/CD|GCP|Docker|Kubernetes|AWS|Azure|GitHub Actions|Cost Optimisation|Service Mesh,AWS DevOps Engineer Professional|HashiCorp Terraform Associate,Improved system uptime to 99.5% SLA through improved monitoring and alerting. // Reduced deployment lead time from 20 days to 3 hours by redesigning CI/CD pipeline. // Improved system uptime to 99.8% SLA through improved monitoring and alerting.,"Reliability-focused DevOps professional with 1+ years of experience in Service Mesh, Kubernetes, CI/CD.",kaggle_anonymized
RES-0947,Mobile Developer,11,Associate's,Diploma in Mobile App Development,Android|Play Store Deployment|Kotlin|REST API|Dart|Flutter|UI Testing|Detox|Redux,Apple App Development with Swift,"Integrated offline-first architecture, improving UX in low-connectivity regions. // Achieved 43% reduction in app cold-start time through performance profiling. // Achieved 17% reduction in app cold-start time through performance profiling.","Mobile developer with 11 years building cross-platform and native apps using Android, UI Testing, Kotlin.",synthetic
RES-0279,Frontend Developer,3,Associate's,Diploma in Web Development,GraphQL|TailwindCSS|REST API|Zustand|JavaScript|Redux|Storybook|PWA|Web Animations|Jest|Performance Optimisation|Cypress,,"Rebuilt company dashboard in Cross-browser Compatibility, improving load time by 23%.","Frontend developer with 3 years building responsive, accessible UIs with GraphQL, TailwindCSS, Web Animations.",synthetic
RES-0529,Full-Stack Developer,6,Master's,B.Tech Computer Engineering,Redis|PostgreSQL|Python|FastAPI|AWS|JavaScript|Next.js|Express.js|GraphQL|CI/CD|Git|Elasticsearch|WebSockets|pytest|Nginx,AWS Certified Developer|Meta Front-End Developer,Shipped end-to-end feature that increased user retention by 43%. // Built an internal tooling dashboard serving 36+ engineering teams.,"Versatile engineer comfortable across the stack with 6 years of experience in Nginx, WebSockets, Git.",synthetic
RES-0275,Frontend Developer,3,Bootcamp/Certification,B.Tech Information Technology,Vue.js|Accessibility|CSS3|Responsive Design|REST API|Webpack|Cypress|CI/CD,AWS Cloud Practitioner,Developed a reusable component library with 36+ components used across 4 products. // Implemented WCAG 2.1 AA accessibility standards across the entire application.,"Creative UI engineer with 3+ years of experience crafting pixel-perfect interfaces using Vue.js, Accessibility, REST API.",synthetic
RES-0762,DevOps Engineer,10,Ph.D.,B.Sc. Computer Science,Helm|Ansible|AWS|Prometheus|Monitoring|Docker|GCP|Jaeger|OpenTelemetry|Flux|ArgoCD,CKA (Kubernetes),Reduced deployment lead time from 7 days to 10 hours by redesigning CI/CD pipeline. // Reduced deployment lead time from 35 days to 5 hours by redesigning CI/CD pipeline. // Containerised 43 legacy services with Docker and orchestrated with Kubernetes.,"Infrastructure engineer with 10 years designing cloud-native platforms with Monitoring, Flux, Jaeger.",synthetic
RES-0876,Cloud Architect,11,Master's,B.Sc. Computer Science,Load Balancing|Cloud Security|Lambda|VPC|Multi-cloud Strategy|Docker|Cost Optimisation|Disaster Recovery|Kubernetes|IAM|Serverless|GCP|FinOps|SOC 2|Ansible|Zero-Trust Security,AWS Solutions Architect Professional,"Established cloud governance framework adopted across 9 business units. // Led cloud migration of 14-service estate to AWS, cutting TCO by 44%.","Senior cloud architect with 11+ years leading enterprise-scale cloud migrations using Ansible, Cost Optimisation, Kubernetes.",synthetic
RES-0311,Frontend Developer,7,Master's,B.Tech Information Technology,SASS|Next.js|Accessibility|HTML5|GraphQL|Nuxt.js|Web Animations|Performance Optimisation|Storybook|SEO,,Developed a reusable component library with 21+ components used across 6 products. // Developed a reusable component library with 26+ components used across 8 products.,"Passionate frontend engineer with 7 years of hands-on experience in Nuxt.js, Performance Optimisation, SEO.",kaggle_anonymized
RES-0899,Cloud Architect,2,Bachelor's,B.Sc. Computer Science,Cloud Security|Disaster Recovery|Serverless|GCP|Azure|AWS|Multi-cloud Strategy|Terraform|Lambda|High Availability|Cost Optimisation|CloudFormation|Enterprise Architecture|Solution Design|Pulumi,Azure Solutions Architect Expert,"Established cloud governance framework adopted across 2 business units. // Established cloud governance framework adopted across 30 business units. // Led cloud migration of 6-service estate to AWS, cutting TCO by 49%.","Cloud architect with 2 years designing resilient, scalable cloud platforms on Pulumi, Multi-cloud Strategy, Disaster Recovery.",synthetic
RES-0850,Cloud Architect,10,Ph.D.,B.Sc. Computer Science,Serverless|Disaster Recovery|Azure|Terraform|Load Balancing|Istio|ArgoCD|Ansible,TOGAF 9,"Designed a multi-region, active-active architecture with 99.53% availability SLA. // Designed a multi-region, active-active architecture with 99.51% availability SLA. // Led cloud migration of 35-service estate to AWS, cutting TCO by 33%.","Cloud architect with 10 years designing resilient, scalable cloud platforms on Azure, Disaster Recovery, Terraform.",synthetic
RES-0300,Frontend Developer,2,Bootcamp/Certification,B.Sc. Computer Science,HTML5|Nuxt.js|Zustand|TailwindCSS|React|TypeScript|Webpack|Accessibility|Next.js|GraphQL|Vite|REST API|D3.js|Git|Jest,AWS Cloud Practitioner,"Rebuilt company dashboard in Redux, improving load time by 41%.","Creative UI engineer with 2+ years of experience crafting pixel-perfect interfaces using Nuxt.js, Next.js, D3.js.",synthetic
RES-0464,Full-Stack Developer,7,Bootcamp/Certification,B.E. Software Engineering,AWS|CSS3|CI/CD|TailwindCSS|React|Next.js|JavaScript|GraphQL|Node.js|pytest|Elasticsearch|OAuth2|Agile,Meta Front-End Developer,Integrated third-party payment gateway handling 31k transactions/month. // Built an internal tooling dashboard serving 17+ engineering teams. // Built an internal tooling dashboard serving 39+ engineering teams.,"Full-stack developer with 7 years delivering end-to-end web applications using CSS3, Agile, pytest.",kaggle_anonymized
RES-0351,Frontend Developer,6,Bootcamp/Certification,B.Tech Information Technology,Nuxt.js|Responsive Design|Redux|JavaScript|HTML5|CSS3|SASS|Zustand|REST API|Cross-browser Compatibility|Vue.js|Angular|Node.js|PWA,,Reduced bundle size by 44% through code splitting and lazy loading. // Implemented WCAG 2.1 AA accessibility standards across the entire application. // Implemented WCAG 2.1 AA accessibility standards across the entire application.,"Passionate frontend engineer with 6 years of hands-on experience in Responsive Design, CSS3, Angular.",synthetic
RES-0528,Full-Stack Developer,5,Associate's,B.Tech Computer Engineering,CSS3|CI/CD|AWS|REST API|TailwindCSS|JavaScript|WebSockets|Microservices|Elasticsearch,Google Associate Cloud Engineer|AWS Certified Developer,Built an internal tooling dashboard serving 10+ engineering teams. // Integrated third-party payment gateway handling 32k transactions/month.,"Full-stack developer with 5 years delivering end-to-end web applications using TailwindCSS, JavaScript, CSS3.",synthetic
RES-0418,Full-Stack Developer,2,Associate's,M.Sc. Software Engineering,TypeScript|CI/CD|React|CSS3|FastAPI|Elasticsearch|Jest,Google Associate Cloud Engineer|Meta Front-End Developer,Delivered a full-stack SaaS platform from design to production in 18 months. // Integrated third-party payment gateway handling 4k transactions/month. // Integrated third-party payment gateway handling 32k transactions/month.,"Versatile engineer comfortable across the stack with 2 years of experience in TypeScript, React, CI/CD.",synthetic
RES-0550,Full-Stack Developer,4,Master's,B.Tech Computer Engineering,MongoDB|Next.js|CSS3|Python|HTML5|TailwindCSS|pytest|Terraform,Meta Front-End Developer|Google Associate Cloud Engineer,Integrated third-party payment gateway handling 35k transactions/month. // Shipped end-to-end feature that increased user retention by 23%. // Integrated third-party payment gateway handling 11k transactions/month.,"Full-stack engineer with 4+ years building and shipping products with Python, HTML5, pytest.",public_profile_anonymized
RES-0409,Full-Stack Developer,12,Bootcamp/Certification,B.Sc. Computer Science,TailwindCSS|Python|MongoDB|FastAPI|PostgreSQL|Node.js|Next.js|pytest|Scrum|Kubernetes|JWT,,Integrated third-party payment gateway handling 32k transactions/month. // Built an internal tooling dashboard serving 22+ engineering teams. // Shipped end-to-end feature that increased user retention by 50%.,"Full-stack developer with 12 years delivering end-to-end web applications using Kubernetes, pytest, TailwindCSS.",synthetic
RES-0411,Full-Stack Developer,7,Ph.D.,B.E. Software Engineering,MongoDB|Git|AWS|CI/CD|TailwindCSS|PostgreSQL|Kubernetes|JWT|Agile|pytest|Microservices,AWS Certified Developer|Meta Front-End Developer,Integrated third-party payment gateway handling 13k transactions/month.,"Versatile engineer comfortable across the stack with 7 years of experience in Kubernetes, pytest, AWS.",kaggle_anonymized
RES-0256,Frontend Developer,7,Bootcamp/Certification,B.Tech Information Technology,GraphQL|SASS|Next.js|Vite|Zustand|Responsive Design|TypeScript|Web Animations|PWA|Cypress|Chart.js|SEO,,"Developed a reusable component library with 49+ components used across 8 products. // Rebuilt company dashboard in GraphQL, improving load time by 59%.","Frontend developer with 7 years building responsive, accessible UIs with Next.js, Responsive Design, SEO.",synthetic
RES-0856,Cloud Architect,5,Master's,M.B.A. Technology Management,Lambda|Docker|Cloud Security|VPC|Auto Scaling|Multi-cloud Strategy|SOC 2|Zero-Trust Security|Istio,Azure Solutions Architect Expert,"Led cloud migration of 3-service estate to AWS, cutting TCO by 20%.","Solutions architect with 5 years architecting multi-cloud environments with Cloud Security, Istio, VPC.",synthetic
RES-0921,Cloud Architect,12,Ph.D.,M.Sc. Cloud Computing,GCP|High Availability|Serverless|Lambda|Kubernetes|Disaster Recovery|Python|CDK|Pulumi|Service Mesh,TOGAF 9|Azure Solutions Architect Expert,"Architected serverless data pipeline processing 2M events/day. // Designed a multi-region, active-active architecture with 99.51% availability SLA. // Led cloud migration of 13-service estate to AWS, cutting TCO by 37%.","Solutions architect with 12 years architecting multi-cloud environments with GCP, Python, High Availability.",public_profile_anonymized
RES-0638,Data Scientist,2,Bootcamp/Certification,Ph.D. Computer Science,R|Pandas|SQL|Scikit-learn|Data Visualisation|TensorFlow|Natural Language Processing|Statistics|NumPy|Matplotlib|Bayesian Statistics|MLflow,AWS Machine Learning Specialty|IBM Data Science Professional,Developed a recommendation engine improving click-through rate by 60%. // Automated ETL pipelines reducing manual data preparation by 23%. // Developed a recommendation engine improving click-through rate by 38%.,"Data scientist with 2 years transforming raw data into actionable insights using SQL, MLflow, TensorFlow.",synthetic
RES-0867,Cloud Architect,5,Bachelor's,M.Sc. Cloud Computing,Multi-cloud Strategy|Lambda|Kubernetes|Cost Optimisation|Serverless|Docker|Ansible|Solution Design|SOC 2|ArgoCD|Python|Istio,AWS Solutions Architect Professional|Azure Solutions Architect Expert,Architected serverless data pipeline processing 45M events/day.,"Cloud architect with 5 years designing resilient, scalable cloud platforms on Kubernetes, Istio, SOC 2.",synthetic
RES-0151,Backend Developer,1,Ph.D.,B.E. Software Engineering,FastAPI|Ruby|Express.js|Python|Azure|AWS|Django|MongoDB|MySQL|Bash|API Design|Celery|Apache Kafka|RabbitMQ|Jenkins,,"Built a real-time notification service using REST API and message queues. // Led migration of monolith to microservices, reducing deployment time by 35%.","Results-driven backend developer with 1+ years designing and maintaining distributed systems in Bash, RabbitMQ, Ruby.",public_profile_anonymized
RES-0955,Mobile Developer,5,Ph.D.,B.Tech Mobile Computing,Firebase|Play Store Deployment|Swift|Kotlin|Android Studio|Xcode|Performance Profiling|Offline Support|UI Testing|Unit Testing,Google Associate Android Developer|Apple App Development with Swift,Reduced app crash rate from 5% to 1.0% through systematic debugging.,"Experienced app engineer with 5+ years shipping production mobile apps in Play Store Deployment, Swift, UI Testing.",kaggle_anonymized
RES-0049,Backend Developer,1,Ph.D.,B.Tech Information Technology,Message Queues|Node.js|Express.js|Spring Boot|MySQL|REST API|MongoDB|PostgreSQL|RabbitMQ|JWT|Unit Testing|Nginx,,"Built a real-time notification service using Message Queues and message queues. // Optimised PostgreSQL query performance, cutting average response time by 46%. // Built a real-time notification service using MongoDB and message queues.","Experienced server-side developer specialising in REST API, Node.js, Unit Testing with 1 years of professional experience.",synthetic
RES-0572,Data Scientist,7,Ph.D.,B.Sc. Mathematics,A/B Testing|Machine Learning|Statistics|Jupyter|PyTorch|Feature Engineering|Python|SQL|Pandas|Seaborn|Airflow|GCP Vertex AI|Hadoop,,Developed a recommendation engine improving click-through rate by 35%.,"Data scientist with 7 years transforming raw data into actionable insights using SQL, Airflow, Statistics.",kaggle_anonymized
RES-0771,DevOps Engineer,9,Associate's,B.Tech Computer Engineering,Azure|CI/CD|GCP|Prometheus|AWS|Kubernetes|Linux|Infrastructure as Code|GitOps|OpenTelemetry|Packer|ArgoCD|Cost Optimisation,CKA (Kubernetes),Achieved 26% cost reduction by right-sizing cloud infrastructure on Infrastructure as Code. // Improved system uptime to 99.9% SLA through improved monitoring and alerting.,"Infrastructure engineer with 9 years designing cloud-native platforms with Kubernetes, GCP, GitOps.",public_profile_anonymized
RES-0486,Full-Stack Developer,8,Bootcamp/Certification,B.Sc. Computer Science,CSS3|REST API|Docker|CI/CD|Express.js|PostgreSQL|Next.js|FastAPI|GraphQL|AWS|Jest|Elasticsearch|Scrum|GitHub Actions,,Shipped end-to-end feature that increased user retention by 23%. // Built an internal tooling dashboard serving 42+ engineering teams. // Integrated third-party payment gateway handling 43k transactions/month.,"Versatile engineer comfortable across the stack with 8 years of experience in CSS3, GraphQL, CI/CD.",kaggle_anonymized
RES-0538,Full-Stack Developer,2,Bootcamp/Certification,B.Tech Computer Engineering,CSS3|JavaScript|Git|HTML5|React|REST API|PostgreSQL|AWS|Node.js|MongoDB|WebSockets|Terraform,,Built an internal tooling dashboard serving 23+ engineering teams. // Shipped end-to-end feature that increased user retention by 25%. // Delivered a full-stack SaaS platform from design to production in 47 months.,"Full-stack developer with 2 years delivering end-to-end web applications using JavaScript, Node.js, PostgreSQL.",public_profile_anonymized
RES-0944,Mobile Developer,4,Master's,Diploma in Mobile App Development,Dart|Flutter|GraphQL|iOS|App Store Deployment|Android|React Native|Play Store Deployment|Kotlin|Swift|Xcode|REST API|Fastlane|In-App Purchases|UI Testing|GPS,AWS Mobile Developer,Achieved 28% reduction in app cold-start time through performance profiling.,"Experienced app engineer with 4+ years shipping production mobile apps in In-App Purchases, App Store Deployment, REST API.",kaggle_anonymized
RES-0506,Full-Stack Developer,9,Bachelor's,B.Tech Computer Engineering,FastAPI|Next.js|HTML5|Node.js|Docker|React|AWS|pytest|OAuth2|Terraform|GitHub Actions,,Shipped end-to-end feature that increased user retention by 50%. // Integrated third-party payment gateway handling 23k transactions/month.,"Full-stack developer with 9 years delivering end-to-end web applications using Docker, FastAPI, AWS.",synthetic
RES-0413,Full-Stack Developer,5,Master's,B.Tech Computer Engineering,Docker|FastAPI|MongoDB|JavaScript|React|CI/CD|Redis|Kubernetes|Terraform|Agile,Google Associate Cloud Engineer|Meta Front-End Developer,Delivered a full-stack SaaS platform from design to production in 46 months. // Shipped end-to-end feature that increased user retention by 46%.,"Full-stack engineer with 5+ years building and shipping products with Docker, FastAPI, React.",synthetic
RES-0875,Cloud Architect,4,Bachelor's,B.Sc. Computer Science,Auto Scaling|Cost Optimisation|VPC|Multi-cloud Strategy|Cloud Security|High Availability|Azure|Kubernetes|Lambda|GCP|Docker|Zero-Trust Security|Istio,AWS Solutions Architect Professional|TOGAF 9,"Architected serverless data pipeline processing 5M events/day. // Led cloud migration of 25-service estate to AWS, cutting TCO by 24%. // Designed a multi-region, active-active architecture with 99.83% availability SLA.","Senior cloud architect with 4+ years leading enterprise-scale cloud migrations using GCP, Istio, Kubernetes.",synthetic
RES-0966,Mobile Developer,5,Ph.D.,B.E. Software Engineering,Dart|Push Notifications|Flutter|iOS|Objective-C|Kotlin|Swift|React Native|Firebase|REST API|Detox|Accessibility,,Achieved 37% reduction in app cold-start time through performance profiling.,"Experienced app engineer with 5+ years shipping production mobile apps in Push Notifications, Swift, Kotlin.",synthetic
RES-0532,Full-Stack Developer,2,Bachelor's,B.Tech Computer Engineering,JavaScript|REST API|MongoDB|PostgreSQL|GraphQL|Next.js|CI/CD|Express.js|FastAPI|AWS|Redis|JWT|Microservices|Nginx,AWS Certified Developer,Delivered a full-stack SaaS platform from design to production in 50 months. // Delivered a full-stack SaaS platform from design to production in 24 months.,"Full-stack developer with 2 years delivering end-to-end web applications using JavaScript, CI/CD, GraphQL.",public_profile_anonymized
RES-0138,Backend Developer,4,Associate's,B.E. Software Engineering,PostgreSQL|Elasticsearch|Express.js|NestJS|C#|Message Queues|GraphQL|Ruby|AWS|CI/CD|OAuth2|GitHub Actions|Terraform,AWS Certified Developer|MongoDB Associate,Built a real-time notification service using GCP and message queues.,"Backend engineer with 4 years of experience building scalable APIs and microservices using Ruby, PostgreSQL, Express.js.",kaggle_anonymized
RES-0440,Full-Stack Developer,7,Bootcamp/Certification,B.Sc. Computer Science,AWS|REST API|MongoDB|Redis|FastAPI|Python|GraphQL|HTML5|Terraform|Kubernetes,,Shipped end-to-end feature that increased user retention by 19%.,"Full-stack developer with 7 years delivering end-to-end web applications using HTML5, GraphQL, Terraform.",synthetic
RES-0491,Full-Stack Developer,10,Bachelor's,M.Sc. Software Engineering,PostgreSQL|FastAPI|CI/CD|React|Git|AWS|Redis|Terraform|Jest,,Shipped end-to-end feature that increased user retention by 46%. // Integrated third-party payment gateway handling 39k transactions/month. // Integrated third-party payment gateway handling 25k transactions/month.,"Versatile engineer comfortable across the stack with 10 years of experience in Jest, Terraform, Git.",kaggle_anonymized
RES-0106,Backend Developer,8,Ph.D.,B.Tech Information Technology,Ruby|gRPC|Spring Boot|Kubernetes|MySQL|Elasticsearch|REST API|Redis|Go|Linux|Unit Testing,MongoDB Associate,"Optimised PostgreSQL query performance, cutting average response time by 32%.","Results-driven backend developer with 8+ years designing and maintaining distributed systems in Unit Testing, MySQL, Kubernetes.",synthetic
RES-0759,DevOps Engineer,6,Bachelor's,M.Sc. Cloud Computing,Prometheus|Helm|Bash|Linux|AWS|GCP|Kubernetes|Jenkins|Terraform|Azure|Python|Istio|Jaeger|Cost Optimisation|Security Hardening|Packer,,Achieved 40% cost reduction by right-sizing cloud infrastructure on Bash. // Containerised 36 legacy services with Docker and orchestrated with Kubernetes.,"DevOps engineer with 6 years automating infrastructure and improving deployment pipelines using Packer, Istio, AWS.",synthetic
RES-0939,Mobile Developer,1,Master's,B.E. Software Engineering,Swift|Play Store Deployment|Kotlin|Xcode|Flutter|Android|Bluetooth|Fastlane|Realm|Detox,Apple App Development with Swift,Reduced app crash rate from 7% to 0.9% through systematic debugging. // Achieved 31% reduction in app cold-start time through performance profiling.,"Experienced app engineer with 1+ years shipping production mobile apps in Fastlane, Xcode, Swift.",kaggle_anonymized
RES-0330,Frontend Developer,5,Bootcamp/Certification,B.Tech Information Technology,Nuxt.js|Vue.js|Vite|Responsive Design|GraphQL|TypeScript|HTML5|CSS3|Webpack|Angular|Cross-browser Compatibility|React|Git|CI/CD|Adobe XD,,Implemented WCAG 2.1 AA accessibility standards across the entire application. // Implemented WCAG 2.1 AA accessibility standards across the entire application.,"Passionate frontend engineer with 5 years of hands-on experience in Git, Vite, Nuxt.js.",public_profile_anonymized
RES-0518,Full-Stack Developer,4,Bootcamp/Certification,B.Tech Computer Engineering,TailwindCSS|JavaScript|React|REST API|Redis|CSS3|AWS|Node.js|Python|Docker|HTML5|FastAPI|JWT|GitHub Actions|Elasticsearch|OAuth2|Linux|Microservices,Google Associate Cloud Engineer|AWS Certified Developer,Delivered a full-stack SaaS platform from design to production in 21 months. // Built an internal tooling dashboard serving 30+ engineering teams. // Shipped end-to-end feature that increased user retention by 26%.,"Full-stack engineer with 4+ years building and shipping products with Node.js, Elasticsearch, CSS3.",public_profile_anonymized
RES-0171,Backend Developer,11,Ph.D.,M.Sc. Computer Science,GCP|AWS|Redis|PostgreSQL|Go|ORM|Jenkins|CI/CD|Linux|Apache Kafka|API Design|Celery,,"Designed and maintained a high-throughput REST API serving 45k requests/day. // Led migration of monolith to microservices, reducing deployment time by 24%. // Optimised PostgreSQL query performance, cutting average response time by 58%.","Experienced server-side developer specialising in Jenkins, ORM, AWS with 11 years of professional experience.",public_profile_anonymized
RES-0980,Mobile Developer,6,Associate's,B.Sc. Computer Science,Android Studio|Dart|Java|iOS|GraphQL|Push Notifications|Play Store Deployment|Flutter|Xcode|REST API|Swift|Android|CI/CD|Redux|Realm|MobX|XCTest,Google Associate Android Developer|Apple App Development with Swift,Reduced app crash rate from 5% to 1.4% through systematic debugging. // Shipped iOS and Android apps with 13k+ downloads in first month.,"Mobile developer with 6 years building cross-platform and native apps using Flutter, REST API, Android Studio.",kaggle_anonymized
RES-0004,Backend Developer,4,Master's,M.Sc. Computer Science,GCP|Redis|GraphQL|Microservices|REST API|NestJS|FastAPI|Rust|MySQL|Apache Kafka|JWT|RabbitMQ|API Design|Celery,AWS Certified Developer|Oracle Java SE,"Optimised PostgreSQL query performance, cutting average response time by 50%. // Built a real-time notification service using GCP and message queues.","Results-driven backend developer with 4+ years designing and maintaining distributed systems in REST API, MySQL, GraphQL.",public_profile_anonymized
RES-0011,Backend Developer,2,Bootcamp/Certification,B.Sc. Computer Science,ORM|Django|Node.js|Python|Express.js|Rust|Docker|Microservices|C#|gRPC|MongoDB|Linux|RabbitMQ|Apache Kafka|JWT|Celery,MongoDB Associate,"Led migration of monolith to microservices, reducing deployment time by 17%. // Designed and maintained a high-throughput REST API serving 24k requests/day. // Optimised PostgreSQL query performance, cutting average response time by 30%.","Experienced server-side developer specialising in ORM, Node.js, Linux with 2 years of professional experience.",synthetic
RES-0195,Backend Developer,3,Bachelor's,B.Sc. Computer Science,GCP|GraphQL|Rust|Redis|Elasticsearch|Java|ORM|Ruby|Spring Boot|PostgreSQL|MySQL|Apache Kafka|Bash|JWT|GitHub Actions,MongoDB Associate,"Optimised PostgreSQL query performance, cutting average response time by 44%. // Led migration of monolith to microservices, reducing deployment time by 50%.","Results-driven backend developer with 3+ years designing and maintaining distributed systems in Elasticsearch, Ruby, Spring Boot.",kaggle_anonymized
RES-0579,Data Scientist,7,Associate's,Ph.D. Computer Science,A/B Testing|PyTorch|Data Visualisation|SQL|Scikit-learn|Machine Learning|Natural Language Processing|Seaborn|Azure ML|Model Deployment,Databricks Certified Associate|IBM Data Science Professional,Developed a recommendation engine improving click-through rate by 51%. // Developed a recommendation engine improving click-through rate by 29%.,"Analytical data scientist with 7+ years of experience in Scikit-learn, Data Visualisation, A/B Testing and statistical modelling.",kaggle_anonymized
RES-0427,Full-Stack Developer,12,Ph.D.,B.Sc. Computer Science,HTML5|JavaScript|CI/CD|Redis|Express.js|TailwindCSS|FastAPI|CSS3|AWS|Scrum|Jest|pytest,,Built an internal tooling dashboard serving 29+ engineering teams.,"Full-stack engineer with 12+ years building and shipping products with CSS3, pytest, CI/CD.",kaggle_anonymized
RES-0689,Data Scientist,11,Master's,B.Sc. Mathematics,Deep Learning|Feature Engineering|Statistics|Matplotlib|Jupyter|Python|SQL|Scikit-learn|Seaborn|NumPy|TensorFlow|Hadoop|GCP Vertex AI|Spark|Looker|Airflow|AWS SageMaker,,"Developed a recommendation engine improving click-through rate by 53%. // Published research on SQL applied to time-series forecasting. // Built a churn prediction model with 35% accuracy, saving 28k ARR.","Machine learning practitioner with 11 years building predictive models with Scikit-learn, SQL, Python.",synthetic
RES-0157,Backend Developer,5,Bachelor's,B.Tech Information Technology,PostgreSQL|REST API|GCP|C#|Python|NestJS|Kubernetes|ORM|AWS|Spring Boot|Linux|Terraform|JWT,AWS Certified Developer,"Built a real-time notification service using REST API and message queues. // Led migration of monolith to microservices, reducing deployment time by 51%. // Built a real-time notification service using Kubernetes and message queues.","Backend engineer with 5 years of experience building scalable APIs and microservices using GCP, Python, AWS.",synthetic
RES-0788,DevOps Engineer,11,Bootcamp/Certification,B.E. Information Technology,Ansible|Docker|Python|Site Reliability Engineering|Monitoring|Linux|Vagrant|Istio|ArgoCD|Security Hardening|Capacity Planning,,Improved system uptime to 99.9% SLA through improved monitoring and alerting. // Achieved 55% cost reduction by right-sizing cloud infrastructure on AWS. // Containerised 41 legacy services with Docker and orchestrated with Kubernetes.,"Infrastructure engineer with 11 years designing cloud-native platforms with Docker, Ansible, Security Hardening.",synthetic
RES-0120,Backend Developer,9,Bachelor's,M.Sc. Computer Science,Azure|GCP|Ruby|Spring Boot|gRPC|C#|Kubernetes|Java|Celery|pytest|Linux,,"Built a real-time notification service using Express.js and message queues. // Optimised PostgreSQL query performance, cutting average response time by 17%.","Results-driven backend developer with 9+ years designing and maintaining distributed systems in pytest, gRPC, Java.",public_profile_anonymized
RES-0189,Backend Developer,6,Bootcamp/Certification,M.Sc. Computer Science,MongoDB|Go|Docker|PostgreSQL|GCP|Redis|AWS|Ruby|CI/CD|API Design|Terraform,AWS Certified Developer,Built a real-time notification service using AWS and message queues.,"Results-driven backend developer with 6+ years designing and maintaining distributed systems in Terraform, CI/CD, GCP.",kaggle_anonymized
RES-0497,Full-Stack Developer,4,Bootcamp/Certification,B.E. Software Engineering,Docker|Python|TypeScript|React|TailwindCSS|Scrum|Kubernetes|Linux|Terraform|Nginx,AWS Certified Developer,Shipped end-to-end feature that increased user retention by 25%. // Shipped end-to-end feature that increased user retention by 41%. // Delivered a full-stack SaaS platform from design to production in 23 months.,"Full-stack developer with 4 years delivering end-to-end web applications using TailwindCSS, Docker, React.",synthetic
RES-0476,Full-Stack Developer,2,Bachelor's,B.Tech Computer Engineering,HTML5|TailwindCSS|JavaScript|TypeScript|FastAPI|GraphQL|Next.js|Redis|REST API|Docker|Python|Terraform|Kubernetes|Jest,Google Associate Cloud Engineer|AWS Certified Developer,Integrated third-party payment gateway handling 18k transactions/month.,"Full-stack engineer with 2+ years building and shipping products with Python, Docker, Redis.",synthetic
RES-0746,DevOps Engineer,7,Associate's,B.E. Information Technology,Prometheus|CI/CD|AWS|Docker|GCP|Packer|Vault|Istio|Security Hardening|Service Mesh|Vagrant,,Reduced deployment lead time from 26 days to 4 hours by redesigning CI/CD pipeline. // Reduced deployment lead time from 10 days to 6 hours by redesigning CI/CD pipeline. // Containerised 25 legacy services with Docker and orchestrated with Kubernetes.,"Reliability-focused DevOps professional with 7+ years of experience in CI/CD, GCP, Service Mesh.",kaggle_anonymized
RES-0873,Cloud Architect,1,Master's,M.Sc. Computer Science,Azure|Kubernetes|Cost Optimisation|VPC|IAM|Serverless|Lambda|Cloud Security|High Availability|Disaster Recovery|GCP|Python|ArgoCD|FinOps|Ansible|SOC 2,AWS Solutions Architect Professional|Azure Solutions Architect Expert,"Architected serverless data pipeline processing 18M events/day. // Led cloud migration of 43-service estate to AWS, cutting TCO by 42%. // Led cloud migration of 14-service estate to AWS, cutting TCO by 59%.","Solutions architect with 1 years architecting multi-cloud environments with Python, GCP, Kubernetes.",synthetic
RES-0448,Full-Stack Developer,3,Bootcamp/Certification,M.Sc. Software Engineering,CI/CD|Python|Redis|Node.js|Docker|TypeScript|Express.js|Next.js|WebSockets|Elasticsearch|Terraform|OAuth2|Agile|Microservices,Google Associate Cloud Engineer|Meta Front-End Developer,Shipped end-to-end feature that increased user retention by 34%.,"Full-stack developer with 3 years delivering end-to-end web applications using Python, Microservices, Elasticsearch.",synthetic
RES-0014,Backend Developer,11,Bootcamp/Certification,B.Tech Information Technology,Kubernetes|GCP|C#|Elasticsearch|Redis|Spring Boot|REST API|MongoDB|Python|Microservices|SQL|GitHub Actions|JWT|Bash,Oracle Java SE,"Led migration of monolith to microservices, reducing deployment time by 25%. // Built a real-time notification service using Python and message queues.","Backend engineer with 11 years of experience building scalable APIs and microservices using Elasticsearch, MongoDB, Microservices.",synthetic
RES-0444,Full-Stack Developer,7,Ph.D.,B.E. Software Engineering,PostgreSQL|TailwindCSS|MongoDB|React|Express.js|Node.js|Git|REST API|JavaScript|Redis|Terraform|Jest,Meta Front-End Developer|Google Associate Cloud Engineer,Integrated third-party payment gateway handling 29k transactions/month. // Delivered a full-stack SaaS platform from design to production in 6 months.,"Full-stack developer with 7 years delivering end-to-end web applications using TailwindCSS, REST API, Node.js.",synthetic
RES-0430,Full-Stack Developer,5,Associate's,B.E. Software Engineering,CSS3|Python|Redis|CI/CD|Node.js|AWS|REST API|GitHub Actions|Elasticsearch,,Integrated third-party payment gateway handling 40k transactions/month.,"Full-stack developer with 5 years delivering end-to-end web applications using GitHub Actions, AWS, Elasticsearch.",synthetic
RES-0080,Backend Developer,10,Master's,B.Tech Information Technology,Django|Azure|MongoDB|NestJS|ORM|Node.js|Linux|Nginx|GitHub Actions|Apache Kafka|Unit Testing,,Built a real-time notification service using SQL and message queues. // Built a real-time notification service using Ruby and message queues.,"Backend engineer with 10 years of experience building scalable APIs and microservices using Apache Kafka, Node.js, GitHub Actions.",synthetic
RES-0406,Full-Stack Developer,8,Ph.D.,B.Tech Computer Engineering,Python|FastAPI|Next.js|MongoDB|Docker|GraphQL|Git|PostgreSQL|React|pytest|Scrum|JWT|Kubernetes|Nginx,AWS Certified Developer|Meta Front-End Developer,Shipped end-to-end feature that increased user retention by 27%. // Delivered a full-stack SaaS platform from design to production in 20 months.,"Versatile engineer comfortable across the stack with 8 years of experience in JWT, Python, Docker.",synthetic
RES-0740,DevOps Engineer,5,Bachelor's,B.E. Information Technology,Docker|GitHub Actions|Terraform|Site Reliability Engineering|CI/CD|Bash|AWS|Helm|Ansible|Grafana|Azure|Vagrant|Loki,,Containerised 43 legacy services with Docker and orchestrated with Kubernetes. // Reduced deployment lead time from 7 days to 2 hours by redesigning CI/CD pipeline.,"DevOps engineer with 5 years automating infrastructure and improving deployment pipelines using GitHub Actions, Ansible, Helm.",public_profile_anonymized
RES-0312,Frontend Developer,8,Ph.D.,B.Sc. Computer Science,GraphQL|REST API|React|Responsive Design|Cross-browser Compatibility|Vue.js|Zustand|Angular|Next.js|TypeScript|JavaScript|CI/CD|Node.js|Storybook|Performance Optimisation|Chart.js|PWA,Meta Front-End Developer,"Rebuilt company dashboard in JavaScript, improving load time by 44%. // Implemented WCAG 2.1 AA accessibility standards across the entire application.","Frontend developer with 8 years building responsive, accessible UIs with PWA, REST API, CI/CD.",synthetic
RES-0309,Frontend Developer,6,Associate's,B.Tech Information Technology,Accessibility|GraphQL|SASS|Next.js|CSS3|React|Vite|Responsive Design|Redux|HTML5|Cross-browser Compatibility|Git|Web Animations,Meta Front-End Developer,Reduced bundle size by 44% through code splitting and lazy loading.,"Passionate frontend engineer with 6 years of hands-on experience in Cross-browser Compatibility, SASS, CSS3.",kaggle_anonymized
RES-0765,DevOps Engineer,1,Bootcamp/Certification,B.Sc. Computer Science,Prometheus|AWS|Linux|Jenkins|Infrastructure as Code|CI/CD|Bash|Monitoring|Jaeger|HAProxy|Packer|Loki|Service Mesh|Cost Optimisation,,Improved system uptime to 99.95% SLA through improved monitoring and alerting. // Reduced deployment lead time from 30 days to 6 hours by redesigning CI/CD pipeline.,"DevOps engineer with 1 years automating infrastructure and improving deployment pipelines using Packer, Loki, Infrastructure as Code.",kaggle_anonymized
RES-0073,Backend Developer,9,Bootcamp/Certification,B.E. Software Engineering,Elasticsearch|Message Queues|SQL|Express.js|REST API|Python|GitHub Actions|API Design|JWT|Apache Kafka,MongoDB Associate|AWS Certified Developer,"Optimised PostgreSQL query performance, cutting average response time by 32%. // Optimised PostgreSQL query performance, cutting average response time by 34%. // Optimised PostgreSQL query performance, cutting average response time by 44%.","Experienced server-side developer specialising in Apache Kafka, GitHub Actions, Python with 9 years of professional experience.",kaggle_anonymized
RES-0541,Full-Stack Developer,7,Bootcamp/Certification,B.Sc. Computer Science,Git|TailwindCSS|Redis|TypeScript|Python|REST API|JWT|Jest,Google Associate Cloud Engineer,Delivered a full-stack SaaS platform from design to production in 32 months. // Integrated third-party payment gateway handling 9k transactions/month. // Delivered a full-stack SaaS platform from design to production in 41 months.,"Full-stack developer with 7 years delivering end-to-end web applications using JWT, TypeScript, Git.",public_profile_anonymized
RES-0567,Data Scientist,1,Master's,M.Sc. Statistics,A/B Testing|PyTorch|Seaborn|R|Jupyter|Feature Engineering|Data Visualisation|AWS SageMaker|Git,AWS Machine Learning Specialty|Databricks Certified Associate,Automated ETL pipelines reducing manual data preparation by 41%.,"Analytical data scientist with 1+ years of experience in AWS SageMaker, Feature Engineering, Data Visualisation and statistical modelling.",synthetic
RES-0835,Cloud Architect,9,Bootcamp/Certification,M.B.A. Technology Management,Cost Optimisation|Multi-cloud Strategy|VPC|Azure|AWS|FinOps|Compliance,Azure Solutions Architect Expert,"Designed a multi-region, active-active architecture with 99.6% availability SLA.","Senior cloud architect with 9+ years leading enterprise-scale cloud migrations using FinOps, AWS, Azure.",synthetic
RES-0722,DevOps Engineer,11,Bachelor's,B.Sc. Computer Science,Ansible|Azure|Infrastructure as Code|GCP|AWS|Jaeger|Cost Optimisation|Nginx|Capacity Planning|Flux|Security Hardening,,Reduced deployment lead time from 13 days to 7 hours by redesigning CI/CD pipeline. // Containerised 47 legacy services with Docker and orchestrated with Kubernetes. // Improved system uptime to 99.57% SLA through improved monitoring and alerting.,"Reliability-focused DevOps professional with 11+ years of experience in Jaeger, GCP, Infrastructure as Code.",synthetic
RES-0513,Full-Stack Developer,10,Associate's,B.Tech Computer Engineering,Redis|Node.js|React|Express.js|PostgreSQL|CSS3|Python|CI/CD|FastAPI|GraphQL|Jest|WebSockets|Agile,Google Associate Cloud Engineer|Meta Front-End Developer,Shipped end-to-end feature that increased user retention by 54%. // Built an internal tooling dashboard serving 47+ engineering teams.,"Full-stack engineer with 10+ years building and shipping products with Agile, FastAPI, Jest.",kaggle_anonymized
RES-0455,Full-Stack Developer,12,Master's,M.Sc. Software Engineering,TailwindCSS|PostgreSQL|React|HTML5|MongoDB|Next.js|CSS3|CI/CD|Node.js|Elasticsearch|Microservices,,Built an internal tooling dashboard serving 24+ engineering teams. // Delivered a full-stack SaaS platform from design to production in 44 months.,"Full-stack engineer with 12+ years building and shipping products with React, HTML5, Elasticsearch.",synthetic
RES-0113,Backend Developer,6,Associate's,B.E. Software Engineering,Message Queues|gRPC|Elasticsearch|Django|GCP|Java|NestJS|Express.js|C#|Go|GitHub Actions|Jenkins|Terraform|API Design|OAuth2,,Designed and maintained a high-throughput REST API serving 12k requests/day.,"Backend engineer with 6 years of experience building scalable APIs and microservices using Go, NestJS, Terraform.",synthetic
RES-0026,Backend Developer,1,Master's,B.E. Software Engineering,Django|MongoDB|Rust|Spring Boot|gRPC|AWS|PostgreSQL|Go|Unit Testing|Bash,MongoDB Associate,"Optimised PostgreSQL query performance, cutting average response time by 22%.","Experienced server-side developer specialising in gRPC, Unit Testing, Bash with 1 years of professional experience.",kaggle_anonymized
RES-0072,Backend Developer,6,Bachelor's,B.Tech Information Technology,Azure|Express.js|Python|Docker|Django|gRPC|PostgreSQL|FastAPI|NestJS|MongoDB|REST API|Celery|Unit Testing|Bash|OAuth2|GitHub Actions,,"Designed and maintained a high-throughput REST API serving 7k requests/day. // Optimised PostgreSQL query performance, cutting average response time by 21%. // Built a real-time notification service using MySQL and message queues.","Experienced server-side developer specialising in Docker, Azure, Express.js with 6 years of professional experience.",synthetic
RES-0573,Data Scientist,3,Bachelor's,M.Sc. Statistics,Pandas|R|Matplotlib|NumPy|Feature Engineering|A/B Testing|SQL|Statistics|PyTorch|Spark|MLflow|Hadoop|GCP Vertex AI|Docker|Experiment Tracking,Google Professional Data Engineer|Databricks Certified Associate,Developed a recommendation engine improving click-through rate by 19%. // Developed a recommendation engine improving click-through rate by 33%.,"Machine learning practitioner with 3 years building predictive models with Matplotlib, Docker, SQL.",public_profile_anonymized
RES-0421,Full-Stack Developer,5,Bootcamp/Certification,B.Sc. Computer Science,REST API|Redis|HTML5|MongoDB|CSS3|Git|CI/CD|pytest|Terraform|Jest|Linux,,Integrated third-party payment gateway handling 34k transactions/month. // Integrated third-party payment gateway handling 17k transactions/month. // Delivered a full-stack SaaS platform from design to production in 50 months.,"Versatile engineer comfortable across the stack with 5 years of experience in pytest, Jest, MongoDB.",synthetic
RES-0343,Frontend Developer,10,Bachelor's,B.Sc. Computer Science,Webpack|HTML5|Cross-browser Compatibility|JavaScript|Vue.js|Accessibility|React|Next.js|Redux|Angular|Nuxt.js|Zustand|Git|D3.js,AWS Cloud Practitioner,"Rebuilt company dashboard in Cross-browser Compatibility, improving load time by 49%. // Rebuilt company dashboard in Redux, improving load time by 60%. // Rebuilt company dashboard in Vite, improving load time by 41%.","Frontend developer with 10 years building responsive, accessible UIs with Zustand, Vue.js, HTML5.",synthetic
RES-0516,Full-Stack Developer,12,Bootcamp/Certification,B.Tech Computer Engineering,Git|Python|FastAPI|TailwindCSS|Next.js|HTML5|JavaScript|Express.js|REST API|TypeScript|CI/CD|Redis|Kubernetes|pytest|Elasticsearch,AWS Certified Developer|Google Associate Cloud Engineer,Built an internal tooling dashboard serving 47+ engineering teams. // Shipped end-to-end feature that increased user retention by 31%.,"Full-stack engineer with 12+ years building and shipping products with Kubernetes, TailwindCSS, HTML5.",public_profile_anonymized
RES-0594,Data Scientist,2,Master's,B.Sc. Mathematics,Jupyter|A/B Testing|Scikit-learn|PyTorch|Natural Language Processing|Seaborn|Machine Learning|Pandas|SQL|R|Model Deployment|Airflow,Google Professional Data Engineer|IBM Data Science Professional,Developed a recommendation engine improving click-through rate by 26%.,"Machine learning practitioner with 2 years building predictive models with Machine Learning, Airflow, Jupyter.",synthetic
RES-0677,Data Scientist,2,Associate's,Ph.D. Computer Science,Feature Engineering|Matplotlib|R|PyTorch|Data Visualisation|Seaborn|Pandas|A/B Testing|Python|Power BI|Azure ML|Docker|Bayesian Statistics,,Developed a recommendation engine improving click-through rate by 52%.,"Data scientist with 2 years transforming raw data into actionable insights using Docker, Python, Power BI.",public_profile_anonymized
RES-0751,DevOps Engineer,5,Ph.D.,B.Tech Computer Engineering,Terraform|CI/CD|Python|Kubernetes|Bash|Jenkins|GitHub Actions|Prometheus|Grafana|Ansible|Service Mesh|Istio|Jaeger|HAProxy,HashiCorp Terraform Associate,Achieved 59% cost reduction by right-sizing cloud infrastructure on Prometheus. // Achieved 41% cost reduction by right-sizing cloud infrastructure on Bash. // Reduced deployment lead time from 10 days to 3 hours by redesigning CI/CD pipeline.,"Infrastructure engineer with 5 years designing cloud-native platforms with Istio, Jaeger, HAProxy.",synthetic
RES-0649,Data Scientist,10,Ph.D.,M.Sc. Machine Learning,Pandas|Python|NumPy|Data Visualisation|Seaborn|PyTorch|TensorFlow|SQL|Deep Learning|Looker|MLflow,Google Professional Data Engineer|Databricks Certified Associate,Automated ETL pipelines reducing manual data preparation by 43%. // Automated ETL pipelines reducing manual data preparation by 27%.,"Data scientist with 10 years transforming raw data into actionable insights using Seaborn, Data Visualisation, Deep Learning.",public_profile_anonymized
RES-0527,Full-Stack Developer,4,Bachelor's,B.Sc. Computer Science,TypeScript|Express.js|Python|Next.js|GraphQL|React|Terraform|Kubernetes|WebSockets|Nginx|Elasticsearch,,Built an internal tooling dashboard serving 2+ engineering teams. // Integrated third-party payment gateway handling 29k transactions/month. // Delivered a full-stack SaaS platform from design to production in 38 months.,"Full-stack engineer with 4+ years building and shipping products with React, TypeScript, Nginx.",kaggle_anonymized
RES-0561,Data Scientist,10,Associate's,M.Sc. Data Science,Deep Learning|Scikit-learn|Pandas|R|Python|Jupyter|PyTorch|Feature Engineering|Machine Learning|Tableau|GCP Vertex AI,IBM Data Science Professional,Automated ETL pipelines reducing manual data preparation by 55%. // Developed a recommendation engine improving click-through rate by 30%.,"Analytical data scientist with 10+ years of experience in PyTorch, Scikit-learn, Pandas and statistical modelling.",public_profile_anonymized
RES-0103,Backend Developer,10,Bachelor's,B.E. Software Engineering,Node.js|REST API|Express.js|AWS|FastAPI|Message Queues|PostgreSQL|Django|NestJS|Python|ORM|Terraform|API Design|Jenkins|pytest,,"Optimised PostgreSQL query performance, cutting average response time by 41%. // Optimised PostgreSQL query performance, cutting average response time by 48%.","Backend engineer with 10 years of experience building scalable APIs and microservices using FastAPI, Terraform, NestJS.",kaggle_anonymized
RES-0811,DevOps Engineer,1,Bachelor's,B.E. Information Technology,Helm|Infrastructure as Code|Azure|GCP|Kubernetes|Jenkins|Packer|Cost Optimisation|Nginx|Security Hardening,Google Professional DevOps Engineer,Containerised 33 legacy services with Docker and orchestrated with Kubernetes.,"Infrastructure engineer with 1 years designing cloud-native platforms with Cost Optimisation, Helm, Kubernetes.",synthetic
RES-0997,Mobile Developer,3,Ph.D.,B.E. Software Engineering,Swift|Android Studio|iOS|React Native|Dart|Kotlin|Java|Android|GraphQL|Objective-C|Firebase|Flutter|Accessibility|Unit Testing,AWS Mobile Developer,"Integrated offline-first architecture, improving UX in low-connectivity regions. // Reduced app crash rate from 5% to 1.4% through systematic debugging. // Achieved 59% reduction in app cold-start time through performance profiling.","Mobile engineer with 3 years crafting performant iOS and Android experiences with Flutter, Unit Testing, iOS.",synthetic
RES-0410,Full-Stack Developer,12,Bootcamp/Certification,M.Sc. Software Engineering,CI/CD|GraphQL|CSS3|PostgreSQL|Next.js|JavaScript|Elasticsearch|Kubernetes|JWT,Google Associate Cloud Engineer,Shipped end-to-end feature that increased user retention by 53%. // Shipped end-to-end feature that increased user retention by 43%.,"Versatile engineer comfortable across the stack with 12 years of experience in PostgreSQL, CSS3, CI/CD.",synthetic
RES-0426,Full-Stack Developer,1,Ph.D.,M.Sc. Software Engineering,REST API|Docker|AWS|Express.js|Redis|JavaScript|Microservices|Scrum|Agile,,Delivered a full-stack SaaS platform from design to production in 37 months.,"Full-stack engineer with 1+ years building and shipping products with REST API, AWS, Agile.",public_profile_anonymized
RES-0477,Full-Stack Developer,7,Bachelor's,B.Tech Computer Engineering,TailwindCSS|Redis|JavaScript|CSS3|PostgreSQL|Docker|REST API|HTML5|Kubernetes|Nginx|pytest|Microservices,Google Associate Cloud Engineer|Meta Front-End Developer,Delivered a full-stack SaaS platform from design to production in 31 months. // Shipped end-to-end feature that increased user retention by 15%.,"Full-stack developer with 7 years delivering end-to-end web applications using pytest, JavaScript, Microservices.",synthetic
RES-0226,Frontend Developer,5,Bootcamp/Certification,B.Tech Information Technology,Zustand|REST API|CSS3|Accessibility|Redux|Vite|Cross-browser Compatibility|Web Animations|Figma|Adobe XD|Cypress|Jest,AWS Cloud Practitioner,Developed a reusable component library with 35+ components used across 10 products. // Implemented WCAG 2.1 AA accessibility standards across the entire application. // Developed a reusable component library with 21+ components used across 8 products.,"Passionate frontend engineer with 5 years of hands-on experience in Figma, Vite, REST API.",synthetic
RES-0362,Frontend Developer,6,Master's,Diploma in Web Development,CSS3|Webpack|JavaScript|REST API|Angular|TailwindCSS|Cypress|CI/CD|Performance Optimisation,AWS Cloud Practitioner,Reduced bundle size by 56% through code splitting and lazy loading.,"Frontend developer with 6 years building responsive, accessible UIs with Angular, Cypress, Performance Optimisation.",synthetic
RES-0487,Full-Stack Developer,9,Associate's,B.Tech Computer Engineering,JavaScript|AWS|CI/CD|TailwindCSS|Next.js|MongoDB|CSS3|OAuth2|Redis|Jest|Agile|pytest|Linux,Meta Front-End Developer|Google Associate Cloud Engineer,Delivered a full-stack SaaS platform from design to production in 10 months.,"Full-stack developer with 9 years delivering end-to-end web applications using AWS, Redis, TailwindCSS.",synthetic
RES-0504,Full-Stack Developer,11,Bootcamp/Certification,B.Tech Computer Engineering,Docker|JavaScript|TailwindCSS|Python|Redis|JWT|OAuth2|WebSockets|Microservices,,Delivered a full-stack SaaS platform from design to production in 30 months.,"Full-stack developer with 11 years delivering end-to-end web applications using JavaScript, OAuth2, TailwindCSS.",synthetic
RES-0432,Full-Stack Developer,12,Bootcamp/Certification,B.Tech Computer Engineering,Redis|PostgreSQL|Node.js|Python|Next.js|CSS3|GitHub Actions,Meta Front-End Developer|Google Associate Cloud Engineer,Shipped end-to-end feature that increased user retention by 37%. // Built an internal tooling dashboard serving 35+ engineering teams. // Integrated third-party payment gateway handling 6k transactions/month.,"Versatile engineer comfortable across the stack with 12 years of experience in Node.js, Redis, GitHub Actions.",kaggle_anonymized
RES-0906,Cloud Architect,9,Bootcamp/Certification,B.Sc. Computer Science,Docker|Cloud Security|Disaster Recovery|Auto Scaling|Load Balancing|Cost Optimisation|Kubernetes|IAM|Lambda|VPC|ArgoCD|Solution Design,Google Professional Cloud Architect|TOGAF 9,"Designed a multi-region, active-active architecture with 99.86% availability SLA.","Solutions architect with 9 years architecting multi-cloud environments with Disaster Recovery, Solution Design, Kubernetes.",kaggle_anonymized
RES-0651,Data Scientist,11,Bootcamp/Certification,M.Sc. Statistics,SQL|Python|NumPy|Scikit-learn|Jupyter|Feature Engineering|Hypothesis Testing|Hadoop,IBM Data Science Professional,Published research on Machine Learning applied to time-series forecasting.,"Analytical data scientist with 11+ years of experience in NumPy, Scikit-learn, Python and statistical modelling.",public_profile_anonymized
RES-0076,Backend Developer,5,Ph.D.,B.Sc. Computer Science,Java|Go|ORM|GCP|Rust|NestJS|Spring Boot|Express.js|gRPC|Ruby|MySQL|CI/CD|Jenkins|Apache Kafka|OAuth2|pytest,AWS Certified Developer,"Designed and maintained a high-throughput REST API serving 3k requests/day. // Led migration of monolith to microservices, reducing deployment time by 50%. // Led migration of monolith to microservices, reducing deployment time by 26%.","Results-driven backend developer with 5+ years designing and maintaining distributed systems in Spring Boot, Express.js, Ruby.",kaggle_anonymized
RES-0268,Frontend Developer,3,Bootcamp/Certification,B.Tech Information Technology,Zustand|HTML5|Redux|Cross-browser Compatibility|Webpack|Next.js|Angular|TypeScript|React|Nuxt.js|PWA|Storybook|SEO|D3.js|Chart.js|Git,,Implemented WCAG 2.1 AA accessibility standards across the entire application. // Implemented WCAG 2.1 AA accessibility standards across the entire application. // Implemented WCAG 2.1 AA accessibility standards across the entire application.,"Frontend developer with 3 years building responsive, accessible UIs with TypeScript, HTML5, Redux.",public_profile_anonymized
RES-0306,Frontend Developer,4,Bootcamp/Certification,Diploma in Web Development,Webpack|CSS3|HTML5|Accessibility|Redux|Nuxt.js|TypeScript|Cross-browser Compatibility|Next.js|PWA|Jest|Cypress|Storybook,Google UX Design|Meta Front-End Developer,Implemented WCAG 2.1 AA accessibility standards across the entire application.,"Passionate frontend engineer with 4 years of hands-on experience in Cross-browser Compatibility, TypeScript, Nuxt.js.",synthetic
RES-0183,Backend Developer,7,Master's,B.E. Software Engineering,Python|PostgreSQL|Java|Message Queues|SQL|C#|ORM|API Design|Terraform|GitHub Actions|pytest|Jenkins|Celery,Oracle Java SE|MongoDB Associate,"Led migration of monolith to microservices, reducing deployment time by 53%. // Built a real-time notification service using MySQL and message queues.","Backend engineer with 7 years of experience building scalable APIs and microservices using GitHub Actions, C#, Terraform.",public_profile_anonymized
RES-0707,DevOps Engineer,4,Bachelor's,M.Sc. Cloud Computing,Site Reliability Engineering|CI/CD|Grafana|Terraform|GitHub Actions|Kubernetes|Prometheus|Monitoring|GCP|Linux|Helm|Security Hardening|Istio|Nginx|Loki|Jaeger|HAProxy,CKA (Kubernetes)|AWS DevOps Engineer Professional,Achieved 17% cost reduction by right-sizing cloud infrastructure on Linux. // Reduced deployment lead time from 9 days to 8 hours by redesigning CI/CD pipeline.,"DevOps engineer with 4 years automating infrastructure and improving deployment pipelines using Grafana, Prometheus, Terraform.",synthetic
RES-0221,Frontend Developer,3,Ph.D.,B.Sc. Computer Science,GraphQL|React|JavaScript|HTML5|TypeScript|Redux|REST API|TailwindCSS|Zustand|Cross-browser Compatibility|Accessibility|Nuxt.js|Figma|Chart.js|Adobe XD|Performance Optimisation|Git|Jest,,Reduced bundle size by 52% through code splitting and lazy loading. // Reduced bundle size by 47% through code splitting and lazy loading. // Developed a reusable component library with 47+ components used across 2 products.,"Creative UI engineer with 3+ years of experience crafting pixel-perfect interfaces using Chart.js, Performance Optimisation, HTML5.",kaggle_anonymized
RES-0057,Backend Developer,10,Ph.D.,B.Tech Information Technology,C#|REST API|Elasticsearch|GCP|Spring Boot|Redis|Express.js|MySQL|Kubernetes|MongoDB|pytest|Bash|Terraform|Jenkins|RabbitMQ,AWS Certified Developer|Oracle Java SE,"Built a real-time notification service using Azure and message queues. // Led migration of monolith to microservices, reducing deployment time by 52%. // Optimised PostgreSQL query performance, cutting average response time by 17%.","Experienced server-side developer specialising in Redis, Express.js, Elasticsearch with 10 years of professional experience.",kaggle_anonymized
RES-0109,Backend Developer,2,Bootcamp/Certification,M.Sc. Computer Science,Express.js|Docker|C#|Message Queues|Microservices|Node.js|Python|gRPC|Django|Ruby|ORM|Redis|JWT|API Design|OAuth2|Apache Kafka|Celery,Oracle Java SE|MongoDB Associate,"Optimised PostgreSQL query performance, cutting average response time by 17%. // Built a real-time notification service using FastAPI and message queues.","Backend engineer with 2 years of experience building scalable APIs and microservices using Redis, Ruby, C#.",synthetic
RES-0441,Full-Stack Developer,11,Ph.D.,B.Tech Computer Engineering,MongoDB|HTML5|Node.js|GraphQL|PostgreSQL|Git|JavaScript|CI/CD|TailwindCSS|Kubernetes|Agile,,Shipped end-to-end feature that increased user retention by 60%. // Built an internal tooling dashboard serving 50+ engineering teams.,"Versatile engineer comfortable across the stack with 11 years of experience in Node.js, MongoDB, Agile.",synthetic
RES-0143,Backend Developer,1,Associate's,B.E. Software Engineering,Azure|PostgreSQL|Spring Boot|Python|Message Queues|GraphQL|ORM|Elasticsearch|FastAPI|SQL|MongoDB|NestJS|GitHub Actions|Linux|API Design,,"Optimised PostgreSQL query performance, cutting average response time by 31%. // Built a real-time notification service using Rust and message queues. // Built a real-time notification service using Ruby and message queues.","Experienced server-side developer specialising in Azure, Spring Boot, API Design with 1 years of professional experience.",public_profile_anonymized
RES-0592,Data Scientist,6,Ph.D.,M.Sc. Statistics,Statistics|Matplotlib|Feature Engineering|PyTorch|Deep Learning|Natural Language Processing|Pandas|R|Data Visualisation|TensorFlow|Spark|Git|Experiment Tracking|Bayesian Statistics|Model Deployment|MLflow,,Published research on Python applied to time-series forecasting. // Developed a recommendation engine improving click-through rate by 51%. // Automated ETL pipelines reducing manual data preparation by 42%.,"Machine learning practitioner with 6 years building predictive models with PyTorch, Bayesian Statistics, Data Visualisation.",synthetic
RES-0038,Backend Developer,10,Master's,M.Sc. Computer Science,Kubernetes|Go|GraphQL|NestJS|Message Queues|ORM|Node.js|Spring Boot|Elasticsearch|Azure|Apache Kafka|Bash|Linux|Nginx,,Built a real-time notification service using Microservices and message queues.,"Results-driven backend developer with 10+ years designing and maintaining distributed systems in Linux, Azure, Nginx.",public_profile_anonymized
RES-0565,Data Scientist,5,Ph.D.,B.Sc. Mathematics,Jupyter|SQL|Pandas|Scikit-learn|A/B Testing|Natural Language Processing|Data Visualisation|Machine Learning|Deep Learning|PyTorch|Feature Engineering|Azure ML|Looker|Spark|AWS SageMaker|Git|Docker,Google Professional Data Engineer|Databricks Certified Associate,"Built a churn prediction model with 29% accuracy, saving 16k ARR.","Machine learning practitioner with 5 years building predictive models with Scikit-learn, Spark, Looker.",kaggle_anonymized
RES-0243,Frontend Developer,6,Bachelor's,B.Tech Information Technology,REST API|Cross-browser Compatibility|GraphQL|Responsive Design|Redux|Zustand|TailwindCSS|HTML5|TypeScript|CSS3|React|GitHub|Figma|Adobe XD,,"Rebuilt company dashboard in CSS3, improving load time by 21%. // Implemented WCAG 2.1 AA accessibility standards across the entire application.","Frontend developer with 6 years building responsive, accessible UIs with GitHub, CSS3, GraphQL.",public_profile_anonymized
RES-0233,Frontend Developer,2,Associate's,B.Tech Information Technology,Angular|Zustand|JavaScript|TypeScript|SASS|REST API|CSS3|Responsive Design|Next.js|Web Animations|Node.js|SEO|D3.js|Chart.js|Adobe XD,,"Implemented WCAG 2.1 AA accessibility standards across the entire application. // Rebuilt company dashboard in Webpack, improving load time by 15%. // Reduced bundle size by 56% through code splitting and lazy loading.","Passionate frontend engineer with 2 years of hands-on experience in Zustand, REST API, CSS3.",public_profile_anonymized
RES-0111,Backend Developer,1,Bachelor's,B.Tech Information Technology,GraphQL|gRPC|REST API|Go|MongoDB|Django|pytest|Celery|Nginx|API Design|Unit Testing,MongoDB Associate,Built a real-time notification service using Spring Boot and message queues.,"Backend engineer with 1 years of experience building scalable APIs and microservices using gRPC, Celery, Go.",public_profile_anonymized
RES-0163,Backend Developer,1,Ph.D.,B.Sc. Computer Science,GraphQL|C#|Microservices|Kubernetes|Spring Boot|Elasticsearch|Bash|JWT|Linux|Celery|Jenkins|API Design,,"Built a real-time notification service using PostgreSQL and message queues. // Led migration of monolith to microservices, reducing deployment time by 36%.","Results-driven backend developer with 1+ years designing and maintaining distributed systems in GraphQL, C#, Celery.",public_profile_anonymized
RES-0313,Frontend Developer,9,Bootcamp/Certification,B.A. Web Design,Responsive Design|Webpack|TypeScript|TailwindCSS|Cross-browser Compatibility|Accessibility|Nuxt.js|PWA|Jest|Web Animations|GitHub,,"Rebuilt company dashboard in React, improving load time by 48%.","Passionate frontend engineer with 9 years of hands-on experience in PWA, Nuxt.js, Responsive Design.",synthetic
RES-0482,Full-Stack Developer,4,Associate's,B.E. Software Engineering,REST API|Next.js|PostgreSQL|Docker|Python|Git|Jest|Elasticsearch|WebSockets|Nginx,Meta Front-End Developer,Integrated third-party payment gateway handling 27k transactions/month.,"Full-stack developer with 4 years delivering end-to-end web applications using Docker, WebSockets, Next.js.",public_profile_anonymized
RES-0231,Frontend Developer,9,Associate's,B.A. Web Design,Zustand|SASS|Angular|JavaScript|Vite|Accessibility|Responsive Design|TypeScript|GraphQL|Redux|Web Animations|Cypress|Storybook|Adobe XD,,Implemented WCAG 2.1 AA accessibility standards across the entire application. // Reduced bundle size by 39% through code splitting and lazy loading. // Developed a reusable component library with 33+ components used across 10 products.,"Creative UI engineer with 9+ years of experience crafting pixel-perfect interfaces using GraphQL, Responsive Design, SASS.",kaggle_anonymized
RES-0297,Frontend Developer,1,Bachelor's,B.Tech Information Technology,Vite|Cross-browser Compatibility|TypeScript|CSS3|Redux|Chart.js|Figma,,"Rebuilt company dashboard in Redux, improving load time by 32%.","Passionate frontend engineer with 1 years of hands-on experience in Redux, Chart.js, TypeScript.",kaggle_anonymized
RES-0335,Frontend Developer,3,Bootcamp/Certification,B.A. Web Design,React|Zustand|Angular|Nuxt.js|Redux|Cypress|SEO|Jest|CI/CD|Figma|Node.js,,"Reduced bundle size by 33% through code splitting and lazy loading. // Developed a reusable component library with 2+ components used across 2 products. // Rebuilt company dashboard in TailwindCSS, improving load time by 34%.","Frontend developer with 3 years building responsive, accessible UIs with Redux, Zustand, SEO.",kaggle_anonymized
RES-0121,Backend Developer,9,Associate's,B.Sc. Computer Science,Java|SQL|AWS|Express.js|MySQL|FastAPI|C#|Azure|Message Queues|Kubernetes|GitHub Actions|Linux|OAuth2,AWS Certified Developer,Built a real-time notification service using PostgreSQL and message queues.,"Results-driven backend developer with 9+ years designing and maintaining distributed systems in OAuth2, GitHub Actions, Java.",synthetic
RES-0611,Data Scientist,12,Bachelor's,B.Sc. Mathematics,NumPy|Statistics|Matplotlib|R|Pandas|Seaborn|Machine Learning|dbt|Experiment Tracking,Databricks Certified Associate|AWS Machine Learning Specialty,Developed a recommendation engine improving click-through rate by 34%. // Developed a recommendation engine improving click-through rate by 41%.,"Data scientist with 12 years transforming raw data into actionable insights using Statistics, Seaborn, Experiment Tracking.",synthetic
RES-0379,Full-Stack Developer,9,Master's,M.Sc. Software Engineering,Git|CSS3|Next.js|Node.js|JavaScript|AWS|Express.js|TailwindCSS|REST API|CI/CD|FastAPI|Terraform|WebSockets,Google Associate Cloud Engineer|Meta Front-End Developer,Delivered a full-stack SaaS platform from design to production in 24 months. // Shipped end-to-end feature that increased user retention by 28%.,"Full-stack developer with 9 years delivering end-to-end web applications using JavaScript, Express.js, Git.",kaggle_anonymized
RES-0732,DevOps Engineer,1,Associate's,B.Tech Computer Engineering,Ansible|Bash|Grafana|GitHub Actions|GCP|Security Hardening|Service Mesh|Jaeger|GitOps,,Reduced deployment lead time from 11 days to 9 hours by redesigning CI/CD pipeline.,"Infrastructure engineer with 1 years designing cloud-native platforms with GitHub Actions, Jaeger, Security Hardening.",synthetic
RES-0829,Cloud Architect,2,Master's,B.Sc. Computer Science,Kubernetes|VPC|Serverless|Cloud Security|High Availability|AWS|Load Balancing|Bash|Compliance|Pulumi|Python|GDPR|CDK,,Established cloud governance framework adopted across 4 business units.,"Senior cloud architect with 2+ years leading enterprise-scale cloud migrations using VPC, Kubernetes, Bash.",synthetic
RES-0916,Cloud Architect,6,Bootcamp/Certification,M.B.A. Technology Management,Serverless|Cloud Security|Cost Optimisation|Load Balancing|Disaster Recovery|Kubernetes|Terraform|VPC|Multi-cloud Strategy|Lambda|Ansible|Zero-Trust Security|Vault|Helm|Service Mesh|Bash,Azure Solutions Architect Expert,"Established cloud governance framework adopted across 29 business units. // Led cloud migration of 5-service estate to AWS, cutting TCO by 20%.","Cloud architect with 6 years designing resilient, scalable cloud platforms on Vault, Ansible, Terraform.",synthetic
RES-0896,Cloud Architect,12,Master's,M.Sc. Computer Science,Cost Optimisation|Auto Scaling|Serverless|Disaster Recovery|Azure|Docker|Load Balancing|Cloud Security|High Availability|Terraform|AWS|VPC|Service Mesh|SOC 2|Helm,AWS Solutions Architect Professional|TOGAF 9,"Led cloud migration of 22-service estate to AWS, cutting TCO by 16%. // Designed a multi-region, active-active architecture with 99.67% availability SLA. // Architected serverless data pipeline processing 40M events/day.","Cloud architect with 12 years designing resilient, scalable cloud platforms on Disaster Recovery, VPC, Cloud Security.",synthetic
RES-0931,Mobile Developer,9,Ph.D.,B.Sc. Computer Science,Dart|App Store Deployment|Firebase|Android Studio|Swift|Android|iOS|XCTest|Detox|In-App Purchases|UI Testing,,Reduced app crash rate from 3% to 1.5% through systematic debugging. // Reduced app crash rate from 7% to 1.4% through systematic debugging.,"Experienced app engineer with 9+ years shipping production mobile apps in iOS, XCTest, UI Testing.",kaggle_anonymized
RES-0329,Frontend Developer,10,Master's,B.A. Web Design,Vue.js|Angular|Redux|REST API|GraphQL|Nuxt.js|PWA|D3.js|Git|Adobe XD|GitHub,AWS Cloud Practitioner|Meta Front-End Developer,"Rebuilt company dashboard in HTML5, improving load time by 58%.","Passionate frontend engineer with 10 years of hands-on experience in Adobe XD, GraphQL, Angular.",synthetic
RES-0624,Data Scientist,5,Master's,M.Sc. Machine Learning,Python|Seaborn|Jupyter|SQL|Deep Learning|Machine Learning|Scikit-learn|Power BI|MLflow,Databricks Certified Associate,"Developed a recommendation engine improving click-through rate by 28%. // Built a churn prediction model with 31% accuracy, saving 28k ARR.","Machine learning practitioner with 5 years building predictive models with SQL, Jupyter, Python.",synthetic
RES-0224,Frontend Developer,11,Ph.D.,B.A. Web Design,CSS3|Redux|HTML5|Next.js|REST API|Zustand|GitHub|PWA|Cypress|Storybook|SEO|Node.js,,Reduced bundle size by 30% through code splitting and lazy loading.,"Creative UI engineer with 11+ years of experience crafting pixel-perfect interfaces using Zustand, GitHub, Node.js.",synthetic
RES-0331,Frontend Developer,1,Bachelor's,Diploma in Web Development,React|Webpack|Cross-browser Compatibility|Redux|CSS3|TypeScript|Next.js|Accessibility|CI/CD|Storybook|GitHub|Adobe XD|Cypress,Google UX Design,"Rebuilt company dashboard in TailwindCSS, improving load time by 57%. // Rebuilt company dashboard in Vite, improving load time by 47%.","Passionate frontend engineer with 1 years of hands-on experience in Cypress, Webpack, TypeScript.",synthetic
RES-0744,DevOps Engineer,11,Associate's,M.Sc. Cloud Computing,Monitoring|Jenkins|Azure|GitHub Actions|Infrastructure as Code|Service Mesh|Vault|ELK Stack|Security Hardening|Nginx|Jaeger,,Improved system uptime to 99.91% SLA through improved monitoring and alerting. // Improved system uptime to 99.54% SLA through improved monitoring and alerting.,"DevOps engineer with 11 years automating infrastructure and improving deployment pipelines using ELK Stack, Jenkins, Vault.",synthetic
RES-0577,Data Scientist,11,Master's,M.Sc. Statistics,R|Seaborn|Jupyter|TensorFlow|Data Visualisation|Tableau|Git|Model Deployment|Power BI|GCP Vertex AI,AWS Machine Learning Specialty|IBM Data Science Professional,Published research on Feature Engineering applied to time-series forecasting. // Automated ETL pipelines reducing manual data preparation by 55%. // Developed a recommendation engine improving click-through rate by 21%.,"Data scientist with 11 years transforming raw data into actionable insights using Seaborn, TensorFlow, Jupyter.",public_profile_anonymized
RES-0741,DevOps Engineer,2,Ph.D.,B.E. Information Technology,Jenkins|Infrastructure as Code|Kubernetes|AWS|CI/CD|HAProxy|OpenTelemetry|Flux,AWS DevOps Engineer Professional|HashiCorp Terraform Associate,Achieved 60% cost reduction by right-sizing cloud infrastructure on Terraform. // Achieved 25% cost reduction by right-sizing cloud infrastructure on Terraform. // Achieved 48% cost reduction by right-sizing cloud infrastructure on Site Reliability Engineering.,"Reliability-focused DevOps professional with 2+ years of experience in Flux, HAProxy, Kubernetes.",kaggle_anonymized
RES-0511,Full-Stack Developer,4,Associate's,B.Tech Computer Engineering,MongoDB|Express.js|REST API|Redis|CI/CD|GraphQL|TailwindCSS|Python|Node.js|Docker|AWS|Nginx|Scrum|Microservices|Kubernetes,,Delivered a full-stack SaaS platform from design to production in 40 months.,"Full-stack developer with 4 years delivering end-to-end web applications using CI/CD, TailwindCSS, Microservices.",synthetic
RES-0492,Full-Stack Developer,9,Master's,B.Tech Computer Engineering,GraphQL|MongoDB|Git|CSS3|TailwindCSS|Python|JavaScript|REST API|Docker|CI/CD|React|AWS|Kubernetes|GitHub Actions|Agile,AWS Certified Developer|Meta Front-End Developer,Shipped end-to-end feature that increased user retention by 25%.,"Full-stack developer with 9 years delivering end-to-end web applications using Kubernetes, Git, React.",public_profile_anonymized
RES-0654,Data Scientist,4,Master's,B.Sc. Mathematics,Data Visualisation|Scikit-learn|Python|Machine Learning|TensorFlow|Statistics|PyTorch|Feature Engineering|NumPy|Natural Language Processing|Deep Learning|Jupyter|Git|Spark|AWS SageMaker|Model Deployment|Azure ML,AWS Machine Learning Specialty,"Automated ETL pipelines reducing manual data preparation by 37%. // Built a churn prediction model with 43% accuracy, saving 46k ARR. // Developed a recommendation engine improving click-through rate by 47%.","Analytical data scientist with 4+ years of experience in Feature Engineering, Jupyter, TensorFlow and statistical modelling.",kaggle_anonymized
RES-0756,DevOps Engineer,12,Bootcamp/Certification,B.E. Information Technology,Linux|Kubernetes|AWS|GitHub Actions|CI/CD|GCP|Azure|Python|Docker|Flux|OpenTelemetry|ArgoCD,Google Professional DevOps Engineer,Containerised 45 legacy services with Docker and orchestrated with Kubernetes. // Achieved 47% cost reduction by right-sizing cloud infrastructure on Infrastructure as Code. // Achieved 19% cost reduction by right-sizing cloud infrastructure on Azure.,"DevOps engineer with 12 years automating infrastructure and improving deployment pipelines using CI/CD, Azure, Linux.",synthetic
RES-0162,Backend Developer,8,Master's,B.Tech Information Technology,Microservices|PostgreSQL|MongoDB|SQL|Python|Elasticsearch|Message Queues|FastAPI|Ruby|Redis|AWS|gRPC|Jenkins|Apache Kafka|Bash|JWT|RabbitMQ,MongoDB Associate|AWS Certified Developer,"Led migration of monolith to microservices, reducing deployment time by 56%.","Results-driven backend developer with 8+ years designing and maintaining distributed systems in Redis, AWS, Bash.",synthetic
RES-0273,Frontend Developer,11,Master's,B.Sc. Computer Science,TailwindCSS|JavaScript|TypeScript|Zustand|Vue.js|Responsive Design|Accessibility|Git|Jest|Performance Optimisation,,Reduced bundle size by 59% through code splitting and lazy loading. // Reduced bundle size by 42% through code splitting and lazy loading.,"Creative UI engineer with 11+ years of experience crafting pixel-perfect interfaces using Responsive Design, Accessibility, Zustand.",synthetic
RES-0978,Mobile Developer,6,Master's,B.Tech Mobile Computing,App Store Deployment|Play Store Deployment|REST API|Objective-C|GraphQL|Xcode|Flutter|Firebase|iOS|Kotlin|Detox|Realm,Apple App Development with Swift|Google Associate Android Developer,Reduced app crash rate from 8% to 0.6% through systematic debugging. // Achieved 54% reduction in app cold-start time through performance profiling.,"Experienced app engineer with 6+ years shipping production mobile apps in Kotlin, Xcode, Firebase.",synthetic
RES-0845,Cloud Architect,1,Ph.D.,M.Sc. Cloud Computing,Serverless|Terraform|AWS|Cost Optimisation|Cloud Security|High Availability|Lambda|GCP|Solution Design|CDK|Bash|CloudFormation|Vault,,Architected serverless data pipeline processing 35M events/day.,"Cloud architect with 1 years designing resilient, scalable cloud platforms on Serverless, Cloud Security, CDK.",synthetic
RES-0262,Frontend Developer,1,Associate's,B.Sc. Computer Science,Nuxt.js|GraphQL|Webpack|Redux|Zustand|CSS3|Vue.js|SASS|Vite|TypeScript|Cross-browser Compatibility|PWA|D3.js|CI/CD,,"Rebuilt company dashboard in Webpack, improving load time by 44%. // Implemented WCAG 2.1 AA accessibility standards across the entire application.","Passionate frontend engineer with 1 years of hands-on experience in CI/CD, TypeScript, GraphQL.",synthetic
RES-0289,Frontend Developer,12,Bachelor's,B.Tech Information Technology,TypeScript|JavaScript|Next.js|Zustand|HTML5|Git|D3.js|Cypress|Figma|Chart.js|GitHub,Google UX Design,Reduced bundle size by 26% through code splitting and lazy loading. // Reduced bundle size by 36% through code splitting and lazy loading. // Developed a reusable component library with 46+ components used across 9 products.,"Frontend developer with 12 years building responsive, accessible UIs with GitHub, Zustand, Git.",public_profile_anonymized
RES-0772,DevOps Engineer,10,Associate's,M.Sc. Cloud Computing,CI/CD|Prometheus|Docker|Azure|Jenkins|GCP|Bash|Monitoring|Python|Helm|Loki|HAProxy|Nginx|Flux,AWS DevOps Engineer Professional,Containerised 9 legacy services with Docker and orchestrated with Kubernetes. // Improved system uptime to 99.6% SLA through improved monitoring and alerting.,"Reliability-focused DevOps professional with 10+ years of experience in HAProxy, Flux, Helm.",kaggle_anonymized
RES-0675,Data Scientist,8,Ph.D.,M.Sc. Data Science,Seaborn|NumPy|Feature Engineering|R|Natural Language Processing|Data Visualisation|TensorFlow|Python|Matplotlib|PyTorch|Statistics|Pandas|Spark|Git|Bayesian Statistics|GCP Vertex AI|dbt,,"Built a churn prediction model with 25% accuracy, saving 23k ARR. // Built a churn prediction model with 55% accuracy, saving 48k ARR.","Data scientist with 8 years transforming raw data into actionable insights using GCP Vertex AI, Matplotlib, Seaborn.",kaggle_anonymized
RES-0641,Data Scientist,6,Ph.D.,M.Sc. Data Science,TensorFlow|Jupyter|Deep Learning|Seaborn|SQL|Data Visualisation|NumPy|Python|Scikit-learn|Feature Engineering|Machine Learning|Airflow|Power BI|Experiment Tracking|dbt|Git,,Automated ETL pipelines reducing manual data preparation by 26%. // Developed a recommendation engine improving click-through rate by 28%. // Automated ETL pipelines reducing manual data preparation by 42%.,"Analytical data scientist with 6+ years of experience in Airflow, SQL, Experiment Tracking and statistical modelling.",synthetic
RES-0660,Data Scientist,11,Associate's,M.Sc. Data Science,R|Statistics|SQL|Matplotlib|PyTorch|Data Visualisation|Seaborn|AWS SageMaker|Power BI|dbt|Looker|GCP Vertex AI|Model Deployment,,Developed a recommendation engine improving click-through rate by 32%. // Published research on Statistics applied to time-series forecasting.,"Data scientist with 11 years transforming raw data into actionable insights using Data Visualisation, Statistics, R.",kaggle_anonymized
RES-0348,Frontend Developer,6,Bootcamp/Certification,B.A. Web Design,Zustand|Next.js|Vue.js|TailwindCSS|JavaScript|CSS3|REST API|Cross-browser Compatibility|TypeScript|Accessibility|GraphQL|React|CI/CD|Storybook|Adobe XD,Meta Front-End Developer|AWS Cloud Practitioner,Implemented WCAG 2.1 AA accessibility standards across the entire application. // Reduced bundle size by 27% through code splitting and lazy loading. // Developed a reusable component library with 29+ components used across 3 products.,"Frontend developer with 6 years building responsive, accessible UIs with Cross-browser Compatibility, Vue.js, CSS3.",synthetic
RES-0643,Data Scientist,5,Bootcamp/Certification,Ph.D. Computer Science,Matplotlib|SQL|NumPy|TensorFlow|A/B Testing|Natural Language Processing|PyTorch|Statistics|Scikit-learn|Python|Experiment Tracking|Airflow|Model Deployment,AWS Machine Learning Specialty|Databricks Certified Associate,Published research on Matplotlib applied to time-series forecasting.,"Machine learning practitioner with 5 years building predictive models with Airflow, A/B Testing, SQL.",synthetic
RES-0227,Frontend Developer,11,Master's,B.Tech Information Technology,REST API|Next.js|React|Cross-browser Compatibility|Nuxt.js|JavaScript|Performance Optimisation|PWA|SEO|Web Animations|CI/CD|Chart.js,Google UX Design,"Developed a reusable component library with 47+ components used across 8 products. // Developed a reusable component library with 25+ components used across 9 products. // Rebuilt company dashboard in Vite, improving load time by 23%.","Creative UI engineer with 11+ years of experience crafting pixel-perfect interfaces using Web Animations, SEO, CI/CD.",kaggle_anonymized
RES-0018,Backend Developer,8,Bachelor's,B.E. Software Engineering,Express.js|Azure|REST API|Django|Microservices|GraphQL|SQL|Java|PostgreSQL|Python|RabbitMQ|CI/CD|Nginx|Unit Testing|Apache Kafka|API Design,,"Led migration of monolith to microservices, reducing deployment time by 45%.","Results-driven backend developer with 8+ years designing and maintaining distributed systems in PostgreSQL, Nginx, GraphQL.",synthetic
RES-0933,Mobile Developer,10,Master's,B.E. Software Engineering,Xcode|REST API|App Store Deployment|Objective-C|iOS|GraphQL|Kotlin|Android Studio|Flutter|Firebase|React Native|Analytics|MobX,AWS Mobile Developer,Reduced app crash rate from 6% to 0.1% through systematic debugging. // Reduced app crash rate from 5% to 0.5% through systematic debugging.,"Mobile engineer with 10 years crafting performant iOS and Android experiences with Analytics, Flutter, GraphQL.",public_profile_anonymized
RES-0230,Frontend Developer,9,Master's,B.Sc. Computer Science,Accessibility|Vite|CSS3|Webpack|React|SEO|CI/CD,Meta Front-End Developer,Reduced bundle size by 53% through code splitting and lazy loading.,"Creative UI engineer with 9+ years of experience crafting pixel-perfect interfaces using Webpack, Vite, CI/CD.",synthetic
RES-0194,Backend Developer,11,Associate's,B.Tech Information Technology,MySQL|REST API|Ruby|PostgreSQL|Express.js|Elasticsearch|Linux|RabbitMQ|Unit Testing|CI/CD|GitHub Actions|Celery,Oracle Java SE,Built a real-time notification service using GCP and message queues.,"Experienced server-side developer specialising in Celery, Linux, RabbitMQ with 11 years of professional experience.",synthetic
RES-0693,Data Scientist,5,Bachelor's,B.Sc. Mathematics,Jupyter|Data Visualisation|Machine Learning|TensorFlow|Pandas|SQL|Looker|Docker|Model Deployment|Power BI,,Automated ETL pipelines reducing manual data preparation by 60%. // Automated ETL pipelines reducing manual data preparation by 56%.,"Analytical data scientist with 5+ years of experience in Data Visualisation, Docker, Jupyter and statistical modelling.",synthetic
RES-0218,Frontend Developer,9,Ph.D.,B.A. Web Design,Webpack|REST API|Zustand|Cross-browser Compatibility|SASS|Next.js|Accessibility|CSS3|Web Animations|Git,AWS Cloud Practitioner,"Rebuilt company dashboard in TypeScript, improving load time by 36%. // Reduced bundle size by 20% through code splitting and lazy loading.","Creative UI engineer with 9+ years of experience crafting pixel-perfect interfaces using Zustand, Git, SASS.",synthetic
RES-0394,Full-Stack Developer,8,Associate's,B.E. Software Engineering,TailwindCSS|Redis|Next.js|TypeScript|GraphQL|JavaScript|MongoDB|Express.js|Git|CI/CD|REST API|Linux|Nginx|WebSockets|OAuth2,Google Associate Cloud Engineer|AWS Certified Developer,Integrated third-party payment gateway handling 47k transactions/month.,"Versatile engineer comfortable across the stack with 8 years of experience in OAuth2, Express.js, Git.",kaggle_anonymized
RES-0727,DevOps Engineer,10,Master's,B.Tech Computer Engineering,Python|CI/CD|Grafana|Monitoring|Infrastructure as Code|Helm|Jenkins|GCP|Terraform|GitHub Actions|Site Reliability Engineering|Prometheus|Service Mesh|ArgoCD|Vault|Loki,,Achieved 35% cost reduction by right-sizing cloud infrastructure on Ansible. // Achieved 41% cost reduction by right-sizing cloud infrastructure on Prometheus.,"DevOps engineer with 10 years automating infrastructure and improving deployment pipelines using GCP, Prometheus, Helm.",synthetic
RES-0294,Frontend Developer,1,Bootcamp/Certification,Diploma in Web Development,TypeScript|Redux|Vite|Nuxt.js|Responsive Design|Performance Optimisation|Git|Figma,,"Reduced bundle size by 23% through code splitting and lazy loading. // Implemented WCAG 2.1 AA accessibility standards across the entire application. // Rebuilt company dashboard in Nuxt.js, improving load time by 55%.","Frontend developer with 1 years building responsive, accessible UIs with Redux, TypeScript, Git.",kaggle_anonymized
RES-0839,Cloud Architect,9,Bootcamp/Certification,M.B.A. Technology Management,IAM|Disaster Recovery|Load Balancing|VPC|AWS|Lambda|High Availability|Multi-cloud Strategy|Terraform|Istio|Zero-Trust Security|FinOps|CDK|Pulumi,Azure Solutions Architect Expert|Google Professional Cloud Architect,"Designed a multi-region, active-active architecture with 99.57% availability SLA. // Designed a multi-region, active-active architecture with 99.54% availability SLA.","Cloud architect with 9 years designing resilient, scalable cloud platforms on VPC, Disaster Recovery, CDK.",public_profile_anonymized
RES-0475,Full-Stack Developer,4,Bootcamp/Certification,M.Sc. Software Engineering,TypeScript|FastAPI|HTML5|GraphQL|Next.js|Node.js|JavaScript|Express.js|Redis|CI/CD|GitHub Actions|Scrum|Agile|Microservices|Kubernetes|Jest,,Shipped end-to-end feature that increased user retention by 17%.,"Full-stack developer with 4 years delivering end-to-end web applications using Kubernetes, GraphQL, GitHub Actions.",synthetic
RES-0908,Cloud Architect,1,Associate's,M.Sc. Cloud Computing,Cost Optimisation|GCP|Serverless|Terraform|Cloud Security|ArgoCD|Python|GDPR|Enterprise Architecture|Compliance|Solution Design,,Architected serverless data pipeline processing 50M events/day.,"Solutions architect with 1 years architecting multi-cloud environments with Python, GDPR, Cloud Security.",public_profile_anonymized
RES-0100,Backend Developer,8,Associate's,M.Sc. Computer Science,Go|Python|Ruby|C#|Docker|Spring Boot|Java|PostgreSQL|Terraform|JWT,MongoDB Associate,"Designed and maintained a high-throughput REST API serving 43k requests/day. // Optimised PostgreSQL query performance, cutting average response time by 43%.","Backend engineer with 8 years of experience building scalable APIs and microservices using Ruby, Python, Terraform.",synthetic
RES-0402,Full-Stack Developer,6,Bachelor's,B.Tech Computer Engineering,CSS3|React|Docker|AWS|PostgreSQL|Node.js|CI/CD|FastAPI|Nginx|OAuth2|Kubernetes|Microservices|Linux,,Delivered a full-stack SaaS platform from design to production in 22 months. // Built an internal tooling dashboard serving 48+ engineering teams. // Built an internal tooling dashboard serving 50+ engineering teams.,"Full-stack developer with 6 years delivering end-to-end web applications using CSS3, Microservices, Node.js.",kaggle_anonymized
RES-0865,Cloud Architect,11,Master's,M.Sc. Cloud Computing,Load Balancing|AWS|High Availability|Cost Optimisation|Disaster Recovery|Cloud Security|IAM|Lambda|SOC 2|CloudFormation|FinOps,Azure Solutions Architect Expert|Google Professional Cloud Architect,"Designed a multi-region, active-active architecture with 99.56% availability SLA.","Solutions architect with 11 years architecting multi-cloud environments with Load Balancing, High Availability, Cost Optimisation.",synthetic
RES-0625,Data Scientist,6,Associate's,M.Sc. Data Science,TensorFlow|Python|Data Visualisation|Jupyter|Feature Engineering|SQL|A/B Testing|PyTorch|Hypothesis Testing|Power BI|Airflow,Databricks Certified Associate,"Automated ETL pipelines reducing manual data preparation by 27%. // Built a churn prediction model with 47% accuracy, saving 49k ARR.","Analytical data scientist with 6+ years of experience in Feature Engineering, Data Visualisation, A/B Testing and statistical modelling.",synthetic
RES-0250,Frontend Developer,2,Master's,B.A. Web Design,GraphQL|React|Accessibility|Nuxt.js|CSS3|Figma|Cypress,,"Rebuilt company dashboard in Responsive Design, improving load time by 50%. // Reduced bundle size by 29% through code splitting and lazy loading.","Creative UI engineer with 2+ years of experience crafting pixel-perfect interfaces using Figma, Accessibility, GraphQL.",kaggle_anonymized
RES-0787,DevOps Engineer,5,Bootcamp/Certification,B.Tech Computer Engineering,Monitoring|Site Reliability Engineering|Terraform|Ansible|Infrastructure as Code|GitOps|Packer,HashiCorp Terraform Associate|CKA (Kubernetes),Containerised 49 legacy services with Docker and orchestrated with Kubernetes. // Reduced deployment lead time from 37 days to 4 hours by redesigning CI/CD pipeline.,"Reliability-focused DevOps professional with 5+ years of experience in Site Reliability Engineering, Monitoring, Ansible.",synthetic
RES-0964,Mobile Developer,2,Bachelor's,B.Tech Mobile Computing,Dart|Android|Firebase|Swift|REST API|Xcode|Java|Objective-C|Play Store Deployment|Redux|XCTest|Offline Support|In-App Purchases|Realm,,Reduced app crash rate from 6% to 0.2% through systematic debugging.,"Mobile engineer with 2 years crafting performant iOS and Android experiences with Android, Offline Support, Objective-C.",synthetic
RES-0206,Frontend Developer,2,Master's,B.Tech Information Technology,Nuxt.js|Webpack|Vite|Cross-browser Compatibility|HTML5|Next.js|TypeScript|Accessibility|Figma|GitHub|SEO|Cypress|CI/CD,Meta Front-End Developer,Reduced bundle size by 60% through code splitting and lazy loading. // Reduced bundle size by 37% through code splitting and lazy loading.,"Creative UI engineer with 2+ years of experience crafting pixel-perfect interfaces using SEO, Figma, Next.js.",synthetic
RES-0959,Mobile Developer,11,Ph.D.,B.E. Software Engineering,Play Store Deployment|Android|Android Studio|Flutter|Java|GraphQL|Xcode|Kotlin|REST API|iOS|Swift|Push Notifications|UI Testing|Performance Profiling|Accessibility|Redux|Offline Support|GPS,Google Associate Android Developer|AWS Mobile Developer,"Shipped iOS and Android apps with 13k+ downloads in first month. // Integrated offline-first architecture, improving UX in low-connectivity regions.","Mobile engineer with 11 years crafting performant iOS and Android experiences with GraphQL, Redux, Performance Profiling.",kaggle_anonymized
RES-0591,Data Scientist,11,Associate's,B.Sc. Mathematics,Machine Learning|Seaborn|Python|Feature Engineering|Pandas|Jupyter|PyTorch|TensorFlow|Statistics|Data Visualisation|Matplotlib|NumPy|dbt|Power BI,,"Published research on NumPy applied to time-series forecasting. // Automated ETL pipelines reducing manual data preparation by 49%. // Built a churn prediction model with 51% accuracy, saving 19k ARR.","Data scientist with 11 years transforming raw data into actionable insights using TensorFlow, Power BI, Data Visualisation.",synthetic
RES-0447,Full-Stack Developer,5,Bootcamp/Certification,M.Sc. Software Engineering,AWS|Node.js|JavaScript|CI/CD|Git|REST API|Python|GraphQL|TypeScript|MongoDB|Express.js|Nginx|Agile|Linux|Terraform,,Built an internal tooling dashboard serving 49+ engineering teams. // Delivered a full-stack SaaS platform from design to production in 10 months.,"Versatile engineer comfortable across the stack with 5 years of experience in Agile, REST API, Linux.",synthetic
RES-0024,Backend Developer,5,Ph.D.,M.Sc. Computer Science,Java|Node.js|C#|SQL|Spring Boot|Elasticsearch|Redis|Jenkins|Apache Kafka|API Design|pytest,MongoDB Associate,"Optimised PostgreSQL query performance, cutting average response time by 53%. // Built a real-time notification service using Python and message queues. // Built a real-time notification service using Django and message queues.","Backend engineer with 5 years of experience building scalable APIs and microservices using API Design, Redis, Jenkins.",synthetic
RES-0623,Data Scientist,1,Associate's,Ph.D. Computer Science,NumPy|R|Seaborn|Feature Engineering|Pandas|A/B Testing|Statistics|SQL|Scikit-learn|TensorFlow|Deep Learning|PyTorch|Power BI|GCP Vertex AI,AWS Machine Learning Specialty,"Built a churn prediction model with 33% accuracy, saving 13k ARR. // Published research on TensorFlow applied to time-series forecasting. // Published research on Feature Engineering applied to time-series forecasting.","Analytical data scientist with 1+ years of experience in NumPy, SQL, Statistics and statistical modelling.",kaggle_anonymized
RES-0340,Frontend Developer,8,Ph.D.,B.Tech Information Technology,JavaScript|Vue.js|REST API|HTML5|Angular|Vite|Nuxt.js|SASS|Cross-browser Compatibility|Responsive Design|Chart.js|Figma,AWS Cloud Practitioner,Implemented WCAG 2.1 AA accessibility standards across the entire application. // Developed a reusable component library with 8+ components used across 5 products. // Reduced bundle size by 54% through code splitting and lazy loading.,"Frontend developer with 8 years building responsive, accessible UIs with HTML5, Vue.js, Responsive Design.",synthetic
RES-0575,Data Scientist,5,Associate's,M.Sc. Machine Learning,R|PyTorch|Pandas|Feature Engineering|Statistics|TensorFlow|GCP Vertex AI|Airflow|Experiment Tracking,Google Professional Data Engineer|Databricks Certified Associate,"Published research on Feature Engineering applied to time-series forecasting. // Built a churn prediction model with 47% accuracy, saving 43k ARR.","Data scientist with 5 years transforming raw data into actionable insights using Feature Engineering, GCP Vertex AI, Experiment Tracking.",kaggle_anonymized
RES-0614,Data Scientist,5,Associate's,M.Sc. Statistics,Deep Learning|A/B Testing|Natural Language Processing|Jupyter|Feature Engineering|TensorFlow|AWS SageMaker|Azure ML|Looker|GCP Vertex AI|Spark|MLflow,AWS Machine Learning Specialty,"Automated ETL pipelines reducing manual data preparation by 26%. // Built a churn prediction model with 31% accuracy, saving 27k ARR.","Data scientist with 5 years transforming raw data into actionable insights using Natural Language Processing, A/B Testing, MLflow.",synthetic
RES-0645,Data Scientist,5,Master's,M.Sc. Machine Learning,Seaborn|Statistics|Jupyter|Natural Language Processing|Deep Learning|NumPy|TensorFlow|R|Pandas|Feature Engineering|SQL|Experiment Tracking|Hadoop|Spark|AWS SageMaker|Looker|Model Deployment,,Automated ETL pipelines reducing manual data preparation by 59%.,"Data scientist with 5 years transforming raw data into actionable insights using Feature Engineering, R, NumPy.",kaggle_anonymized
RES-0334,Frontend Developer,6,Ph.D.,B.Tech Information Technology,TypeScript|Webpack|Accessibility|GraphQL|TailwindCSS|React|Cross-browser Compatibility|Vite|SASS|JavaScript|CSS3|CI/CD|Web Animations,Google UX Design|AWS Cloud Practitioner,"Reduced bundle size by 31% through code splitting and lazy loading. // Rebuilt company dashboard in CSS3, improving load time by 41%.","Passionate frontend engineer with 6 years of hands-on experience in Webpack, JavaScript, CI/CD.",synthetic
RES-0116,Backend Developer,2,Bachelor's,B.Tech Information Technology,gRPC|SQL|Redis|Message Queues|Java|PostgreSQL|Microservices|Express.js|Go|GCP|Python|Docker|GitHub Actions|RabbitMQ|Linux|JWT|OAuth2,MongoDB Associate|AWS Certified Developer,"Optimised PostgreSQL query performance, cutting average response time by 18%. // Optimised PostgreSQL query performance, cutting average response time by 60%. // Designed and maintained a high-throughput REST API serving 23k requests/day.","Backend engineer with 2 years of experience building scalable APIs and microservices using PostgreSQL, JWT, Redis.",kaggle_anonymized
RES-0499,Full-Stack Developer,8,Bachelor's,B.Sc. Computer Science,Express.js|CSS3|Node.js|React|JavaScript|Next.js|GraphQL|Redis|Terraform|Jest|Microservices,Google Associate Cloud Engineer,Shipped end-to-end feature that increased user retention by 47%.,"Versatile engineer comfortable across the stack with 8 years of experience in React, Next.js, CSS3.",synthetic
RES-0874,Cloud Architect,8,Associate's,B.Sc. Computer Science,Terraform|Docker|Serverless|Cost Optimisation|Kubernetes|Azure|IAM|Disaster Recovery|Compliance|Ansible|Istio,,"Led cloud migration of 41-service estate to AWS, cutting TCO by 58%. // Led cloud migration of 32-service estate to AWS, cutting TCO by 59%. // Led cloud migration of 25-service estate to AWS, cutting TCO by 17%.","Senior cloud architect with 8+ years leading enterprise-scale cloud migrations using Kubernetes, Terraform, Istio.",synthetic
RES-0021,Backend Developer,8,Ph.D.,B.Tech Information Technology,AWS|PostgreSQL|Docker|Message Queues|Microservices|gRPC|Python|Java|Nginx|GitHub Actions|pytest|API Design,MongoDB Associate,"Built a real-time notification service using Django and message queues. // Led migration of monolith to microservices, reducing deployment time by 35%. // Led migration of monolith to microservices, reducing deployment time by 45%.","Results-driven backend developer with 8+ years designing and maintaining distributed systems in Microservices, PostgreSQL, Message Queues.",synthetic
RES-0958,Mobile Developer,9,Master's,B.Sc. Computer Science,React Native|Swift|Play Store Deployment|Android|Firebase|Java|Kotlin|Xcode|Flutter|REST API|Analytics|Redux,,"Integrated offline-first architecture, improving UX in low-connectivity regions. // Reduced app crash rate from 6% to 0.9% through systematic debugging.","Mobile engineer with 9 years crafting performant iOS and Android experiences with Analytics, Android, Flutter.",public_profile_anonymized
RES-0354,Frontend Developer,4,Ph.D.,B.Tech Information Technology,Cross-browser Compatibility|Next.js|REST API|GraphQL|Nuxt.js|SASS|GitHub|CI/CD|Jest|Node.js|PWA,Meta Front-End Developer,"Reduced bundle size by 59% through code splitting and lazy loading. // Rebuilt company dashboard in Vite, improving load time by 50%.","Creative UI engineer with 4+ years of experience crafting pixel-perfect interfaces using Nuxt.js, PWA, SASS.",kaggle_anonymized
RES-0393,Full-Stack Developer,1,Associate's,M.Sc. Software Engineering,CI/CD|Next.js|AWS|Git|FastAPI|HTML5|GraphQL|JavaScript|REST API|Redis|TailwindCSS|TypeScript|JWT|Agile|Jest,,Built an internal tooling dashboard serving 42+ engineering teams.,"Versatile engineer comfortable across the stack with 1 years of experience in JWT, FastAPI, AWS.",synthetic
RES-0667,Data Scientist,11,Associate's,Ph.D. Computer Science,Statistics|Data Visualisation|A/B Testing|Python|PyTorch|MLflow|Tableau|Experiment Tracking|GCP Vertex AI,Databricks Certified Associate|IBM Data Science Professional,"Automated ETL pipelines reducing manual data preparation by 51%. // Built a churn prediction model with 42% accuracy, saving 41k ARR. // Published research on Statistics applied to time-series forecasting.","Data scientist with 11 years transforming raw data into actionable insights using MLflow, PyTorch, GCP Vertex AI.",public_profile_anonymized
RES-0064,Backend Developer,1,Associate's,B.Sc. Computer Science,Redis|Java|Node.js|GraphQL|NestJS|AWS|Microservices|MongoDB|API Design|Apache Kafka,Oracle Java SE,"Led migration of monolith to microservices, reducing deployment time by 38%.","Experienced server-side developer specialising in Java, API Design, Node.js with 1 years of professional experience.",synthetic
RES-0863,Cloud Architect,1,Ph.D.,M.B.A. Technology Management,AWS|Disaster Recovery|Terraform|Cloud Security|VPC|Vault|Ansible|Zero-Trust Security|CDK,AWS Solutions Architect Professional,Architected serverless data pipeline processing 27M events/day.,"Senior cloud architect with 1+ years leading enterprise-scale cloud migrations using Cloud Security, VPC, Ansible.",kaggle_anonymized
RES-0054,Backend Developer,1,Ph.D.,M.Sc. Computer Science,Docker|Ruby|Azure|Redis|GraphQL|Elasticsearch|Message Queues|Python|PostgreSQL|Terraform|Unit Testing|API Design|Jenkins|Nginx|GitHub Actions,,Designed and maintained a high-throughput REST API serving 12k requests/day. // Built a real-time notification service using MongoDB and message queues. // Designed and maintained a high-throughput REST API serving 22k requests/day.,"Backend engineer with 1 years of experience building scalable APIs and microservices using GraphQL, Message Queues, Terraform.",kaggle_anonymized
RES-0442,Full-Stack Developer,9,Master's,B.E. Software Engineering,Docker|MongoDB|PostgreSQL|Express.js|Node.js|Next.js|React|REST API|TailwindCSS|GraphQL|AWS|FastAPI|Kubernetes|Terraform|Redis|Elasticsearch,,Built an internal tooling dashboard serving 35+ engineering teams. // Delivered a full-stack SaaS platform from design to production in 31 months.,"Versatile engineer comfortable across the stack with 9 years of experience in Docker, React, GraphQL.",synthetic
RES-0220,Frontend Developer,3,Bachelor's,B.Sc. Computer Science,REST API|Zustand|Webpack|Next.js|Redux|Responsive Design|Nuxt.js|Cross-browser Compatibility|GraphQL|CSS3|TypeScript|Vue.js|Storybook|Jest|Figma,Meta Front-End Developer|AWS Cloud Practitioner,Reduced bundle size by 56% through code splitting and lazy loading.,"Frontend developer with 3 years building responsive, accessible UIs with Zustand, Redux, Storybook.",kaggle_anonymized
RES-0257,Frontend Developer,4,Master's,B.Sc. Computer Science,HTML5|Vite|JavaScript|REST API|CSS3|Angular|Responsive Design|React|Redux|Accessibility|GraphQL|TypeScript|GitHub|SEO|Performance Optimisation|Cypress|D3.js,Meta Front-End Developer,"Rebuilt company dashboard in JavaScript, improving load time by 36%. // Rebuilt company dashboard in JavaScript, improving load time by 15%.","Frontend developer with 4 years building responsive, accessible UIs with D3.js, HTML5, Responsive Design.",public_profile_anonymized
RES-0092,Backend Developer,5,Ph.D.,M.Sc. Computer Science,Django|Microservices|Go|Java|C#|Kubernetes|Spring Boot|Elasticsearch|Node.js|Ruby|Express.js|Rust|pytest|Nginx,AWS Certified Developer|Oracle Java SE,"Led migration of monolith to microservices, reducing deployment time by 43%. // Designed and maintained a high-throughput REST API serving 10k requests/day.","Backend engineer with 5 years of experience building scalable APIs and microservices using Nginx, Spring Boot, Kubernetes.",synthetic
RES-0610,Data Scientist,3,Bachelor's,B.Sc. Mathematics,Deep Learning|A/B Testing|Matplotlib|R|SQL|Machine Learning|Natural Language Processing|Pandas|Data Visualisation|Python|Model Deployment|GCP Vertex AI|Git|Spark,AWS Machine Learning Specialty|Google Professional Data Engineer,Automated ETL pipelines reducing manual data preparation by 16%.,"Data scientist with 3 years transforming raw data into actionable insights using Pandas, A/B Testing, Deep Learning.",synthetic
RES-0066,Backend Developer,2,Bachelor's,M.Sc. Computer Science,Elasticsearch|Node.js|gRPC|Message Queues|Kubernetes|AWS|Nginx|pytest,AWS Certified Developer,"Led migration of monolith to microservices, reducing deployment time by 23%. // Built a real-time notification service using MySQL and message queues. // Led migration of monolith to microservices, reducing deployment time by 32%.","Backend engineer with 2 years of experience building scalable APIs and microservices using Nginx, Kubernetes, Message Queues.",synthetic
RES-0202,Frontend Developer,11,Bachelor's,B.Tech Information Technology,Zustand|REST API|Vite|Angular|JavaScript|Responsive Design|Git|PWA|Performance Optimisation|Cypress|Storybook,,Developed a reusable component library with 40+ components used across 8 products. // Implemented WCAG 2.1 AA accessibility standards across the entire application.,"Passionate frontend engineer with 11 years of hands-on experience in JavaScript, Vite, PWA.",synthetic
RES-0619,Data Scientist,5,Ph.D.,M.Sc. Data Science,Natural Language Processing|Python|Jupyter|A/B Testing|Scikit-learn|SQL|Seaborn|Pandas|R|NumPy|PyTorch|Experiment Tracking|Azure ML|Hadoop,Google Professional Data Engineer|AWS Machine Learning Specialty,"Developed a recommendation engine improving click-through rate by 15%. // Built a churn prediction model with 31% accuracy, saving 43k ARR.","Machine learning practitioner with 5 years building predictive models with R, A/B Testing, NumPy.",synthetic
RES-0150,Backend Developer,2,Ph.D.,B.Tech Information Technology,SQL|C#|MongoDB|REST API|MySQL|Express.js|Kubernetes|Linux|Bash|Jenkins,Oracle Java SE|MongoDB Associate,"Optimised PostgreSQL query performance, cutting average response time by 53%. // Built a real-time notification service using Spring Boot and message queues.","Results-driven backend developer with 2+ years designing and maintaining distributed systems in SQL, Bash, MongoDB.",synthetic
RES-0664,Data Scientist,7,Bootcamp/Certification,B.Sc. Mathematics,Deep Learning|A/B Testing|SQL|TensorFlow|Statistics|Seaborn|Pandas|Jupyter|Python|Data Visualisation|Machine Learning|Looker|Tableau|MLflow|Hadoop|Docker,,"Published research on Natural Language Processing applied to time-series forecasting. // Built a churn prediction model with 32% accuracy, saving 32k ARR.","Machine learning practitioner with 7 years building predictive models with Statistics, Hadoop, Machine Learning.",synthetic
RES-0956,Mobile Developer,3,Ph.D.,B.Tech Mobile Computing,GraphQL|REST API|Kotlin|Play Store Deployment|Flutter|iOS|Android|Firebase|Push Notifications|App Store Deployment|React Native|Java|CI/CD|In-App Purchases,AWS Mobile Developer,"Integrated offline-first architecture, improving UX in low-connectivity regions.","Mobile developer with 3 years building cross-platform and native apps using REST API, Android, Push Notifications.",synthetic
RES-0201,Frontend Developer,3,Ph.D.,B.Sc. Computer Science,JavaScript|HTML5|Redux|Zustand|GraphQL|Cross-browser Compatibility|SASS|REST API|CSS3|Vue.js|Accessibility|Nuxt.js|Cypress|CI/CD|Storybook|GitHub|Node.js,,Reduced bundle size by 33% through code splitting and lazy loading. // Developed a reusable component library with 37+ components used across 8 products.,"Passionate frontend engineer with 3 years of hands-on experience in Nuxt.js, Cross-browser Compatibility, JavaScript.",kaggle_anonymized
RES-0718,DevOps Engineer,3,Ph.D.,M.Sc. Cloud Computing,Azure|Docker|Grafana|CI/CD|Ansible|Site Reliability Engineering|Linux|GCP|Jenkins|GitHub Actions|Vagrant|Nginx|Vault,CKA (Kubernetes),Reduced deployment lead time from 36 days to 6 hours by redesigning CI/CD pipeline. // Achieved 47% cost reduction by right-sizing cloud infrastructure on Monitoring.,"Infrastructure engineer with 3 years designing cloud-native platforms with Grafana, Ansible, Docker.",synthetic
RES-0821,DevOps Engineer,8,Master's,B.Sc. Computer Science,CI/CD|AWS|Kubernetes|Azure|Python|Linux|GCP|Docker|Prometheus|HAProxy|Nginx|Packer|OpenTelemetry|Vagrant|Service Mesh,HashiCorp Terraform Associate|Google Professional DevOps Engineer,Achieved 28% cost reduction by right-sizing cloud infrastructure on Python. // Reduced deployment lead time from 7 days to 6 hours by redesigning CI/CD pipeline.,"Reliability-focused DevOps professional with 8+ years of experience in Docker, AWS, Python.",public_profile_anonymized
RES-0225,Frontend Developer,3,Bachelor's,B.Sc. Computer Science,TailwindCSS|TypeScript|GraphQL|Responsive Design|Vite|REST API|Cross-browser Compatibility|SASS|Nuxt.js|HTML5|React|Storybook|Web Animations|Jest|PWA|CI/CD,Google UX Design,"Developed a reusable component library with 29+ components used across 2 products. // Rebuilt company dashboard in Responsive Design, improving load time by 33%.","Creative UI engineer with 3+ years of experience crafting pixel-perfect interfaces using React, PWA, REST API.",synthetic
RES-0684,Data Scientist,3,Bachelor's,B.Sc. Mathematics,TensorFlow|Statistics|R|Jupyter|Deep Learning|Natural Language Processing|Pandas|A/B Testing|PyTorch|MLflow|dbt|Airflow,,Developed a recommendation engine improving click-through rate by 21%. // Automated ETL pipelines reducing manual data preparation by 44%.,"Machine learning practitioner with 3 years building predictive models with Deep Learning, Statistics, PyTorch.",kaggle_anonymized
RES-0929,Mobile Developer,4,Bachelor's,B.Tech Mobile Computing,iOS|Objective-C|Swift|Push Notifications|REST API|GraphQL|Flutter|React Native|Android Studio|SQLite|GPS|MobX,AWS Mobile Developer|Google Associate Android Developer,Shipped iOS and Android apps with 36k+ downloads in first month. // Achieved 24% reduction in app cold-start time through performance profiling.,"Mobile developer with 4 years building cross-platform and native apps using Objective-C, Flutter, Android Studio.",synthetic
RES-0152,Backend Developer,11,Bootcamp/Certification,B.Sc. Computer Science,Node.js|GCP|SQL|Redis|REST API|Java|Message Queues|Express.js|NestJS|GitHub Actions|OAuth2|Apache Kafka|Nginx|Unit Testing,MongoDB Associate|Oracle Java SE,Built a real-time notification service using AWS and message queues.,"Backend engineer with 11 years of experience building scalable APIs and microservices using SQL, Node.js, OAuth2.",kaggle_anonymized
RES-0752,DevOps Engineer,7,Bachelor's,M.Sc. Cloud Computing,Ansible|AWS|Python|Docker|CI/CD|Helm|Monitoring|Kubernetes|Bash|Vagrant|ELK Stack|ArgoCD|Nginx|GitOps,CKA (Kubernetes)|AWS DevOps Engineer Professional,Containerised 17 legacy services with Docker and orchestrated with Kubernetes. // Containerised 5 legacy services with Docker and orchestrated with Kubernetes. // Achieved 43% cost reduction by right-sizing cloud infrastructure on AWS.,"DevOps engineer with 7 years automating infrastructure and improving deployment pipelines using CI/CD, Nginx, Docker.",public_profile_anonymized
RES-0172,Backend Developer,1,Bootcamp/Certification,M.Sc. Computer Science,Microservices|Rust|Spring Boot|Node.js|NestJS|MongoDB|SQL|Python|GCP|Azure|Go|OAuth2|RabbitMQ|Nginx|GitHub Actions,Oracle Java SE|MongoDB Associate,"Optimised PostgreSQL query performance, cutting average response time by 28%. // Optimised PostgreSQL query performance, cutting average response time by 24%.","Backend engineer with 1 years of experience building scalable APIs and microservices using Rust, Go, Microservices.",synthetic
RES-0156,Backend Developer,5,Bachelor's,B.Sc. Computer Science,Node.js|Spring Boot|Ruby|SQL|AWS|Elasticsearch|Django|Jenkins|Unit Testing,MongoDB Associate,Built a real-time notification service using MySQL and message queues. // Designed and maintained a high-throughput REST API serving 22k requests/day.,"Results-driven backend developer with 5+ years designing and maintaining distributed systems in Node.js, Unit Testing, Spring Boot.",public_profile_anonymized
RES-0786,DevOps Engineer,3,Associate's,B.Sc. Computer Science,Grafana|GitHub Actions|Helm|Prometheus|Monitoring|Ansible|Istio|Capacity Planning|Vault|Packer,,Reduced deployment lead time from 23 days to 7 hours by redesigning CI/CD pipeline.,"DevOps engineer with 3 years automating infrastructure and improving deployment pipelines using Grafana, Prometheus, Packer.",synthetic
RES-0386,Full-Stack Developer,10,Master's,B.Tech Computer Engineering,Python|PostgreSQL|MongoDB|HTML5|CI/CD|Docker|JavaScript|CSS3|Node.js|REST API|Microservices|Nginx|Scrum,AWS Certified Developer|Google Associate Cloud Engineer,Delivered a full-stack SaaS platform from design to production in 41 months. // Delivered a full-stack SaaS platform from design to production in 24 months.,"Full-stack engineer with 10+ years building and shipping products with MongoDB, REST API, Docker.",kaggle_anonymized
RES-0761,DevOps Engineer,10,Bootcamp/Certification,B.E. Information Technology,Infrastructure as Code|Python|GCP|Site Reliability Engineering|Helm|Azure|Docker|Monitoring|Grafana|AWS|GitHub Actions|Vagrant|Cost Optimisation|Security Hardening|ArgoCD|Service Mesh|Loki,,Improved system uptime to 99.81% SLA through improved monitoring and alerting.,"Infrastructure engineer with 10 years designing cloud-native platforms with Monitoring, GCP, Cost Optimisation.",synthetic
RES-0739,DevOps Engineer,4,Bootcamp/Certification,B.E. Information Technology,Prometheus|Helm|Python|Grafana|AWS|Terraform|Vault|Nginx|Loki|OpenTelemetry|ELK Stack|Capacity Planning,Google Professional DevOps Engineer|HashiCorp Terraform Associate,Improved system uptime to 99.83% SLA through improved monitoring and alerting.,"DevOps engineer with 4 years automating infrastructure and improving deployment pipelines using Loki, Vault, Prometheus.",synthetic
RES-0301,Frontend Developer,8,Bachelor's,B.Sc. Computer Science,Zustand|Next.js|REST API|Webpack|JavaScript|Performance Optimisation|Cypress|Jest|Figma,,Implemented WCAG 2.1 AA accessibility standards across the entire application.,"Passionate frontend engineer with 8 years of hands-on experience in Zustand, Figma, REST API.",synthetic
RES-0003,Backend Developer,5,Ph.D.,B.Sc. Computer Science,Microservices|FastAPI|Go|REST API|Django|gRPC|Celery|CI/CD|OAuth2|Nginx,MongoDB Associate|AWS Certified Developer,"Led migration of monolith to microservices, reducing deployment time by 39%. // Led migration of monolith to microservices, reducing deployment time by 18%. // Built a real-time notification service using REST API and message queues.","Results-driven backend developer with 5+ years designing and maintaining distributed systems in CI/CD, Go, Django.",synthetic
RES-0616,Data Scientist,2,Bachelor's,M.Sc. Data Science,R|Python|NumPy|Statistics|Scikit-learn|A/B Testing|Deep Learning|Jupyter|Matplotlib|Git|Docker,Databricks Certified Associate|Google Professional Data Engineer,"Built a churn prediction model with 31% accuracy, saving 48k ARR. // Automated ETL pipelines reducing manual data preparation by 55%.","Data scientist with 2 years transforming raw data into actionable insights using A/B Testing, Matplotlib, NumPy.",synthetic
RES-0647,Data Scientist,8,Ph.D.,M.Sc. Data Science,Matplotlib|NumPy|PyTorch|SQL|A/B Testing|Machine Learning|Data Visualisation|TensorFlow|Bayesian Statistics|Hypothesis Testing|Power BI|Spark|Experiment Tracking|Tableau,IBM Data Science Professional|Databricks Certified Associate,Developed a recommendation engine improving click-through rate by 18%.,"Machine learning practitioner with 8 years building predictive models with Tableau, Data Visualisation, Power BI.",kaggle_anonymized
RES-0350,Frontend Developer,7,Bootcamp/Certification,B.Sc. Computer Science,Next.js|Cross-browser Compatibility|Zustand|Webpack|Vue.js|TypeScript|CSS3|Storybook|Git|SEO,Meta Front-End Developer,"Rebuilt company dashboard in Zustand, improving load time by 15%. // Reduced bundle size by 56% through code splitting and lazy loading.","Creative UI engineer with 7+ years of experience crafting pixel-perfect interfaces using Vue.js, Cross-browser Compatibility, Storybook.",public_profile_anonymized
RES-0175,Backend Developer,1,Bachelor's,B.E. Software Engineering,PostgreSQL|Java|Rust|MySQL|Microservices|Django|GCP|ORM|Elasticsearch|Terraform|OAuth2|API Design|RabbitMQ,MongoDB Associate|AWS Certified Developer,"Optimised PostgreSQL query performance, cutting average response time by 31%. // Designed and maintained a high-throughput REST API serving 23k requests/day. // Optimised PostgreSQL query performance, cutting average response time by 57%.","Results-driven backend developer with 1+ years designing and maintaining distributed systems in Django, PostgreSQL, OAuth2.",synthetic
RES-0167,Backend Developer,5,Bachelor's,B.Tech Information Technology,Rust|Azure|Go|MySQL|Kubernetes|Message Queues|Ruby|Node.js|gRPC|REST API|Apache Kafka|RabbitMQ|Terraform|OAuth2|Unit Testing|Bash,AWS Certified Developer,Built a real-time notification service using Django and message queues.,"Results-driven backend developer with 5+ years designing and maintaining distributed systems in Apache Kafka, Terraform, Node.js.",synthetic
RES-0704,DevOps Engineer,8,Bootcamp/Certification,B.Tech Computer Engineering,AWS|Linux|Azure|Kubernetes|Jenkins|GCP|Python|Helm|Prometheus|Infrastructure as Code|Grafana|Jaeger|Capacity Planning|Loki|GitOps,,Containerised 19 legacy services with Docker and orchestrated with Kubernetes. // Containerised 10 legacy services with Docker and orchestrated with Kubernetes.,"Reliability-focused DevOps professional with 8+ years of experience in GitOps, Infrastructure as Code, Azure.",synthetic
RES-0401,Full-Stack Developer,4,Bachelor's,B.Sc. Computer Science,Git|PostgreSQL|HTML5|AWS|Node.js|Redis|Python|Docker|React|TailwindCSS|Express.js|JavaScript|Jest|Elasticsearch|Microservices|pytest,,Built an internal tooling dashboard serving 50+ engineering teams.,"Versatile engineer comfortable across the stack with 4 years of experience in TailwindCSS, AWS, Python.",synthetic
RES-0629,Data Scientist,10,Bachelor's,B.Sc. Mathematics,Deep Learning|Seaborn|Pandas|PyTorch|Statistics|Jupyter|Scikit-learn|NumPy|Spark|Looker|Airflow,IBM Data Science Professional,Developed a recommendation engine improving click-through rate by 35%.,"Data scientist with 10 years transforming raw data into actionable insights using NumPy, Pandas, Airflow.",synthetic
RES-0723,DevOps Engineer,2,Ph.D.,B.E. Information Technology,Monitoring|Site Reliability Engineering|Terraform|Jenkins|AWS|GCP|Helm|Azure|Bash|Ansible|Linux|Service Mesh|Nginx,AWS DevOps Engineer Professional|Google Professional DevOps Engineer,Containerised 33 legacy services with Docker and orchestrated with Kubernetes. // Containerised 43 legacy services with Docker and orchestrated with Kubernetes. // Reduced deployment lead time from 46 days to 7 hours by redesigning CI/CD pipeline.,"DevOps engineer with 2 years automating infrastructure and improving deployment pipelines using Terraform, Jenkins, Site Reliability Engineering.",synthetic
RES-0179,Backend Developer,8,Bootcamp/Certification,B.Sc. Computer Science,Docker|Message Queues|Python|Node.js|Kubernetes|REST API|Django|pytest|CI/CD|GitHub Actions,MongoDB Associate|Oracle Java SE,"Optimised PostgreSQL query performance, cutting average response time by 49%. // Optimised PostgreSQL query performance, cutting average response time by 37%.","Results-driven backend developer with 8+ years designing and maintaining distributed systems in Message Queues, REST API, CI/CD.",synthetic
RES-0333,Frontend Developer,11,Ph.D.,Diploma in Web Development,Redux|Webpack|Vite|HTML5|Next.js|GraphQL|JavaScript|TypeScript|GitHub|Web Animations|SEO|Git|Performance Optimisation,Meta Front-End Developer,"Rebuilt company dashboard in JavaScript, improving load time by 41%.","Frontend developer with 11 years building responsive, accessible UIs with TypeScript, GraphQL, SEO.",synthetic
RES-0705,DevOps Engineer,2,Ph.D.,M.Sc. Cloud Computing,Prometheus|Terraform|AWS|Monitoring|Python|GitHub Actions|Linux|GCP|Ansible|CI/CD|HAProxy|OpenTelemetry|Service Mesh,HashiCorp Terraform Associate|Google Professional DevOps Engineer,Containerised 17 legacy services with Docker and orchestrated with Kubernetes. // Containerised 39 legacy services with Docker and orchestrated with Kubernetes. // Containerised 8 legacy services with Docker and orchestrated with Kubernetes.,"Infrastructure engineer with 2 years designing cloud-native platforms with HAProxy, Monitoring, GCP.",synthetic
RES-0816,DevOps Engineer,3,Master's,B.Sc. Computer Science,Python|Infrastructure as Code|AWS|Jenkins|Ansible|Jaeger|Loki|HAProxy,,Achieved 39% cost reduction by right-sizing cloud infrastructure on Docker.,"Reliability-focused DevOps professional with 3+ years of experience in Ansible, Jaeger, Infrastructure as Code.",synthetic
RES-0609,Data Scientist,12,Bachelor's,M.Sc. Machine Learning,Feature Engineering|Statistics|A/B Testing|SQL|Deep Learning|TensorFlow|Airflow|Spark|AWS SageMaker|Power BI|Git,Google Professional Data Engineer,Automated ETL pipelines reducing manual data preparation by 23%. // Published research on PyTorch applied to time-series forecasting.,"Data scientist with 12 years transforming raw data into actionable insights using A/B Testing, Power BI, Statistics.",public_profile_anonymized
RES-0901,Cloud Architect,10,Bootcamp/Certification,M.Sc. Computer Science,Lambda|High Availability|AWS|Cost Optimisation|Terraform|Disaster Recovery|GCP|Load Balancing|Multi-cloud Strategy|Azure|Solution Design|FinOps|CDK,TOGAF 9|Google Professional Cloud Architect,"Designed a multi-region, active-active architecture with 99.72% availability SLA. // Architected serverless data pipeline processing 35M events/day. // Architected serverless data pipeline processing 3M events/day.","Senior cloud architect with 10+ years leading enterprise-scale cloud migrations using Solution Design, Disaster Recovery, Lambda.",public_profile_anonymized
RES-0263,Frontend Developer,7,Bachelor's,B.Sc. Computer Science,HTML5|Vue.js|JavaScript|Redux|Webpack|Angular|React|Accessibility|SASS|Nuxt.js|Cross-browser Compatibility|Git|Storybook|SEO|PWA|Chart.js|Figma,,Reduced bundle size by 56% through code splitting and lazy loading. // Reduced bundle size by 32% through code splitting and lazy loading.,"Frontend developer with 7 years building responsive, accessible UIs with JavaScript, Redux, Accessibility.",public_profile_anonymized
RES-0558,Data Scientist,7,Associate's,Ph.D. Computer Science,Jupyter|PyTorch|Feature Engineering|TensorFlow|SQL|A/B Testing|NumPy|Scikit-learn|Data Visualisation|Statistics|Matplotlib|Seaborn|Airflow|AWS SageMaker|Power BI|Docker|GCP Vertex AI,Google Professional Data Engineer,Automated ETL pipelines reducing manual data preparation by 41%. // Developed a recommendation engine improving click-through rate by 32%.,"Analytical data scientist with 7+ years of experience in Feature Engineering, TensorFlow, Power BI and statistical modelling.",public_profile_anonymized
RES-0659,Data Scientist,1,Bootcamp/Certification,Ph.D. Computer Science,Scikit-learn|PyTorch|Natural Language Processing|Statistics|R|Data Visualisation|Machine Learning|Pandas|Deep Learning|Power BI|Hypothesis Testing,Google Professional Data Engineer,"Built a churn prediction model with 46% accuracy, saving 33k ARR.","Data scientist with 1 years transforming raw data into actionable insights using Statistics, Machine Learning, PyTorch.",public_profile_anonymized
RES-0737,DevOps Engineer,3,Ph.D.,B.E. Information Technology,Helm|Bash|Linux|GCP|Infrastructure as Code|Azure|Jenkins|Ansible|Terraform|Istio|Capacity Planning|Vagrant,AWS DevOps Engineer Professional|CKA (Kubernetes),Improved system uptime to 99.52% SLA through improved monitoring and alerting.,"Reliability-focused DevOps professional with 3+ years of experience in Ansible, Capacity Planning, Istio.",synthetic
RES-0114,Backend Developer,10,Associate's,M.Sc. Computer Science,Microservices|Kubernetes|Message Queues|ORM|GCP|Jenkins|API Design|Apache Kafka,,Built a real-time notification service using GCP and message queues.,"Results-driven backend developer with 10+ years designing and maintaining distributed systems in ORM, Jenkins, Message Queues.",public_profile_anonymized
RES-0063,Backend Developer,11,Bootcamp/Certification,B.E. Software Engineering,MySQL|gRPC|Message Queues|AWS|NestJS|Java|Apache Kafka|RabbitMQ|Linux|JWT|Nginx|Bash,,"Optimised PostgreSQL query performance, cutting average response time by 60%. // Designed and maintained a high-throughput REST API serving 31k requests/day.","Results-driven backend developer with 11+ years designing and maintaining distributed systems in NestJS, MySQL, Apache Kafka.",synthetic
RES-0754,DevOps Engineer,12,Master's,M.Sc. Cloud Computing,CI/CD|GCP|Terraform|Infrastructure as Code|GitHub Actions|Helm|Ansible|Prometheus|Jenkins|Jaeger|Istio|Security Hardening|ArgoCD,AWS DevOps Engineer Professional,Reduced deployment lead time from 22 days to 2 hours by redesigning CI/CD pipeline. // Achieved 19% cost reduction by right-sizing cloud infrastructure on Ansible. // Containerised 11 legacy services with Docker and orchestrated with Kubernetes.,"DevOps engineer with 12 years automating infrastructure and improving deployment pipelines using GCP, Jaeger, Jenkins.",synthetic
RES-0868,Cloud Architect,11,Ph.D.,M.B.A. Technology Management,Auto Scaling|Serverless|Kubernetes|Cost Optimisation|Multi-cloud Strategy|Compliance|CDK|Helm|Enterprise Architecture|FinOps|CloudFormation,Azure Solutions Architect Expert,"Designed a multi-region, active-active architecture with 99.74% availability SLA.","Solutions architect with 11 years architecting multi-cloud environments with FinOps, Multi-cloud Strategy, Cost Optimisation.",synthetic
RES-0408,Full-Stack Developer,6,Bootcamp/Certification,B.Sc. Computer Science,GraphQL|TypeScript|REST API|Next.js|React|TailwindCSS|MongoDB|FastAPI|PostgreSQL|Express.js|Python|Git|Agile|WebSockets|Kubernetes|JWT|GitHub Actions|Nginx,AWS Certified Developer|Google Associate Cloud Engineer,Delivered a full-stack SaaS platform from design to production in 6 months. // Delivered a full-stack SaaS platform from design to production in 50 months.,"Versatile engineer comfortable across the stack with 6 years of experience in Agile, TypeScript, WebSockets.",kaggle_anonymized
RES-0087,Backend Developer,12,Master's,B.Sc. Computer Science,Node.js|FastAPI|Java|GraphQL|Go|gRPC|Elasticsearch|AWS|Terraform|Unit Testing,,"Led migration of monolith to microservices, reducing deployment time by 25%. // Built a real-time notification service using Message Queues and message queues. // Designed and maintained a high-throughput REST API serving 3k requests/day.","Results-driven backend developer with 12+ years designing and maintaining distributed systems in FastAPI, AWS, Terraform.",public_profile_anonymized
RES-0628,Data Scientist,9,Bootcamp/Certification,M.Sc. Data Science,Deep Learning|TensorFlow|Pandas|SQL|NumPy|Hypothesis Testing|AWS SageMaker|Spark|Power BI,,Published research on R applied to time-series forecasting. // Automated ETL pipelines reducing manual data preparation by 17%.,"Analytical data scientist with 9+ years of experience in Pandas, NumPy, Power BI and statistical modelling.",kaggle_anonymized
RES-0173,Backend Developer,12,Master's,M.Sc. Computer Science,Kubernetes|GraphQL|Rust|Java|ORM|Docker|Microservices|gRPC|Elasticsearch|AWS|C#|Message Queues|GitHub Actions|Linux|Jenkins|API Design|CI/CD|Nginx,AWS Certified Developer|Oracle Java SE,"Led migration of monolith to microservices, reducing deployment time by 32%. // Designed and maintained a high-throughput REST API serving 38k requests/day. // Designed and maintained a high-throughput REST API serving 11k requests/day.","Backend engineer with 12 years of experience building scalable APIs and microservices using gRPC, API Design, Rust.",public_profile_anonymized
RES-0552,Data Scientist,9,Ph.D.,M.Sc. Statistics,Machine Learning|Natural Language Processing|Matplotlib|Seaborn|Data Visualisation|Jupyter|Statistics|dbt|Model Deployment|Looker|GCP Vertex AI|Tableau|Git,,Developed a recommendation engine improving click-through rate by 24%.,"Machine learning practitioner with 9 years building predictive models with Data Visualisation, Git, Matplotlib.",synthetic
RES-0791,DevOps Engineer,11,Ph.D.,M.Sc. Cloud Computing,Helm|Docker|Terraform|Ansible|Bash|Linux|Prometheus|Vagrant|ArgoCD|Security Hardening|Vault|Jaeger|Nginx,,Reduced deployment lead time from 15 days to 10 hours by redesigning CI/CD pipeline. // Improved system uptime to 99.78% SLA through improved monitoring and alerting. // Reduced deployment lead time from 39 days to 3 hours by redesigning CI/CD pipeline.,"DevOps engineer with 11 years automating infrastructure and improving deployment pipelines using Bash, Vagrant, Terraform.",public_profile_anonymized
RES-0824,DevOps Engineer,11,Bachelor's,B.E. Information Technology,Jenkins|Monitoring|Grafana|Prometheus|Terraform|Site Reliability Engineering|GCP|AWS|Azure|Kubernetes|Vagrant|Nginx|Service Mesh|OpenTelemetry,AWS DevOps Engineer Professional|Google Professional DevOps Engineer,Reduced deployment lead time from 43 days to 6 hours by redesigning CI/CD pipeline. // Reduced deployment lead time from 48 days to 2 hours by redesigning CI/CD pipeline.,"Reliability-focused DevOps professional with 11+ years of experience in Prometheus, AWS, GCP.",synthetic
RES-0310,Frontend Developer,5,Ph.D.,B.Sc. Computer Science,Next.js|React|REST API|Vue.js|CSS3|TypeScript|Cypress|Jest|GitHub|Adobe XD|D3.js|Git,,Developed a reusable component library with 24+ components used across 6 products. // Implemented WCAG 2.1 AA accessibility standards across the entire application.,"Creative UI engineer with 5+ years of experience crafting pixel-perfect interfaces using TypeScript, Vue.js, Cypress.",kaggle_anonymized
RES-0454,Full-Stack Developer,7,Associate's,B.Sc. Computer Science,Python|JavaScript|TypeScript|Redis|Express.js|pytest,,Shipped end-to-end feature that increased user retention by 29%. // Built an internal tooling dashboard serving 2+ engineering teams. // Delivered a full-stack SaaS platform from design to production in 23 months.,"Full-stack engineer with 7+ years building and shipping products with pytest, JavaScript, Python.",kaggle_anonymized
RES-0970,Mobile Developer,12,Bachelor's,B.E. Software Engineering,Xcode|Dart|Objective-C|REST API|React Native|GraphQL|Play Store Deployment|Java|iOS|Flutter|SQLite|MobX|Accessibility|Offline Support|Bluetooth,,Shipped iOS and Android apps with 49k+ downloads in first month. // Reduced app crash rate from 6% to 1.0% through systematic debugging.,"Experienced app engineer with 12+ years shipping production mobile apps in iOS, Dart, Java.",kaggle_anonymized
RES-0443,Full-Stack Developer,8,Bachelor's,B.E. Software Engineering,FastAPI|CI/CD|Redis|REST API|TailwindCSS|HTML5|TypeScript|Express.js|CSS3|React|JavaScript|GitHub Actions|Linux|Scrum|Kubernetes|Elasticsearch|pytest,AWS Certified Developer,Delivered a full-stack SaaS platform from design to production in 29 months. // Delivered a full-stack SaaS platform from design to production in 34 months.,"Full-stack engineer with 8+ years building and shipping products with React, REST API, Scrum.",synthetic
RES-0603,Data Scientist,10,Master's,B.Sc. Mathematics,Machine Learning|Statistics|Python|PyTorch|Feature Engineering|Matplotlib|Data Visualisation|Scikit-learn|SQL|Model Deployment|Spark|GCP Vertex AI,IBM Data Science Professional|AWS Machine Learning Specialty,Developed a recommendation engine improving click-through rate by 41%.,"Machine learning practitioner with 10 years building predictive models with SQL, Machine Learning, Python.",synthetic
RES-0726,DevOps Engineer,2,Master's,B.Tech Computer Engineering,CI/CD|Docker|Bash|Linux|Terraform|Prometheus|Vagrant|Nginx|Istio|Loki|Jaeger,,Containerised 13 legacy services with Docker and orchestrated with Kubernetes.,"Reliability-focused DevOps professional with 2+ years of experience in Prometheus, Vagrant, Jaeger.",kaggle_anonymized
RES-0981,Mobile Developer,2,Bachelor's,B.E. Software Engineering,Objective-C|Xcode|Kotlin|iOS|Dart|GraphQL|React Native|App Store Deployment|Android|Firebase|Push Notifications|Java|CI/CD|Performance Profiling,AWS Mobile Developer|Google Associate Android Developer,Achieved 21% reduction in app cold-start time through performance profiling.,"Mobile engineer with 2 years crafting performant iOS and Android experiences with CI/CD, Java, Xcode.",synthetic
RES-0276,Frontend Developer,12,Associate's,Diploma in Web Development,Next.js|Vue.js|Accessibility|CSS3|Zustand|TailwindCSS|Nuxt.js|D3.js|CI/CD|Cypress|Storybook|GitHub|Chart.js,AWS Cloud Practitioner,Developed a reusable component library with 13+ components used across 2 products. // Reduced bundle size by 31% through code splitting and lazy loading.,"Passionate frontend engineer with 12 years of hands-on experience in Vue.js, Accessibility, CSS3.",synthetic
RES-0270,Frontend Developer,11,Bootcamp/Certification,Diploma in Web Development,Responsive Design|JavaScript|Next.js|Cross-browser Compatibility|Webpack|TypeScript|REST API|Accessibility|PWA|SEO,,"Rebuilt company dashboard in Next.js, improving load time by 18%. // Implemented WCAG 2.1 AA accessibility standards across the entire application.","Creative UI engineer with 11+ years of experience crafting pixel-perfect interfaces using Accessibility, Cross-browser Compatibility, JavaScript.",public_profile_anonymized
RES-0283,Frontend Developer,6,Master's,Diploma in Web Development,TypeScript|Next.js|REST API|Cross-browser Compatibility|GraphQL|JavaScript|Responsive Design|Webpack|React|Angular|PWA|Chart.js,Meta Front-End Developer|Google UX Design,"Rebuilt company dashboard in HTML5, improving load time by 57%. // Rebuilt company dashboard in GraphQL, improving load time by 24%.","Frontend developer with 6 years building responsive, accessible UIs with REST API, Webpack, Chart.js.",public_profile_anonymized
RES-0731,DevOps Engineer,10,Bootcamp/Certification,B.Sc. Computer Science,Linux|Kubernetes|Docker|Terraform|Infrastructure as Code|AWS|Helm|GCP|Cost Optimisation|Packer,AWS DevOps Engineer Professional|Google Professional DevOps Engineer,Reduced deployment lead time from 20 days to 6 hours by redesigning CI/CD pipeline. // Reduced deployment lead time from 24 days to 8 hours by redesigning CI/CD pipeline. // Achieved 32% cost reduction by right-sizing cloud infrastructure on Monitoring.,"Reliability-focused DevOps professional with 10+ years of experience in AWS, Cost Optimisation, Linux.",synthetic
RES-0904,Cloud Architect,11,Master's,M.B.A. Technology Management,Cost Optimisation|Serverless|GCP|Auto Scaling|Lambda|Terraform|AWS|Kubernetes|VPC|IAM|Vault|CloudFormation,Azure Solutions Architect Expert|AWS Solutions Architect Professional,"Designed a multi-region, active-active architecture with 99.9% availability SLA. // Architected serverless data pipeline processing 44M events/day. // Architected serverless data pipeline processing 22M events/day.","Cloud architect with 11 years designing resilient, scalable cloud platforms on Terraform, VPC, Vault.",synthetic
RES-0008,Backend Developer,7,Bachelor's,M.Sc. Computer Science,SQL|Microservices|Go|FastAPI|Ruby|Azure|MongoDB|gRPC|Rust|GraphQL|Terraform|Jenkins|Nginx,AWS Certified Developer|MongoDB Associate,Designed and maintained a high-throughput REST API serving 7k requests/day. // Designed and maintained a high-throughput REST API serving 12k requests/day. // Built a real-time notification service using Ruby and message queues.,"Backend engineer with 7 years of experience building scalable APIs and microservices using GraphQL, Jenkins, Rust.",synthetic
RES-0101,Backend Developer,9,Associate's,B.Sc. Computer Science,Azure|Redis|FastAPI|MongoDB|Node.js|REST API|MySQL|GraphQL|SQL|PostgreSQL|Microservices|Jenkins|Terraform|Apache Kafka,MongoDB Associate|AWS Certified Developer,"Optimised PostgreSQL query performance, cutting average response time by 28%.","Experienced server-side developer specialising in MongoDB, Microservices, FastAPI with 9 years of professional experience.",public_profile_anonymized
RES-0086,Backend Developer,11,Bachelor's,B.Sc. Computer Science,Azure|PostgreSQL|Message Queues|Java|Python|Redis|SQL|Terraform|Nginx,MongoDB Associate,"Optimised PostgreSQL query performance, cutting average response time by 20%. // Designed and maintained a high-throughput REST API serving 21k requests/day.","Experienced server-side developer specialising in PostgreSQL, Python, Redis with 11 years of professional experience.",kaggle_anonymized
RES-0678,Data Scientist,11,Master's,B.Sc. Mathematics,Deep Learning|SQL|PyTorch|TensorFlow|Pandas|A/B Testing|Spark|Bayesian Statistics|Experiment Tracking|Hadoop,AWS Machine Learning Specialty,Developed a recommendation engine improving click-through rate by 60%.,"Analytical data scientist with 11+ years of experience in Spark, Bayesian Statistics, Experiment Tracking and statistical modelling.",synthetic
RES-0016,Backend Developer,10,Ph.D.,B.E. Software Engineering,ORM|MongoDB|gRPC|C#|GCP|PostgreSQL|Message Queues|Django|FastAPI|Kubernetes|MySQL|Unit Testing|Nginx|Terraform|Jenkins|Apache Kafka,Oracle Java SE,"Designed and maintained a high-throughput REST API serving 10k requests/day. // Optimised PostgreSQL query performance, cutting average response time by 49%.","Experienced server-side developer specialising in ORM, Terraform, Nginx with 10 years of professional experience.",public_profile_anonymized
RES-0507,Full-Stack Developer,10,Master's,M.Sc. Software Engineering,Next.js|TailwindCSS|Redis|Docker|Express.js|React|TypeScript|CI/CD|CSS3|HTML5|Python|Kubernetes,,Integrated third-party payment gateway handling 12k transactions/month. // Integrated third-party payment gateway handling 2k transactions/month.,"Full-stack developer with 10 years delivering end-to-end web applications using HTML5, Next.js, TypeScript.",synthetic
RES-0405,Full-Stack Developer,4,Bootcamp/Certification,B.E. Software Engineering,Redis|REST API|HTML5|Docker|CI/CD|AWS|Next.js|PostgreSQL|GraphQL|JavaScript|Nginx|WebSockets|JWT,Google Associate Cloud Engineer|AWS Certified Developer,Shipped end-to-end feature that increased user retention by 16%.,"Full-stack engineer with 4+ years building and shipping products with AWS, REST API, GraphQL.",kaggle_anonymized
RES-0229,Frontend Developer,7,Ph.D.,B.Sc. Computer Science,Accessibility|Next.js|REST API|Nuxt.js|Zustand|TailwindCSS|GraphQL|Redux|Cross-browser Compatibility|Angular|Vite|SASS|Web Animations|GitHub|SEO|D3.js|Storybook,AWS Cloud Practitioner|Google UX Design,"Developed a reusable component library with 27+ components used across 7 products. // Rebuilt company dashboard in Responsive Design, improving load time by 51%.","Passionate frontend engineer with 7 years of hands-on experience in Nuxt.js, REST API, Storybook.",public_profile_anonymized
RES-0519,Full-Stack Developer,4,Bootcamp/Certification,B.E. Software Engineering,CI/CD|JavaScript|TypeScript|Git|HTML5|React|MongoDB|Python|pytest|Jest|Elasticsearch|WebSockets|Kubernetes|Microservices,,Delivered a full-stack SaaS platform from design to production in 4 months.,"Full-stack developer with 4 years delivering end-to-end web applications using WebSockets, pytest, MongoDB.",kaggle_anonymized
RES-0883,Cloud Architect,8,Bachelor's,M.Sc. Computer Science,Lambda|Multi-cloud Strategy|High Availability|GCP|Serverless|Cost Optimisation|Azure|Auto Scaling|Terraform|AWS|Bash|CloudFormation|Solution Design|Ansible|SOC 2,AWS Solutions Architect Professional,Established cloud governance framework adopted across 24 business units. // Established cloud governance framework adopted across 47 business units.,"Cloud architect with 8 years designing resilient, scalable cloud platforms on Cost Optimisation, High Availability, Multi-cloud Strategy.",synthetic
RES-0715,DevOps Engineer,4,Associate's,B.E. Information Technology,Monitoring|Helm|AWS|Infrastructure as Code|Site Reliability Engineering|Python|Docker|GCP|Prometheus|Kubernetes|Cost Optimisation|Flux|Nginx|Vagrant,,Reduced deployment lead time from 6 days to 2 hours by redesigning CI/CD pipeline.,"DevOps engineer with 4 years automating infrastructure and improving deployment pipelines using Site Reliability Engineering, Helm, Kubernetes.",synthetic
RES-0180,Backend Developer,8,Associate's,B.Sc. Computer Science,Docker|Ruby|C#|MongoDB|Node.js|REST API|Kubernetes|Microservices|Spring Boot|API Design|Apache Kafka|Unit Testing|pytest|CI/CD,Oracle Java SE|AWS Certified Developer,Designed and maintained a high-throughput REST API serving 14k requests/day.,"Results-driven backend developer with 8+ years designing and maintaining distributed systems in Node.js, Microservices, Spring Boot.",kaggle_anonymized
RES-0804,DevOps Engineer,2,Master's,M.Sc. Cloud Computing,Grafana|Docker|GCP|Infrastructure as Code|GitHub Actions|Prometheus|Azure|Monitoring|Ansible|GitOps|Packer|OpenTelemetry|Capacity Planning,,Achieved 57% cost reduction by right-sizing cloud infrastructure on Site Reliability Engineering. // Improved system uptime to 99.76% SLA through improved monitoring and alerting. // Reduced deployment lead time from 7 days to 4 hours by redesigning CI/CD pipeline.,"DevOps engineer with 2 years automating infrastructure and improving deployment pipelines using GitHub Actions, Packer, OpenTelemetry.",synthetic
RES-0238,Frontend Developer,7,Bootcamp/Certification,B.Tech Information Technology,GraphQL|JavaScript|Nuxt.js|React|REST API|SASS|HTML5|Next.js|Accessibility|Vue.js|Responsive Design|Vite|PWA|Cypress|Performance Optimisation|Figma|Web Animations|Storybook,Google UX Design,Reduced bundle size by 23% through code splitting and lazy loading. // Implemented WCAG 2.1 AA accessibility standards across the entire application.,"Creative UI engineer with 7+ years of experience crafting pixel-perfect interfaces using GraphQL, Web Animations, REST API.",synthetic
RES-0570,Data Scientist,2,Bachelor's,Ph.D. Computer Science,Pandas|Statistics|Natural Language Processing|NumPy|Data Visualisation|Feature Engineering|Deep Learning|Git|Tableau|AWS SageMaker,AWS Machine Learning Specialty,"Built a churn prediction model with 39% accuracy, saving 26k ARR.","Data scientist with 2 years transforming raw data into actionable insights using NumPy, Pandas, AWS SageMaker.",synthetic
RES-0699,Data Scientist,9,Bachelor's,Ph.D. Computer Science,R|Deep Learning|Natural Language Processing|Feature Engineering|A/B Testing|Power BI|AWS SageMaker|Tableau|Hadoop,,"Published research on Natural Language Processing applied to time-series forecasting. // Built a churn prediction model with 21% accuracy, saving 37k ARR.","Analytical data scientist with 9+ years of experience in AWS SageMaker, A/B Testing, Deep Learning and statistical modelling.",synthetic
RES-0320,Frontend Developer,9,Bachelor's,B.A. Web Design,Vue.js|Zustand|Accessibility|TypeScript|GraphQL|Redux|CSS3|SASS|Angular|Cross-browser Compatibility|TailwindCSS|Nuxt.js|Chart.js|Node.js|D3.js|Figma|Web Animations|Git,,"Rebuilt company dashboard in TailwindCSS, improving load time by 49%.","Frontend developer with 9 years building responsive, accessible UIs with Accessibility, Zustand, GraphQL.",kaggle_anonymized
RES-0458,Full-Stack Developer,3,Ph.D.,M.Sc. Software Engineering,Node.js|CSS3|TailwindCSS|Python|Redis|Docker|FastAPI|Git|Elasticsearch|Scrum|Terraform|GitHub Actions,AWS Certified Developer|Google Associate Cloud Engineer,Shipped end-to-end feature that increased user retention by 23%.,"Full-stack engineer with 3+ years building and shipping products with Git, CSS3, FastAPI.",public_profile_anonymized
RES-0995,Mobile Developer,3,Bachelor's,Diploma in Mobile App Development,Objective-C|REST API|Dart|GraphQL|App Store Deployment|Play Store Deployment|Swift|Offline Support|Crashlytics,AWS Mobile Developer|Apple App Development with Swift,Achieved 38% reduction in app cold-start time through performance profiling. // Reduced app crash rate from 7% to 1.5% through systematic debugging.,"Mobile engineer with 3 years crafting performant iOS and Android experiences with Dart, Objective-C, Crashlytics.",public_profile_anonymized
RES-0537,Full-Stack Developer,6,Master's,B.Tech Computer Engineering,REST API|CI/CD|PostgreSQL|Python|TailwindCSS|AWS|GraphQL|FastAPI|MongoDB|TypeScript|CSS3|Express.js|pytest|Agile,AWS Certified Developer|Google Associate Cloud Engineer,Integrated third-party payment gateway handling 31k transactions/month. // Delivered a full-stack SaaS platform from design to production in 46 months. // Integrated third-party payment gateway handling 47k transactions/month.,"Full-stack developer with 6 years delivering end-to-end web applications using CSS3, pytest, TypeScript.",synthetic
RES-0318,Frontend Developer,8,Bachelor's,B.A. Web Design,Vue.js|Responsive Design|Nuxt.js|React|TailwindCSS|GraphQL|TypeScript|REST API|PWA|Node.js|Cypress|Storybook|Adobe XD,AWS Cloud Practitioner|Google UX Design,"Rebuilt company dashboard in React, improving load time by 52%. // Rebuilt company dashboard in TypeScript, improving load time by 31%.","Frontend developer with 8 years building responsive, accessible UIs with PWA, Storybook, GraphQL.",synthetic
RES-0416,Full-Stack Developer,10,Master's,B.Tech Computer Engineering,Express.js|JavaScript|Redis|FastAPI|TypeScript|Git|GraphQL|Next.js|CI/CD|React|WebSockets|Terraform|Jest|Agile|GitHub Actions,AWS Certified Developer,Delivered a full-stack SaaS platform from design to production in 14 months. // Delivered a full-stack SaaS platform from design to production in 18 months. // Built an internal tooling dashboard serving 23+ engineering teams.,"Full-stack engineer with 10+ years building and shipping products with React, GitHub Actions, Express.js.",kaggle_anonymized
RES-0898,Cloud Architect,4,Bootcamp/Certification,M.Sc. Computer Science,Lambda|AWS|Terraform|Kubernetes|IAM|Azure|GDPR|Solution Design|Pulumi,,"Designed a multi-region, active-active architecture with 99.84% availability SLA. // Established cloud governance framework adopted across 30 business units.","Solutions architect with 4 years architecting multi-cloud environments with GDPR, Solution Design, Azure.",synthetic
RES-0417,Full-Stack Developer,1,Associate's,M.Sc. Software Engineering,REST API|GraphQL|React|Docker|HTML5|Express.js|Next.js|MongoDB|CSS3|Node.js|FastAPI|PostgreSQL|Kubernetes|Linux|Scrum|Redis|Terraform,AWS Certified Developer|Google Associate Cloud Engineer,Delivered a full-stack SaaS platform from design to production in 31 months.,"Versatile engineer comfortable across the stack with 1 years of experience in Scrum, Next.js, Node.js.",kaggle_anonymized
RES-0515,Full-Stack Developer,6,Master's,M.Sc. Software Engineering,TailwindCSS|Node.js|FastAPI|GraphQL|PostgreSQL|HTML5|TypeScript|Docker|Python|Express.js|CSS3|JWT|Elasticsearch,Meta Front-End Developer,Delivered a full-stack SaaS platform from design to production in 4 months. // Built an internal tooling dashboard serving 49+ engineering teams.,"Full-stack engineer with 6+ years building and shipping products with Docker, PostgreSQL, Python.",public_profile_anonymized
RES-0553,Data Scientist,9,Master's,B.Sc. Mathematics,Pandas|A/B Testing|Data Visualisation|NumPy|Python|Seaborn|Machine Learning|MLflow|Power BI|Tableau|Bayesian Statistics|Spark|Hypothesis Testing,,"Built a churn prediction model with 32% accuracy, saving 36k ARR.","Data scientist with 9 years transforming raw data into actionable insights using Pandas, MLflow, Bayesian Statistics.",synthetic
RES-0241,Frontend Developer,11,Ph.D.,B.Tech Information Technology,Vite|GraphQL|Angular|JavaScript|TypeScript|REST API|Responsive Design|Figma|CI/CD|Git,Google UX Design|Meta Front-End Developer,Developed a reusable component library with 36+ components used across 6 products.,"Frontend developer with 11 years building responsive, accessible UIs with CI/CD, Figma, JavaScript.",synthetic
RES-0895,Cloud Architect,7,Bachelor's,B.Sc. Computer Science,Terraform|Cost Optimisation|Azure|High Availability|Serverless|Multi-cloud Strategy|Load Balancing|Auto Scaling|ArgoCD|Vault|Istio|Enterprise Architecture|CDK,Google Professional Cloud Architect|Azure Solutions Architect Expert,"Led cloud migration of 41-service estate to AWS, cutting TCO by 47%. // Led cloud migration of 17-service estate to AWS, cutting TCO by 25%. // Established cloud governance framework adopted across 39 business units.","Senior cloud architect with 7+ years leading enterprise-scale cloud migrations using CDK, Load Balancing, Multi-cloud Strategy.",synthetic
RES-0622,Data Scientist,9,Master's,B.Sc. Mathematics,SQL|Data Visualisation|TensorFlow|Machine Learning|NumPy|A/B Testing|Git|Tableau,,Automated ETL pipelines reducing manual data preparation by 38%.,"Data scientist with 9 years transforming raw data into actionable insights using A/B Testing, SQL, Machine Learning.",synthetic
RES-0890,Cloud Architect,9,Ph.D.,M.B.A. Technology Management,Azure|Load Balancing|Cost Optimisation|Multi-cloud Strategy|Docker|VPC|Lambda|Auto Scaling|Serverless|Cloud Security|IAM|Kubernetes|Compliance|Solution Design|Zero-Trust Security|Vault,AWS Solutions Architect Professional,Established cloud governance framework adopted across 43 business units. // Architected serverless data pipeline processing 9M events/day.,"Cloud architect with 9 years designing resilient, scalable cloud platforms on Auto Scaling, Cloud Security, VPC.",synthetic
RES-0332,Frontend Developer,7,Master's,B.Tech Information Technology,Vite|Nuxt.js|CSS3|Vue.js|React|JavaScript|Performance Optimisation|Git|Figma,Meta Front-End Developer,Developed a reusable component library with 48+ components used across 9 products. // Developed a reusable component library with 2+ components used across 8 products.,"Frontend developer with 7 years building responsive, accessible UIs with Performance Optimisation, React, Git.",kaggle_anonymized
RES-0792,DevOps Engineer,4,Bootcamp/Certification,M.Sc. Cloud Computing,Terraform|Python|Prometheus|GCP|GitHub Actions|Docker|Jenkins|AWS|Ansible|Site Reliability Engineering|Cost Optimisation|ArgoCD|Vagrant|OpenTelemetry|Vault,Google Professional DevOps Engineer|CKA (Kubernetes),Achieved 38% cost reduction by right-sizing cloud infrastructure on AWS. // Achieved 60% cost reduction by right-sizing cloud infrastructure on Ansible.,"Infrastructure engineer with 4 years designing cloud-native platforms with GCP, Prometheus, Vault.",synthetic
RES-0185,Backend Developer,12,Associate's,B.Sc. Computer Science,FastAPI|Azure|Go|Express.js|Message Queues|ORM|Microservices|GraphQL|Ruby|REST API|Apache Kafka|Jenkins|Bash,AWS Certified Developer,"Optimised PostgreSQL query performance, cutting average response time by 38%.","Experienced server-side developer specialising in Express.js, ORM, Go with 12 years of professional experience.",synthetic
RES-0851,Cloud Architect,2,Master's,M.Sc. Cloud Computing,Cloud Security|Lambda|IAM|Terraform|Docker|Load Balancing|VPC|Auto Scaling|GCP|Multi-cloud Strategy|High Availability|GDPR|Ansible|Helm|Bash|Service Mesh,AWS Solutions Architect Professional|Azure Solutions Architect Expert,"Designed a multi-region, active-active architecture with 99.76% availability SLA. // Architected serverless data pipeline processing 8M events/day. // Designed a multi-region, active-active architecture with 99.63% availability SLA.","Solutions architect with 2 years architecting multi-cloud environments with GCP, Ansible, Terraform.",kaggle_anonymized
RES-0286,Frontend Developer,9,Bachelor's,B.Tech Information Technology,Vue.js|TailwindCSS|SASS|Angular|Cross-browser Compatibility|Next.js|Zustand|Accessibility|Jest|Node.js,,"Implemented WCAG 2.1 AA accessibility standards across the entire application. // Rebuilt company dashboard in React, improving load time by 47%.","Passionate frontend engineer with 9 years of hands-on experience in Zustand, Accessibility, Vue.js.",synthetic
RES-0892,Cloud Architect,3,Master's,M.Sc. Cloud Computing,GCP|Multi-cloud Strategy|Lambda|Auto Scaling|Docker|Load Balancing|Terraform|Azure|High Availability|Vault|Bash|Helm,Google Professional Cloud Architect,"Led cloud migration of 38-service estate to AWS, cutting TCO by 20%. // Established cloud governance framework adopted across 47 business units.","Solutions architect with 3 years architecting multi-cloud environments with GCP, Docker, Azure.",public_profile_anonymized
RES-0748,DevOps Engineer,11,Associate's,B.Tech Computer Engineering,Prometheus|Linux|Grafana|Site Reliability Engineering|Docker|CI/CD|Jenkins|Helm|Ansible|Terraform|GCP|GitHub Actions|Nginx|Jaeger|GitOps|Packer,AWS DevOps Engineer Professional|CKA (Kubernetes),Improved system uptime to 99.59% SLA through improved monitoring and alerting.,"Reliability-focused DevOps professional with 11+ years of experience in GitOps, Grafana, GitHub Actions.",synthetic
RES-0884,Cloud Architect,11,Master's,B.Sc. Computer Science,Lambda|GCP|Cost Optimisation|Docker|VPC|Kubernetes|Multi-cloud Strategy|Serverless|IAM|Auto Scaling|Disaster Recovery|Python|CloudFormation|Vault|CDK|Helm|Bash,,"Designed a multi-region, active-active architecture with 99.94% availability SLA.","Solutions architect with 11 years architecting multi-cloud environments with Kubernetes, Multi-cloud Strategy, Python.",synthetic
RES-0490,Full-Stack Developer,12,Bootcamp/Certification,B.E. Software Engineering,REST API|CI/CD|Python|AWS|Redis|Docker|FastAPI|TailwindCSS|JavaScript|Next.js|PostgreSQL|OAuth2|pytest|WebSockets|Microservices,Google Associate Cloud Engineer,Built an internal tooling dashboard serving 28+ engineering teams. // Integrated third-party payment gateway handling 12k transactions/month.,"Versatile engineer comfortable across the stack with 12 years of experience in Next.js, pytest, WebSockets.",kaggle_anonymized
RES-0830,Cloud Architect,6,Ph.D.,B.Sc. Computer Science,Load Balancing|Disaster Recovery|AWS|Serverless|VPC|Kubernetes|High Availability|Cost Optimisation|Auto Scaling|Azure|Vault|Zero-Trust Security|SOC 2,,"Designed a multi-region, active-active architecture with 99.75% availability SLA. // Architected serverless data pipeline processing 35M events/day. // Led cloud migration of 24-service estate to AWS, cutting TCO by 59%.","Solutions architect with 6 years architecting multi-cloud environments with Zero-Trust Security, Cost Optimisation, Disaster Recovery.",synthetic
RES-0177,Backend Developer,6,Associate's,B.Tech Information Technology,Kubernetes|Python|ORM|Java|GraphQL|Linux|Apache Kafka,,"Built a real-time notification service using Elasticsearch and message queues. // Led migration of monolith to microservices, reducing deployment time by 60%. // Led migration of monolith to microservices, reducing deployment time by 31%.","Experienced server-side developer specialising in ORM, Java, Apache Kafka with 6 years of professional experience.",synthetic
RES-0155,Backend Developer,4,Bachelor's,B.Tech Information Technology,Kubernetes|NestJS|Rust|Azure|GCP|Java|Go|Node.js|Bash|Celery|Terraform,AWS Certified Developer|Oracle Java SE,"Optimised PostgreSQL query performance, cutting average response time by 28%. // Built a real-time notification service using Kubernetes and message queues.","Backend engineer with 4 years of experience building scalable APIs and microservices using Go, Celery, Bash.",synthetic
RES-0484,Full-Stack Developer,4,Associate's,B.Sc. Computer Science,CI/CD|Redis|Docker|Node.js|Python|Express.js|PostgreSQL|JavaScript|MongoDB|TypeScript|Nginx|GitHub Actions,Meta Front-End Developer,Delivered a full-stack SaaS platform from design to production in 15 months.,"Full-stack engineer with 4+ years building and shipping products with MongoDB, Redis, Node.js.",kaggle_anonymized
RES-0963,Mobile Developer,1,Bachelor's,Diploma in Mobile App Development,Firebase|Kotlin|iOS|Dart|Android|App Store Deployment|Push Notifications|Android Studio|Swift|React Native|Realm|Detox,Apple App Development with Swift,"Shipped iOS and Android apps with 25k+ downloads in first month. // Integrated offline-first architecture, improving UX in low-connectivity regions.","Experienced app engineer with 1+ years shipping production mobile apps in Swift, App Store Deployment, Firebase.",public_profile_anonymized
RES-0001,Backend Developer,11,Bootcamp/Certification,B.Sc. Computer Science,Python|GCP|Django|FastAPI|SQL|Rust|Unit Testing|pytest,Oracle Java SE|AWS Certified Developer,Designed and maintained a high-throughput REST API serving 15k requests/day.,"Results-driven backend developer with 11+ years designing and maintaining distributed systems in Unit Testing, GCP, FastAPI.",public_profile_anonymized
RES-0019,Backend Developer,10,Bootcamp/Certification,M.Sc. Computer Science,Azure|ORM|C#|Spring Boot|Go|Redis|API Design|Terraform,MongoDB Associate,Designed and maintained a high-throughput REST API serving 39k requests/day.,"Backend engineer with 10 years of experience building scalable APIs and microservices using Azure, C#, Go.",kaggle_anonymized
RES-0422,Full-Stack Developer,8,Master's,B.Sc. Computer Science,PostgreSQL|Redis|CSS3|AWS|HTML5|Next.js|Node.js|MongoDB|TailwindCSS|React|FastAPI|Elasticsearch|Terraform,Meta Front-End Developer,Built an internal tooling dashboard serving 31+ engineering teams. // Shipped end-to-end feature that increased user retention by 58%.,"Versatile engineer comfortable across the stack with 8 years of experience in Next.js, Redis, MongoDB.",synthetic
RES-0153,Backend Developer,8,Bootcamp/Certification,B.Sc. Computer Science,FastAPI|GraphQL|Spring Boot|SQL|REST API|Rust|CI/CD|Apache Kafka|Jenkins,Oracle Java SE|MongoDB Associate,"Optimised PostgreSQL query performance, cutting average response time by 59%.","Experienced server-side developer specialising in CI/CD, SQL, REST API with 8 years of professional experience.",public_profile_anonymized
RES-0952,Mobile Developer,4,Ph.D.,B.E. Software Engineering,REST API|Swift|Java|App Store Deployment|Objective-C|Firebase|Bluetooth|Detox|Performance Profiling,Apple App Development with Swift|Google Associate Android Developer,"Integrated offline-first architecture, improving UX in low-connectivity regions. // Shipped iOS and Android apps with 23k+ downloads in first month. // Achieved 34% reduction in app cold-start time through performance profiling.","Mobile engineer with 4 years crafting performant iOS and Android experiences with Firebase, REST API, Bluetooth.",synthetic
RES-0383,Full-Stack Developer,10,Master's,B.E. Software Engineering,CI/CD|Next.js|Docker|GraphQL|TailwindCSS|MongoDB|PostgreSQL|Express.js|JavaScript|Git|HTML5|Terraform|OAuth2|Jest|Nginx,,Shipped end-to-end feature that increased user retention by 21%. // Integrated third-party payment gateway handling 31k transactions/month. // Shipped end-to-end feature that increased user retention by 16%.,"Versatile engineer comfortable across the stack with 10 years of experience in Jest, Terraform, Docker.",synthetic
RES-0559,Data Scientist,11,Ph.D.,M.Sc. Data Science,Statistics|Jupyter|Scikit-learn|Pandas|Deep Learning|Python|Data Visualisation|Seaborn|PyTorch|Natural Language Processing|Tableau|Experiment Tracking,,Developed a recommendation engine improving click-through rate by 58%. // Automated ETL pipelines reducing manual data preparation by 48%. // Published research on SQL applied to time-series forecasting.,"Analytical data scientist with 11+ years of experience in Deep Learning, Pandas, Experiment Tracking and statistical modelling.",synthetic
RES-0164,Backend Developer,2,Bootcamp/Certification,M.Sc. Computer Science,GCP|AWS|Elasticsearch|SQL|Microservices|Spring Boot|GraphQL|ORM|Express.js|Django|MySQL|NestJS|Bash|API Design|Jenkins,AWS Certified Developer,"Led migration of monolith to microservices, reducing deployment time by 27%. // Designed and maintained a high-throughput REST API serving 49k requests/day. // Led migration of monolith to microservices, reducing deployment time by 59%.","Results-driven backend developer with 2+ years designing and maintaining distributed systems in Express.js, Spring Boot, Bash.",synthetic
RES-0555,Data Scientist,2,Associate's,M.Sc. Machine Learning,TensorFlow|Machine Learning|Feature Engineering|PyTorch|Jupyter|SQL|Pandas|Data Visualisation|NumPy|Statistics|Python|AWS SageMaker|Model Deployment|Airflow|GCP Vertex AI|Git|Tableau,IBM Data Science Professional,"Built a churn prediction model with 23% accuracy, saving 32k ARR.","Machine learning practitioner with 2 years building predictive models with TensorFlow, Feature Engineering, Statistics.",kaggle_anonymized
RES-0349,Frontend Developer,8,Bootcamp/Certification,Diploma in Web Development,CSS3|Webpack|Zustand|REST API|TailwindCSS|Responsive Design|Vue.js|Cross-browser Compatibility|Angular|HTML5|Redux|Web Animations|Node.js|Adobe XD|SEO|Git,Meta Front-End Developer|Google UX Design,"Rebuilt company dashboard in React, improving load time by 30%. // Reduced bundle size by 23% through code splitting and lazy loading.","Frontend developer with 8 years building responsive, accessible UIs with Redux, Vue.js, Git.",synthetic
RES-0530,Full-Stack Developer,7,Ph.D.,B.Tech Computer Engineering,TailwindCSS|Node.js|REST API|Git|CI/CD|Redis|Express.js|Scrum|GitHub Actions|OAuth2|Kubernetes|Linux,Meta Front-End Developer|Google Associate Cloud Engineer,Built an internal tooling dashboard serving 27+ engineering teams.,"Full-stack developer with 7 years delivering end-to-end web applications using GitHub Actions, Redis, Kubernetes.",synthetic
RES-0858,Cloud Architect,12,Bachelor's,M.Sc. Computer Science,AWS|Cloud Security|Terraform|Lambda|High Availability|Kubernetes|Docker|Auto Scaling|VPC|Helm|SOC 2,Azure Solutions Architect Expert,"Architected serverless data pipeline processing 2M events/day. // Led cloud migration of 8-service estate to AWS, cutting TCO by 56%. // Designed a multi-region, active-active architecture with 99.56% availability SLA.","Senior cloud architect with 12+ years leading enterprise-scale cloud migrations using AWS, Helm, Docker.",public_profile_anonymized
RES-0887,Cloud Architect,1,Ph.D.,B.Sc. Computer Science,Load Balancing|High Availability|Docker|Kubernetes|Multi-cloud Strategy|IAM|VPC|Enterprise Architecture|Bash|ArgoCD,,Architected serverless data pipeline processing 37M events/day. // Architected serverless data pipeline processing 43M events/day.,"Senior cloud architect with 1+ years leading enterprise-scale cloud migrations using ArgoCD, Load Balancing, Multi-cloud Strategy.",synthetic
RES-0885,Cloud Architect,1,Ph.D.,M.Sc. Cloud Computing,Lambda|Serverless|IAM|Multi-cloud Strategy|Kubernetes|Azure|Cloud Security|Load Balancing|SOC 2|FinOps|GDPR|Ansible|Compliance|Zero-Trust Security,Google Professional Cloud Architect,Architected serverless data pipeline processing 49M events/day. // Architected serverless data pipeline processing 37M events/day. // Architected serverless data pipeline processing 13M events/day.,"Senior cloud architect with 1+ years leading enterprise-scale cloud migrations using Multi-cloud Strategy, Azure, Cloud Security.",synthetic
RES-0671,Data Scientist,12,Associate's,M.Sc. Data Science,NumPy|Matplotlib|SQL|A/B Testing|R|TensorFlow|Deep Learning|Data Visualisation|Pandas|Scikit-learn|Statistics|Git|Model Deployment|dbt|Spark|Tableau|MLflow,,Published research on Deep Learning applied to time-series forecasting.,"Machine learning practitioner with 12 years building predictive models with TensorFlow, MLflow, NumPy.",public_profile_anonymized
RES-0554,Data Scientist,4,Bootcamp/Certification,B.Sc. Mathematics,Deep Learning|SQL|Statistics|Python|Feature Engineering|R|A/B Testing|NumPy|Machine Learning|Hadoop|Airflow|MLflow|Power BI|GCP Vertex AI,IBM Data Science Professional|AWS Machine Learning Specialty,Automated ETL pipelines reducing manual data preparation by 45%.,"Data scientist with 4 years transforming raw data into actionable insights using Airflow, GCP Vertex AI, SQL.",synthetic
RES-0134,Backend Developer,10,Associate's,M.Sc. Computer Science,GCP|REST API|Elasticsearch|Docker|MySQL|pytest|Bash|RabbitMQ|Celery,,Built a real-time notification service using C# and message queues.,"Results-driven backend developer with 10+ years designing and maintaining distributed systems in GCP, pytest, REST API.",synthetic
RES-0108,Backend Developer,2,Associate's,B.Tech Information Technology,Rust|GCP|Django|Microservices|MongoDB|C#|Kubernetes|Express.js|Docker|Java|FastAPI|NestJS|pytest|OAuth2|Terraform,Oracle Java SE,"Built a real-time notification service using Elasticsearch and message queues. // Designed and maintained a high-throughput REST API serving 32k requests/day. // Optimised PostgreSQL query performance, cutting average response time by 23%.","Experienced server-side developer specialising in Django, C#, NestJS with 2 years of professional experience.",synthetic
RES-0764,DevOps Engineer,4,Bachelor's,M.Sc. Cloud Computing,Infrastructure as Code|Grafana|Terraform|Site Reliability Engineering|Jenkins|Python|Ansible|CI/CD|Monitoring|GitHub Actions|Docker|GCP|ELK Stack|Flux|Cost Optimisation|Vagrant|Service Mesh|HAProxy,,Containerised 24 legacy services with Docker and orchestrated with Kubernetes. // Containerised 9 legacy services with Docker and orchestrated with Kubernetes.,"Infrastructure engineer with 4 years designing cloud-native platforms with Grafana, HAProxy, GitHub Actions.",public_profile_anonymized
RES-0461,Full-Stack Developer,11,Bootcamp/Certification,B.E. Software Engineering,Node.js|Express.js|MongoDB|Redis|CI/CD|AWS|HTML5|FastAPI|Docker|CSS3|Next.js|PostgreSQL|WebSockets|Microservices,,Delivered a full-stack SaaS platform from design to production in 19 months.,"Full-stack engineer with 11+ years building and shipping products with PostgreSQL, Node.js, CI/CD.",synthetic
RES-0479,Full-Stack Developer,10,Bootcamp/Certification,M.Sc. Software Engineering,TailwindCSS|React|PostgreSQL|TypeScript|Node.js|Express.js|Git|Next.js|CI/CD|OAuth2|Scrum|pytest|JWT|Elasticsearch|Linux,Meta Front-End Developer|AWS Certified Developer,Built an internal tooling dashboard serving 49+ engineering teams. // Shipped end-to-end feature that increased user retention by 47%.,"Full-stack engineer with 10+ years building and shipping products with Scrum, Next.js, React.",synthetic
RES-0239,Frontend Developer,4,Associate's,Diploma in Web Development,GraphQL|Redux|CSS3|Responsive Design|Vite|Node.js|Figma,AWS Cloud Practitioner|Google UX Design,Implemented WCAG 2.1 AA accessibility standards across the entire application. // Reduced bundle size by 55% through code splitting and lazy loading. // Developed a reusable component library with 32+ components used across 7 products.,"Creative UI engineer with 4+ years of experience crafting pixel-perfect interfaces using GraphQL, Figma, CSS3.",synthetic
RES-0880,Cloud Architect,3,Bachelor's,M.Sc. Computer Science,Cost Optimisation|Terraform|Cloud Security|Auto Scaling|IAM|Kubernetes|Load Balancing|High Availability|Istio|Ansible|GDPR,,Established cloud governance framework adopted across 36 business units. // Architected serverless data pipeline processing 30M events/day.,"Senior cloud architect with 3+ years leading enterprise-scale cloud migrations using High Availability, Kubernetes, IAM.",synthetic
RES-0568,Data Scientist,7,Master's,Ph.D. Computer Science,Pandas|TensorFlow|R|NumPy|A/B Testing|SQL|Looker|Git|AWS SageMaker|Model Deployment|MLflow|Bayesian Statistics,Google Professional Data Engineer|Databricks Certified Associate,Automated ETL pipelines reducing manual data preparation by 52%.,"Analytical data scientist with 7+ years of experience in Bayesian Statistics, A/B Testing, AWS SageMaker and statistical modelling.",synthetic
RES-0053,Backend Developer,11,Ph.D.,B.E. Software Engineering,Azure|Rust|GraphQL|MySQL|Node.js|Go|SQL|Terraform|Celery|OAuth2,MongoDB Associate,Designed and maintained a high-throughput REST API serving 18k requests/day. // Designed and maintained a high-throughput REST API serving 34k requests/day.,"Results-driven backend developer with 11+ years designing and maintaining distributed systems in Go, Azure, Celery.",synthetic
RES-0371,Frontend Developer,12,Associate's,B.Sc. Computer Science,Nuxt.js|GraphQL|CSS3|Responsive Design|Angular|Zustand|SASS|HTML5|TailwindCSS|TypeScript|Cypress|GitHub|Jest|Web Animations|Git|SEO,Google UX Design,"Rebuilt company dashboard in Zustand, improving load time by 29%. // Reduced bundle size by 56% through code splitting and lazy loading.","Passionate frontend engineer with 12 years of hands-on experience in Nuxt.js, CSS3, TailwindCSS.",synthetic
RES-0818,DevOps Engineer,3,Bachelor's,M.Sc. Cloud Computing,GitHub Actions|Azure|Monitoring|Python|Bash|Vault|Packer|ELK Stack|Vagrant,Google Professional DevOps Engineer|HashiCorp Terraform Associate,Containerised 36 legacy services with Docker and orchestrated with Kubernetes. // Achieved 30% cost reduction by right-sizing cloud infrastructure on Terraform. // Improved system uptime to 99.88% SLA through improved monitoring and alerting.,"Infrastructure engineer with 3 years designing cloud-native platforms with ELK Stack, Vagrant, Azure.",public_profile_anonymized
RES-0735,DevOps Engineer,5,Bootcamp/Certification,B.E. Information Technology,Ansible|Azure|Docker|Monitoring|Python|Site Reliability Engineering|Grafana|CI/CD|Jenkins|Infrastructure as Code|Terraform|Security Hardening|Jaeger,Google Professional DevOps Engineer,Containerised 49 legacy services with Docker and orchestrated with Kubernetes. // Containerised 14 legacy services with Docker and orchestrated with Kubernetes.,"DevOps engineer with 5 years automating infrastructure and improving deployment pipelines using Ansible, Docker, Python.",synthetic
RES-0465,Full-Stack Developer,9,Master's,B.Sc. Computer Science,JavaScript|TailwindCSS|Node.js|MongoDB|Redis|AWS|CI/CD|REST API|Next.js|Git|HTML5|GraphQL|Linux|JWT|Nginx,AWS Certified Developer,Delivered a full-stack SaaS platform from design to production in 7 months. // Shipped end-to-end feature that increased user retention by 15%. // Delivered a full-stack SaaS platform from design to production in 39 months.,"Full-stack engineer with 9+ years building and shipping products with Nginx, JavaScript, MongoDB.",kaggle_anonymized
RES-0068,Backend Developer,4,Ph.D.,B.Tech Information Technology,GCP|Azure|PostgreSQL|FastAPI|AWS|Elasticsearch|GitHub Actions|Nginx|Linux,Oracle Java SE,"Built a real-time notification service using SQL and message queues. // Optimised PostgreSQL query performance, cutting average response time by 28%. // Led migration of monolith to microservices, reducing deployment time by 16%.","Experienced server-side developer specialising in AWS, PostgreSQL, Azure with 4 years of professional experience.",synthetic
RES-0852,Cloud Architect,12,Ph.D.,M.Sc. Computer Science,High Availability|Terraform|Lambda|GCP|Cost Optimisation|Kubernetes|Disaster Recovery|Load Balancing|AWS|Multi-cloud Strategy|Azure|Python|Helm,AWS Solutions Architect Professional,"Established cloud governance framework adopted across 46 business units. // Designed a multi-region, active-active architecture with 99.95% availability SLA.","Solutions architect with 12 years architecting multi-cloud environments with Lambda, High Availability, Cost Optimisation.",kaggle_anonymized
RES-0005,Backend Developer,2,Bachelor's,B.Tech Information Technology,ORM|Docker|MySQL|Elasticsearch|Ruby|Rust|NestJS|C#|MongoDB|API Design|RabbitMQ|Bash|CI/CD|Jenkins|OAuth2,AWS Certified Developer,"Led migration of monolith to microservices, reducing deployment time by 20%.","Results-driven backend developer with 2+ years designing and maintaining distributed systems in CI/CD, MySQL, Jenkins.",kaggle_anonymized
RES-0813,DevOps Engineer,7,Bootcamp/Certification,B.Sc. Computer Science,GitHub Actions|Prometheus|CI/CD|Site Reliability Engineering|Kubernetes|Bash|Docker|Helm|Grafana|Linux|Infrastructure as Code|Python|Nginx|Security Hardening|Packer|Vagrant|Service Mesh|Flux,Google Professional DevOps Engineer,Improved system uptime to 99.88% SLA through improved monitoring and alerting.,"Reliability-focused DevOps professional with 7+ years of experience in Linux, Vagrant, Security Hardening.",synthetic
RES-0365,Frontend Developer,12,Ph.D.,B.Sc. Computer Science,REST API|Next.js|GraphQL|Zustand|Responsive Design|React|Vite|CSS3|Cross-browser Compatibility|Webpack|SEO|Web Animations|Storybook|GitHub,Meta Front-End Developer|AWS Cloud Practitioner,Implemented WCAG 2.1 AA accessibility standards across the entire application. // Developed a reusable component library with 15+ components used across 10 products. // Reduced bundle size by 17% through code splitting and lazy loading.,"Frontend developer with 12 years building responsive, accessible UIs with Responsive Design, Webpack, Storybook.",kaggle_anonymized
RES-0027,Backend Developer,8,Bachelor's,B.Tech Information Technology,FastAPI|gRPC|MongoDB|Rust|REST API|Ruby|Elasticsearch|MySQL|SQL|Java|Django|GraphQL|API Design|JWT|Linux|Terraform,Oracle Java SE|MongoDB Associate,"Optimised PostgreSQL query performance, cutting average response time by 37%.","Experienced server-side developer specialising in Elasticsearch, GraphQL, Rust with 8 years of professional experience.",public_profile_anonymized
RES-0115,Backend Developer,9,Bachelor's,B.E. Software Engineering,GraphQL|Kubernetes|GCP|FastAPI|PostgreSQL|NestJS|Celery|OAuth2|Linux|Bash|RabbitMQ,Oracle Java SE|MongoDB Associate,Designed and maintained a high-throughput REST API serving 50k requests/day.,"Backend engineer with 9 years of experience building scalable APIs and microservices using Linux, Celery, Bash.",synthetic
RES-0255,Frontend Developer,11,Bootcamp/Certification,Diploma in Web Development,GraphQL|Vue.js|JavaScript|Zustand|HTML5|Responsive Design|Adobe XD|Web Animations|D3.js|PWA|Node.js,AWS Cloud Practitioner|Google UX Design,"Rebuilt company dashboard in Redux, improving load time by 42%. // Rebuilt company dashboard in SASS, improving load time by 31%. // Developed a reusable component library with 40+ components used across 4 products.","Creative UI engineer with 11+ years of experience crafting pixel-perfect interfaces using PWA, Vue.js, D3.js.",synthetic
RES-0652,Data Scientist,3,Associate's,Ph.D. Computer Science,A/B Testing|Pandas|PyTorch|Matplotlib|Statistics|TensorFlow|Feature Engineering|Python|SQL|Scikit-learn|Machine Learning|Bayesian Statistics|MLflow|Airflow|AWS SageMaker|Hypothesis Testing|Model Deployment,,Published research on Jupyter applied to time-series forecasting.,"Data scientist with 3 years transforming raw data into actionable insights using TensorFlow, Hypothesis Testing, Feature Engineering.",kaggle_anonymized
RES-0617,Data Scientist,1,Associate's,M.Sc. Data Science,Pandas|Feature Engineering|Seaborn|TensorFlow|Data Visualisation|Python|Scikit-learn|Machine Learning|Matplotlib|Jupyter|Deep Learning|PyTorch|Docker|GCP Vertex AI,Google Professional Data Engineer|IBM Data Science Professional,Developed a recommendation engine improving click-through rate by 58%. // Automated ETL pipelines reducing manual data preparation by 22%.,"Data scientist with 1 years transforming raw data into actionable insights using Machine Learning, Scikit-learn, Matplotlib.",synthetic
RES-0724,DevOps Engineer,7,Associate's,B.Sc. Computer Science,Infrastructure as Code|Monitoring|Docker|Bash|GitHub Actions|Python|Azure|Site Reliability Engineering|GCP|Ansible|AWS|Jenkins|Vault|Loki|HAProxy,HashiCorp Terraform Associate|Google Professional DevOps Engineer,Reduced deployment lead time from 10 days to 8 hours by redesigning CI/CD pipeline.,"Reliability-focused DevOps professional with 7+ years of experience in Bash, Site Reliability Engineering, Monitoring.",synthetic
RES-0581,Data Scientist,10,Bachelor's,M.Sc. Data Science,TensorFlow|PyTorch|SQL|Python|Jupyter|Tableau|Model Deployment|Git|Spark|Bayesian Statistics|AWS SageMaker,,"Developed a recommendation engine improving click-through rate by 40%. // Built a churn prediction model with 32% accuracy, saving 36k ARR.","Data scientist with 10 years transforming raw data into actionable insights using TensorFlow, Spark, Bayesian Statistics.",public_profile_anonymized
RES-0919,Cloud Architect,12,Master's,B.Sc. Computer Science,Cost Optimisation|Azure|VPC|IAM|Serverless|Lambda|Auto Scaling|Terraform|Cloud Security|Kubernetes|GCP|Disaster Recovery|ArgoCD|SOC 2|Zero-Trust Security|Vault,Google Professional Cloud Architect,Established cloud governance framework adopted across 5 business units. // Established cloud governance framework adopted across 27 business units. // Established cloud governance framework adopted across 35 business units.,"Solutions architect with 12 years architecting multi-cloud environments with Disaster Recovery, Auto Scaling, Cost Optimisation.",synthetic
RES-0596,Data Scientist,11,Bachelor's,B.Sc. Mathematics,TensorFlow|Seaborn|Deep Learning|A/B Testing|Jupyter|PyTorch|Natural Language Processing|Matplotlib|Pandas|Spark|Docker|Airflow,Databricks Certified Associate,"Built a churn prediction model with 26% accuracy, saving 38k ARR. // Published research on SQL applied to time-series forecasting.","Machine learning practitioner with 11 years building predictive models with Airflow, Matplotlib, Deep Learning.",kaggle_anonymized
RES-0352,Frontend Developer,9,Bootcamp/Certification,Diploma in Web Development,TailwindCSS|HTML5|Angular|JavaScript|TypeScript|Redux|Responsive Design|Nuxt.js|Cross-browser Compatibility|CSS3|Webpack|GitHub|PWA|Performance Optimisation|Figma,,Implemented WCAG 2.1 AA accessibility standards across the entire application.,"Creative UI engineer with 9+ years of experience crafting pixel-perfect interfaces using Cross-browser Compatibility, GitHub, HTML5.",synthetic
RES-0392,Full-Stack Developer,2,Bootcamp/Certification,B.E. Software Engineering,PostgreSQL|MongoDB|REST API|FastAPI|React|Express.js|Redis|Node.js|Microservices|Elasticsearch|GitHub Actions,,Built an internal tooling dashboard serving 5+ engineering teams. // Integrated third-party payment gateway handling 48k transactions/month. // Delivered a full-stack SaaS platform from design to production in 26 months.,"Full-stack developer with 2 years delivering end-to-end web applications using GitHub Actions, PostgreSQL, Microservices.",synthetic
RES-0395,Full-Stack Developer,6,Master's,B.Tech Computer Engineering,MongoDB|Next.js|TypeScript|HTML5|JavaScript|Docker|REST API|Redis|TailwindCSS|Linux|Kubernetes|pytest|WebSockets|Nginx|Elasticsearch,Meta Front-End Developer|AWS Certified Developer,Delivered a full-stack SaaS platform from design to production in 46 months. // Integrated third-party payment gateway handling 43k transactions/month.,"Full-stack engineer with 6+ years building and shipping products with TypeScript, WebSockets, Redis.",synthetic
RES-0535,Full-Stack Developer,12,Ph.D.,B.Sc. Computer Science,Redis|React|CI/CD|Next.js|HTML5|Git|MongoDB|CSS3|Python|PostgreSQL|Kubernetes|pytest|Jest|JWT,,Integrated third-party payment gateway handling 26k transactions/month. // Shipped end-to-end feature that increased user retention by 26%.,"Full-stack engineer with 12+ years building and shipping products with Jest, CI/CD, Next.js.",synthetic
RES-0258,Frontend Developer,9,Associate's,B.Sc. Computer Science,Webpack|Cross-browser Compatibility|Nuxt.js|GraphQL|Responsive Design|HTML5|Accessibility|REST API|Zustand|Node.js|SEO|Git,Google UX Design,"Rebuilt company dashboard in SASS, improving load time by 23%.","Passionate frontend engineer with 9 years of hands-on experience in GraphQL, HTML5, REST API.",public_profile_anonymized
RES-0820,DevOps Engineer,3,Associate's,B.Tech Computer Engineering,Jenkins|GitHub Actions|Terraform|Helm|Docker|Grafana|Infrastructure as Code|Python|Bash|Monitoring|Kubernetes|Azure|Nginx|Packer|Vault|Flux,Google Professional DevOps Engineer|HashiCorp Terraform Associate,Reduced deployment lead time from 5 days to 6 hours by redesigning CI/CD pipeline.,"DevOps engineer with 3 years automating infrastructure and improving deployment pipelines using Azure, Terraform, Infrastructure as Code.",public_profile_anonymized
RES-0264,Frontend Developer,4,Bootcamp/Certification,B.A. Web Design,Accessibility|Cross-browser Compatibility|Webpack|SASS|JavaScript|Storybook|Git|GitHub|SEO|D3.js|Adobe XD,,"Rebuilt company dashboard in Responsive Design, improving load time by 26%. // Reduced bundle size by 52% through code splitting and lazy loading.","Frontend developer with 4 years building responsive, accessible UIs with Adobe XD, Cross-browser Compatibility, Webpack.",public_profile_anonymized
RES-0070,Backend Developer,9,Ph.D.,M.Sc. Computer Science,SQL|C#|Go|ORM|MySQL|Rust|FastAPI|Ruby|Elasticsearch|Azure|Django|Terraform|JWT|GitHub Actions|Apache Kafka,MongoDB Associate,"Led migration of monolith to microservices, reducing deployment time by 56%.","Experienced server-side developer specialising in Elasticsearch, Ruby, SQL with 9 years of professional experience.",synthetic
RES-0170,Backend Developer,8,Ph.D.,B.Sc. Computer Science,NestJS|PostgreSQL|gRPC|C#|Spring Boot|Message Queues|Bash|Celery|Linux|Apache Kafka|GitHub Actions|pytest,MongoDB Associate,"Optimised PostgreSQL query performance, cutting average response time by 30%. // Optimised PostgreSQL query performance, cutting average response time by 28%.","Results-driven backend developer with 8+ years designing and maintaining distributed systems in Message Queues, Linux, C#.",synthetic
RES-0940,Mobile Developer,8,Associate's,B.Tech Mobile Computing,Push Notifications|Objective-C|Dart|App Store Deployment|Swift|React Native|Xcode|Play Store Deployment|Flutter|REST API|Android Studio|Redux|Accessibility|XCTest,,"Reduced app crash rate from 6% to 0.9% through systematic debugging. // Integrated offline-first architecture, improving UX in low-connectivity regions. // Achieved 25% reduction in app cold-start time through performance profiling.","Experienced app engineer with 8+ years shipping production mobile apps in Android Studio, REST API, Objective-C.",kaggle_anonymized
RES-0502,Full-Stack Developer,9,Master's,B.Sc. Computer Science,CI/CD|Docker|React|REST API|Redis|CSS3|Nginx|WebSockets,Google Associate Cloud Engineer,Delivered a full-stack SaaS platform from design to production in 39 months. // Shipped end-to-end feature that increased user retention by 56%. // Shipped end-to-end feature that increased user retention by 33%.,"Full-stack developer with 9 years delivering end-to-end web applications using REST API, WebSockets, React.",synthetic
RES-0002,Backend Developer,5,Bachelor's,B.Sc. Computer Science,Azure|SQL|C#|AWS|GraphQL|Terraform|Celery|Nginx|CI/CD,AWS Certified Developer,Built a real-time notification service using REST API and message queues. // Designed and maintained a high-throughput REST API serving 37k requests/day.,"Results-driven backend developer with 5+ years designing and maintaining distributed systems in SQL, Azure, Terraform.",synthetic
RES-0758,DevOps Engineer,7,Ph.D.,B.Sc. Computer Science,AWS|Kubernetes|Infrastructure as Code|Docker|Site Reliability Engineering|Terraform|Grafana|Helm|Bash|Prometheus|Azure|Jenkins|Service Mesh|GitOps|Capacity Planning|Vault|OpenTelemetry,HashiCorp Terraform Associate|AWS DevOps Engineer Professional,Achieved 48% cost reduction by right-sizing cloud infrastructure on Site Reliability Engineering.,"DevOps engineer with 7 years automating infrastructure and improving deployment pipelines using Bash, Prometheus, Terraform.",synthetic
RES-0973,Mobile Developer,9,Associate's,B.E. Software Engineering,REST API|Push Notifications|Objective-C|Firebase|App Store Deployment|CI/CD|Unit Testing|SQLite|In-App Purchases|Realm,Apple App Development with Swift|Google Associate Android Developer,Shipped iOS and Android apps with 38k+ downloads in first month.,"Experienced app engineer with 9+ years shipping production mobile apps in Unit Testing, REST API, SQLite.",kaggle_anonymized
RES-0013,Backend Developer,6,Ph.D.,B.Tech Information Technology,Go|Message Queues|Django|C#|Redis|RabbitMQ|Apache Kafka|Bash|GitHub Actions,MongoDB Associate,"Designed and maintained a high-throughput REST API serving 26k requests/day. // Led migration of monolith to microservices, reducing deployment time by 19%. // Designed and maintained a high-throughput REST API serving 48k requests/day.","Experienced server-side developer specialising in GitHub Actions, Django, Message Queues with 6 years of professional experience.",kaggle_anonymized
RES-0043,Backend Developer,10,Ph.D.,B.Sc. Computer Science,gRPC|Redis|MongoDB|SQL|GCP|Node.js|Message Queues|Microservices|Docker|Ruby|Express.js|Jenkins|Linux|Celery|RabbitMQ|API Design|Apache Kafka,MongoDB Associate|AWS Certified Developer,"Led migration of monolith to microservices, reducing deployment time by 43%.","Experienced server-side developer specialising in Linux, Celery, Apache Kafka with 10 years of professional experience.",synthetic
RES-0907,Cloud Architect,10,Master's,M.Sc. Cloud Computing,Lambda|Serverless|Multi-cloud Strategy|Auto Scaling|AWS|Bash|GDPR|Compliance,Azure Solutions Architect Expert|Google Professional Cloud Architect,Architected serverless data pipeline processing 21M events/day.,"Cloud architect with 10 years designing resilient, scalable cloud platforms on Auto Scaling, Bash, GDPR.",kaggle_anonymized
RES-0353,Frontend Developer,11,Ph.D.,B.A. Web Design,GraphQL|Zustand|React|HTML5|SASS|Redux|Nuxt.js|REST API|Vue.js|Cypress|Web Animations|Figma|Performance Optimisation|Adobe XD,Meta Front-End Developer|Google UX Design,"Reduced bundle size by 32% through code splitting and lazy loading. // Rebuilt company dashboard in CSS3, improving load time by 26%. // Rebuilt company dashboard in Nuxt.js, improving load time by 32%.","Frontend developer with 11 years building responsive, accessible UIs with HTML5, Adobe XD, GraphQL.",synthetic
RES-0632,Data Scientist,10,Master's,M.Sc. Statistics,Scikit-learn|Pandas|Feature Engineering|Natural Language Processing|Deep Learning|Power BI|Tableau|Spark,Google Professional Data Engineer,Developed a recommendation engine improving click-through rate by 37%.,"Analytical data scientist with 10+ years of experience in Deep Learning, Feature Engineering, Power BI and statistical modelling.",synthetic
RES-0192,Backend Developer,4,Associate's,B.E. Software Engineering,Kubernetes|Express.js|NestJS|Rust|gRPC|Celery|Linux|Terraform|Apache Kafka|RabbitMQ|GitHub Actions,Oracle Java SE,Designed and maintained a high-throughput REST API serving 49k requests/day.,"Experienced server-side developer specialising in RabbitMQ, NestJS, Terraform with 4 years of professional experience.",synthetic
RES-0593,Data Scientist,1,Master's,B.Sc. Mathematics,SQL|R|Statistics|Natural Language Processing|Deep Learning|Data Visualisation|Scikit-learn|Matplotlib|NumPy|MLflow|Hypothesis Testing,AWS Machine Learning Specialty,"Built a churn prediction model with 47% accuracy, saving 15k ARR. // Automated ETL pipelines reducing manual data preparation by 60%.","Data scientist with 1 years transforming raw data into actionable insights using Data Visualisation, Deep Learning, Matplotlib.",synthetic
RES-0429,Full-Stack Developer,12,Bootcamp/Certification,B.E. Software Engineering,Express.js|Python|Git|Docker|GraphQL|JavaScript|TypeScript|PostgreSQL|TailwindCSS|Redis|CI/CD|AWS|Agile|Microservices|JWT,,Built an internal tooling dashboard serving 5+ engineering teams. // Delivered a full-stack SaaS platform from design to production in 18 months.,"Versatile engineer comfortable across the stack with 12 years of experience in Microservices, Git, Docker.",kaggle_anonymized
RES-0222,Frontend Developer,10,Ph.D.,Diploma in Web Development,REST API|GraphQL|React|HTML5|Next.js|Redux|JavaScript|TailwindCSS|Vite|Zustand|CI/CD|Figma|Performance Optimisation,,Reduced bundle size by 45% through code splitting and lazy loading. // Reduced bundle size by 27% through code splitting and lazy loading.,"Creative UI engineer with 10+ years of experience crafting pixel-perfect interfaces using Next.js, HTML5, Figma.",public_profile_anonymized
RES-0533,Full-Stack Developer,4,Bachelor's,B.Sc. Computer Science,React|MongoDB|JavaScript|Git|Docker|PostgreSQL|Python|CSS3|TailwindCSS|Kubernetes|Elasticsearch|Microservices|OAuth2|GitHub Actions,Meta Front-End Developer|AWS Certified Developer,Built an internal tooling dashboard serving 41+ engineering teams.,"Full-stack engineer with 4+ years building and shipping products with Kubernetes, PostgreSQL, JavaScript.",synthetic
RES-0452,Full-Stack Developer,5,Master's,B.Tech Computer Engineering,FastAPI|MongoDB|Docker|HTML5|Next.js|TypeScript|Python|Redis|Jest|Kubernetes,AWS Certified Developer,Integrated third-party payment gateway handling 9k transactions/month. // Built an internal tooling dashboard serving 49+ engineering teams. // Built an internal tooling dashboard serving 18+ engineering teams.,"Full-stack developer with 5 years delivering end-to-end web applications using Redis, Jest, FastAPI.",synthetic
RES-0905,Cloud Architect,12,Bootcamp/Certification,B.Sc. Computer Science,High Availability|Cost Optimisation|AWS|Load Balancing|IAM|VPC|Istio|Helm|Solution Design|Compliance,,"Led cloud migration of 6-service estate to AWS, cutting TCO by 40%. // Led cloud migration of 39-service estate to AWS, cutting TCO by 30%.","Cloud architect with 12 years designing resilient, scalable cloud platforms on IAM, Helm, Load Balancing.",public_profile_anonymized
RES-0199,Backend Developer,10,Associate's,B.Sc. Computer Science,C#|AWS|Spring Boot|Python|GCP|Go|FastAPI|Rust|Kubernetes|Microservices|Celery|Nginx|API Design|Apache Kafka,,"Optimised PostgreSQL query performance, cutting average response time by 17%.","Results-driven backend developer with 10+ years designing and maintaining distributed systems in C#, Rust, AWS.",synthetic
RES-0676,Data Scientist,8,Associate's,M.Sc. Statistics,Feature Engineering|Pandas|Matplotlib|Scikit-learn|NumPy|Machine Learning|A/B Testing|PyTorch|Python|Natural Language Processing|Spark|Hadoop|GCP Vertex AI,IBM Data Science Professional|Databricks Certified Associate,Automated ETL pipelines reducing manual data preparation by 33%. // Developed a recommendation engine improving click-through rate by 28%.,"Machine learning practitioner with 8 years building predictive models with Natural Language Processing, Python, NumPy.",public_profile_anonymized
RES-0996,Mobile Developer,8,Associate's,B.E. Software Engineering,Flutter|Java|Android|Play Store Deployment|Xcode|iOS|Push Notifications|Android Studio|Performance Profiling|Bluetooth|Unit Testing|In-App Purchases|Analytics|Crashlytics,Google Associate Android Developer,"Shipped iOS and Android apps with 33k+ downloads in first month. // Integrated offline-first architecture, improving UX in low-connectivity regions. // Integrated offline-first architecture, improving UX in low-connectivity regions.","Mobile engineer with 8 years crafting performant iOS and Android experiences with Play Store Deployment, Analytics, Crashlytics.",public_profile_anonymized
RES-0714,DevOps Engineer,8,Bootcamp/Certification,B.E. Information Technology,AWS|GCP|Grafana|Ansible|Kubernetes|Site Reliability Engineering|Bash|GitHub Actions|Terraform|Linux|Prometheus|Vault|ELK Stack|Istio,AWS DevOps Engineer Professional,Improved system uptime to 99.99% SLA through improved monitoring and alerting. // Improved system uptime to 99.87% SLA through improved monitoring and alerting. // Containerised 40 legacy services with Docker and orchestrated with Kubernetes.,"DevOps engineer with 8 years automating infrastructure and improving deployment pipelines using Site Reliability Engineering, Prometheus, AWS.",synthetic
RES-0913,Cloud Architect,8,Bootcamp/Certification,M.Sc. Computer Science,Cost Optimisation|Terraform|VPC|IAM|Serverless|Auto Scaling|Load Balancing|Docker|Solution Design|GDPR,AWS Solutions Architect Professional|Azure Solutions Architect Expert,"Architected serverless data pipeline processing 20M events/day. // Led cloud migration of 25-service estate to AWS, cutting TCO by 57%. // Architected serverless data pipeline processing 20M events/day.","Cloud architect with 8 years designing resilient, scalable cloud platforms on GDPR, Load Balancing, Auto Scaling.",public_profile_anonymized
RES-0326,Frontend Developer,10,Bootcamp/Certification,B.Tech Information Technology,HTML5|Redux|Vue.js|Next.js|TypeScript|Jest|Cypress|Performance Optimisation|Figma|Node.js|CI/CD,,"Rebuilt company dashboard in TailwindCSS, improving load time by 39%. // Reduced bundle size by 48% through code splitting and lazy loading.","Creative UI engineer with 10+ years of experience crafting pixel-perfect interfaces using Jest, TypeScript, Next.js.",public_profile_anonymized
RES-0975,Mobile Developer,8,Bootcamp/Certification,Diploma in Mobile App Development,App Store Deployment|Push Notifications|Xcode|Kotlin|Android|Play Store Deployment|REST API|GraphQL|Java|Redux|MobX|Analytics|GPS,,"Integrated offline-first architecture, improving UX in low-connectivity regions.","Experienced app engineer with 8+ years shipping production mobile apps in MobX, Redux, Push Notifications.",synthetic
RES-0841,Cloud Architect,11,Bachelor's,M.B.A. Technology Management,VPC|Disaster Recovery|Multi-cloud Strategy|IAM|Lambda|Load Balancing|Terraform|Istio|ArgoCD|CDK|FinOps,,"Led cloud migration of 35-service estate to AWS, cutting TCO by 22%.","Cloud architect with 11 years designing resilient, scalable cloud platforms on IAM, Multi-cloud Strategy, Load Balancing.",synthetic
RES-0187,Backend Developer,7,Bachelor's,B.Sc. Computer Science,SQL|Message Queues|AWS|Go|gRPC|PostgreSQL|FastAPI|Java|MongoDB|Python|GraphQL|Ruby|CI/CD|Terraform|Nginx,MongoDB Associate,"Led migration of monolith to microservices, reducing deployment time by 51%. // Led migration of monolith to microservices, reducing deployment time by 26%.","Results-driven backend developer with 7+ years designing and maintaining distributed systems in Message Queues, FastAPI, Ruby.",synthetic
RES-0280,Frontend Developer,12,Bootcamp/Certification,B.Tech Information Technology,CSS3|TypeScript|Webpack|REST API|HTML5|Accessibility|GitHub|Storybook|Figma|Jest,AWS Cloud Practitioner|Meta Front-End Developer,"Rebuilt company dashboard in TypeScript, improving load time by 33%.","Frontend developer with 12 years building responsive, accessible UIs with REST API, CSS3, Jest.",kaggle_anonymized
RES-0494,Full-Stack Developer,3,Associate's,B.Tech Computer Engineering,FastAPI|Express.js|Git|TypeScript|Node.js|HTML5|WebSockets|OAuth2|JWT|Terraform|Agile|Scrum,,Integrated third-party payment gateway handling 4k transactions/month.,"Full-stack engineer with 3+ years building and shipping products with Scrum, JWT, OAuth2.",synthetic
RES-0503,Full-Stack Developer,8,Ph.D.,B.E. Software Engineering,CI/CD|Docker|Redis|TailwindCSS|PostgreSQL|Next.js|HTML5|MongoDB|Python|JavaScript|Git|TypeScript|Microservices|Terraform|Scrum|Kubernetes|Agile,Google Associate Cloud Engineer,Delivered a full-stack SaaS platform from design to production in 15 months.,"Full-stack developer with 8 years delivering end-to-end web applications using Redis, Terraform, CI/CD.",synthetic
RES-0431,Full-Stack Developer,3,Bachelor's,B.Tech Computer Engineering,Redis|React|REST API|PostgreSQL|Docker|HTML5|Express.js|Elasticsearch|Scrum,,Delivered a full-stack SaaS platform from design to production in 32 months.,"Versatile engineer comfortable across the stack with 3 years of experience in Elasticsearch, PostgreSQL, Scrum.",synthetic
RES-0453,Full-Stack Developer,1,Master's,B.Tech Computer Engineering,TailwindCSS|Express.js|REST API|React|HTML5|JavaScript|Python|Node.js|GraphQL|TypeScript|GitHub Actions|OAuth2|WebSockets|Scrum|Microservices,Google Associate Cloud Engineer|Meta Front-End Developer,Shipped end-to-end feature that increased user retention by 30%.,"Full-stack developer with 1 years delivering end-to-end web applications using GraphQL, JavaScript, Node.js.",synthetic
RES-0779,DevOps Engineer,6,Bachelor's,B.Sc. Computer Science,Jenkins|Terraform|Infrastructure as Code|GitHub Actions|Bash|Azure|Monitoring|Ansible|Flux|Capacity Planning|Vagrant,HashiCorp Terraform Associate|Google Professional DevOps Engineer,Containerised 25 legacy services with Docker and orchestrated with Kubernetes.,"Infrastructure engineer with 6 years designing cloud-native platforms with Bash, Azure, GitHub Actions.",public_profile_anonymized
RES-0539,Full-Stack Developer,3,Master's,M.Sc. Software Engineering,PostgreSQL|CSS3|Docker|REST API|AWS|Express.js|React|CI/CD|Node.js|TailwindCSS|Python|HTML5|Jest|Kubernetes|Agile|Scrum|Elasticsearch,AWS Certified Developer|Google Associate Cloud Engineer,Integrated third-party payment gateway handling 5k transactions/month.,"Full-stack engineer with 3+ years building and shipping products with AWS, REST API, CSS3.",kaggle_anonymized
RES-0174,Backend Developer,10,Ph.D.,B.Tech Information Technology,Elasticsearch|Node.js|Express.js|MongoDB|Azure|Python|PostgreSQL|gRPC|MySQL|Bash|pytest|CI/CD|GitHub Actions|JWT,,Built a real-time notification service using Node.js and message queues.,"Results-driven backend developer with 10+ years designing and maintaining distributed systems in Azure, GitHub Actions, CI/CD.",public_profile_anonymized
RES-0366,Frontend Developer,1,Bachelor's,B.Tech Information Technology,Vue.js|Nuxt.js|SASS|Redux|REST API|Webpack|Cypress|GitHub|Storybook|PWA,Google UX Design|Meta Front-End Developer,Implemented WCAG 2.1 AA accessibility standards across the entire application.,"Passionate frontend engineer with 1 years of hands-on experience in REST API, Storybook, PWA.",synthetic
RES-0877,Cloud Architect,12,Ph.D.,B.Sc. Computer Science,AWS|Load Balancing|Docker|Cloud Security|Serverless|GCP|Lambda|Kubernetes|High Availability|Cost Optimisation|VPC|SOC 2|Python|Istio|FinOps,AWS Solutions Architect Professional|TOGAF 9,"Architected serverless data pipeline processing 12M events/day. // Led cloud migration of 38-service estate to AWS, cutting TCO by 42%.","Senior cloud architect with 12+ years leading enterprise-scale cloud migrations using Docker, Kubernetes, SOC 2.",public_profile_anonymized
RES-0347,Frontend Developer,10,Ph.D.,B.A. Web Design,Accessibility|Vue.js|Nuxt.js|JavaScript|Redux|GraphQL|React|Angular|CSS3|TailwindCSS|HTML5|SEO|Cypress|Storybook|Node.js,AWS Cloud Practitioner,"Rebuilt company dashboard in Webpack, improving load time by 52%.","Frontend developer with 10 years building responsive, accessible UIs with Redux, SEO, GraphQL.",public_profile_anonymized
RES-0299,Frontend Developer,6,Ph.D.,B.A. Web Design,Nuxt.js|JavaScript|React|Cross-browser Compatibility|Responsive Design|Redux|HTML5|GitHub|Performance Optimisation|Web Animations,Meta Front-End Developer|Google UX Design,Developed a reusable component library with 35+ components used across 5 products. // Reduced bundle size by 35% through code splitting and lazy loading.,"Creative UI engineer with 6+ years of experience crafting pixel-perfect interfaces using Nuxt.js, Responsive Design, HTML5.",synthetic
RES-0806,DevOps Engineer,9,Bootcamp/Certification,B.Tech Computer Engineering,GitHub Actions|Helm|Kubernetes|GCP|CI/CD|Service Mesh|Loki|Jaeger|GitOps|Packer|Cost Optimisation,,Improved system uptime to 99.58% SLA through improved monitoring and alerting. // Improved system uptime to 99.63% SLA through improved monitoring and alerting. // Reduced deployment lead time from 9 days to 4 hours by redesigning CI/CD pipeline.,"DevOps engineer with 9 years automating infrastructure and improving deployment pipelines using GitHub Actions, GitOps, Jaeger.",kaggle_anonymized
RES-0039,Backend Developer,1,Associate's,B.Sc. Computer Science,Python|C#|Django|AWS|Azure|Spring Boot|Express.js|NestJS|Message Queues|OAuth2|Celery|Bash,,Designed and maintained a high-throughput REST API serving 7k requests/day. // Built a real-time notification service using C# and message queues. // Designed and maintained a high-throughput REST API serving 45k requests/day.,"Experienced server-side developer specialising in Azure, AWS, Message Queues with 1 years of professional experience.",synthetic
RES-0658,Data Scientist,1,Master's,M.Sc. Machine Learning,Statistics|R|Pandas|Deep Learning|Natural Language Processing|Seaborn|Python|PyTorch|Scikit-learn|NumPy|GCP Vertex AI|dbt|Hypothesis Testing|Airflow|Power BI,Google Professional Data Engineer|IBM Data Science Professional,Published research on Python applied to time-series forecasting. // Published research on SQL applied to time-series forecasting.,"Analytical data scientist with 1+ years of experience in Pandas, Hypothesis Testing, Airflow and statistical modelling.",synthetic
RES-0743,DevOps Engineer,7,Bachelor's,M.Sc. Cloud Computing,Python|Prometheus|Ansible|Infrastructure as Code|Azure|GCP|Terraform|GitHub Actions|CI/CD|Linux|Grafana|Site Reliability Engineering|GitOps|Packer|ArgoCD,CKA (Kubernetes)|Google Professional DevOps Engineer,Achieved 26% cost reduction by right-sizing cloud infrastructure on Grafana. // Reduced deployment lead time from 38 days to 5 hours by redesigning CI/CD pipeline.,"DevOps engineer with 7 years automating infrastructure and improving deployment pipelines using Ansible, CI/CD, Grafana.",public_profile_anonymized
RES-0781,DevOps Engineer,2,Ph.D.,M.Sc. Cloud Computing,Infrastructure as Code|Ansible|GitHub Actions|GCP|Linux|Azure|Vagrant|GitOps|Flux|Vault,Google Professional DevOps Engineer,Containerised 34 legacy services with Docker and orchestrated with Kubernetes.,"Reliability-focused DevOps professional with 2+ years of experience in Vagrant, Vault, GitHub Actions.",public_profile_anonymized
RES-0713,DevOps Engineer,9,Associate's,B.Sc. Computer Science,Helm|AWS|Monitoring|Terraform|Azure|Prometheus|GCP|Bash|Python|Vagrant|Packer|ArgoCD|Vault,AWS DevOps Engineer Professional,Reduced deployment lead time from 7 days to 6 hours by redesigning CI/CD pipeline. // Containerised 13 legacy services with Docker and orchestrated with Kubernetes. // Reduced deployment lead time from 2 days to 8 hours by redesigning CI/CD pipeline.,"Reliability-focused DevOps professional with 9+ years of experience in Monitoring, Python, Vault.",synthetic
RES-0725,DevOps Engineer,5,Bootcamp/Certification,B.E. Information Technology,Jenkins|GCP|Docker|Kubernetes|Grafana|Linux|Ansible|HAProxy|Jaeger|Nginx|Vagrant|OpenTelemetry,,Reduced deployment lead time from 15 days to 4 hours by redesigning CI/CD pipeline. // Containerised 26 legacy services with Docker and orchestrated with Kubernetes. // Reduced deployment lead time from 33 days to 10 hours by redesigning CI/CD pipeline.,"Reliability-focused DevOps professional with 5+ years of experience in Kubernetes, Jaeger, Docker.",synthetic
RES-0007,Backend Developer,6,Associate's,M.Sc. Computer Science,MySQL|FastAPI|Django|Kubernetes|PostgreSQL|Ruby|Celery|pytest|Bash|JWT|Jenkins|Nginx,,Designed and maintained a high-throughput REST API serving 44k requests/day.,"Results-driven backend developer with 6+ years designing and maintaining distributed systems in Jenkins, Nginx, FastAPI.",synthetic
RES-0359,Frontend Developer,12,Ph.D.,B.A. Web Design,Accessibility|SASS|Vue.js|TypeScript|Vite|Cross-browser Compatibility|Webpack|React|JavaScript|Performance Optimisation|Node.js|PWA|Adobe XD,AWS Cloud Practitioner|Google UX Design,Reduced bundle size by 24% through code splitting and lazy loading. // Implemented WCAG 2.1 AA accessibility standards across the entire application.,"Frontend developer with 12 years building responsive, accessible UIs with Performance Optimisation, Accessibility, Vite.",synthetic
RES-0017,Backend Developer,7,Ph.D.,M.Sc. Computer Science,Python|NestJS|Spring Boot|Azure|REST API|GraphQL|MongoDB|AWS|Elasticsearch|FastAPI|PostgreSQL|Docker|GitHub Actions|Jenkins|RabbitMQ|API Design,AWS Certified Developer|Oracle Java SE,Designed and maintained a high-throughput REST API serving 27k requests/day.,"Backend engineer with 7 years of experience building scalable APIs and microservices using Elasticsearch, MongoDB, GraphQL.",synthetic
RES-0126,Backend Developer,3,Ph.D.,B.Sc. Computer Science,Message Queues|PostgreSQL|gRPC|ORM|NestJS|Spring Boot|Microservices|MongoDB|Go|C#|Apache Kafka|OAuth2|Terraform|Celery|Linux|Nginx,AWS Certified Developer|MongoDB Associate,"Designed and maintained a high-throughput REST API serving 39k requests/day. // Optimised PostgreSQL query performance, cutting average response time by 38%. // Built a real-time notification service using Python and message queues.","Results-driven backend developer with 3+ years designing and maintaining distributed systems in MongoDB, Celery, Terraform.",public_profile_anonymized
RES-0082,Backend Developer,11,Associate's,B.Tech Information Technology,REST API|gRPC|Java|Docker|Azure|ORM|Message Queues|MySQL|Django|NestJS|Microservices|CI/CD|Bash|RabbitMQ|pytest|Apache Kafka,,"Optimised PostgreSQL query performance, cutting average response time by 28%. // Led migration of monolith to microservices, reducing deployment time by 36%. // Optimised PostgreSQL query performance, cutting average response time by 25%.","Backend engineer with 11 years of experience building scalable APIs and microservices using Azure, pytest, Microservices.",synthetic
RES-0517,Full-Stack Developer,9,Associate's,B.Tech Computer Engineering,Docker|Redis|REST API|CI/CD|AWS|React|FastAPI|Elasticsearch|Terraform,Google Associate Cloud Engineer,Delivered a full-stack SaaS platform from design to production in 29 months. // Built an internal tooling dashboard serving 18+ engineering teams.,"Full-stack engineer with 9+ years building and shipping products with Redis, Elasticsearch, AWS.",public_profile_anonymized
RES-0709,DevOps Engineer,1,Master's,B.Tech Computer Engineering,Grafana|Infrastructure as Code|Python|Site Reliability Engineering|Monitoring|Kubernetes|GCP|Flux|Istio|Security Hardening|Nginx|GitOps|ArgoCD,,Achieved 36% cost reduction by right-sizing cloud infrastructure on Kubernetes.,"DevOps engineer with 1 years automating infrastructure and improving deployment pipelines using Kubernetes, Site Reliability Engineering, Infrastructure as Code.",kaggle_anonymized
RES-0387,Full-Stack Developer,11,Bootcamp/Certification,B.Sc. Computer Science,FastAPI|JavaScript|TailwindCSS|Python|REST API|CI/CD|PostgreSQL|CSS3|Git|Redis|GraphQL|Kubernetes|Nginx|Scrum|JWT,AWS Certified Developer|Meta Front-End Developer,Shipped end-to-end feature that increased user retention by 56%. // Built an internal tooling dashboard serving 42+ engineering teams. // Delivered a full-stack SaaS platform from design to production in 22 months.,"Full-stack engineer with 11+ years building and shipping products with Kubernetes, FastAPI, Git.",synthetic
RES-0566,Data Scientist,6,Ph.D.,Ph.D. Computer Science,Seaborn|Matplotlib|Statistics|Jupyter|Scikit-learn|Experiment Tracking|MLflow|GCP Vertex AI|Bayesian Statistics|Spark|AWS SageMaker,,"Built a churn prediction model with 52% accuracy, saving 13k ARR.","Data scientist with 6 years transforming raw data into actionable insights using Seaborn, Jupyter, Scikit-learn.",synthetic
RES-0927,Mobile Developer,3,Associate's,Diploma in Mobile App Development,Kotlin|App Store Deployment|iOS|Android Studio|REST API|Dart|Java|Android|React Native|Swift|GraphQL|Detox|Accessibility|Crashlytics|CI/CD|Bluetooth,,Achieved 27% reduction in app cold-start time through performance profiling. // Achieved 22% reduction in app cold-start time through performance profiling. // Achieved 17% reduction in app cold-start time through performance profiling.,"Mobile developer with 3 years building cross-platform and native apps using Java, App Store Deployment, Detox.",synthetic
RES-0083,Backend Developer,3,Ph.D.,B.E. Software Engineering,Java|Docker|NestJS|Django|Message Queues|ORM|Kubernetes|Microservices|C#|GitHub Actions|Unit Testing,MongoDB Associate,Designed and maintained a high-throughput REST API serving 2k requests/day.,"Experienced server-side developer specialising in Java, Unit Testing, ORM with 3 years of professional experience.",synthetic
RES-0102,Backend Developer,5,Bootcamp/Certification,M.Sc. Computer Science,GCP|SQL|Java|ORM|REST API|MongoDB|Azure|Message Queues|Express.js|Django|Jenkins|OAuth2|RabbitMQ|pytest|Bash|Unit Testing,,"Led migration of monolith to microservices, reducing deployment time by 21%. // Built a real-time notification service using Node.js and message queues.","Backend engineer with 5 years of experience building scalable APIs and microservices using Express.js, Azure, Java.",public_profile_anonymized
RES-0376,Full-Stack Developer,1,Bachelor's,B.E. Software Engineering,GraphQL|CSS3|TypeScript|CI/CD|Node.js|Next.js|Docker|PostgreSQL|pytest|OAuth2|Elasticsearch|Jest|Nginx|Agile,Google Associate Cloud Engineer|AWS Certified Developer,Integrated third-party payment gateway handling 36k transactions/month. // Built an internal tooling dashboard serving 26+ engineering teams. // Delivered a full-stack SaaS platform from design to production in 6 months.,"Full-stack engineer with 1+ years building and shipping products with CSS3, GraphQL, Docker.",synthetic
RES-0823,DevOps Engineer,7,Ph.D.,M.Sc. Cloud Computing,Monitoring|Terraform|Jenkins|AWS|Docker|Bash|Azure|Prometheus|Nginx|Service Mesh|Vagrant|Vault|Istio,,Containerised 12 legacy services with Docker and orchestrated with Kubernetes. // Achieved 26% cost reduction by right-sizing cloud infrastructure on Prometheus. // Containerised 17 legacy services with Docker and orchestrated with Kubernetes.,"Reliability-focused DevOps professional with 7+ years of experience in AWS, Vagrant, Docker.",synthetic
RES-0399,Full-Stack Developer,6,Bachelor's,M.Sc. Software Engineering,CSS3|Express.js|CI/CD|REST API|TypeScript|PostgreSQL|GraphQL|HTML5|Docker|JavaScript|GitHub Actions|Scrum|Terraform|Redis|JWT,AWS Certified Developer|Google Associate Cloud Engineer,Delivered a full-stack SaaS platform from design to production in 17 months.,"Full-stack developer with 6 years delivering end-to-end web applications using Redis, Express.js, CSS3.",synthetic
RES-0285,Frontend Developer,7,Associate's,B.A. Web Design,Responsive Design|Angular|REST API|Webpack|Nuxt.js|Vite|Cross-browser Compatibility|D3.js|Git|Storybook|Jest|Node.js,Meta Front-End Developer,"Rebuilt company dashboard in Angular, improving load time by 16%.","Frontend developer with 7 years building responsive, accessible UIs with Storybook, Responsive Design, Nuxt.js.",synthetic
RES-0042,Backend Developer,11,Associate's,B.Tech Information Technology,gRPC|Azure|Redis|Microservices|ORM|Message Queues|Kubernetes|SQL|Docker|Elasticsearch|Express.js|AWS|Jenkins|Apache Kafka|API Design,MongoDB Associate,Built a real-time notification service using ORM and message queues.,"Experienced server-side developer specialising in Azure, Express.js, API Design with 11 years of professional experience.",public_profile_anonymized
RES-0284,Frontend Developer,12,Master's,B.A. Web Design,Webpack|GraphQL|Nuxt.js|REST API|React|TypeScript|Vue.js|Angular|Cross-browser Compatibility|Performance Optimisation|Web Animations,,Reduced bundle size by 50% through code splitting and lazy loading. // Implemented WCAG 2.1 AA accessibility standards across the entire application.,"Frontend developer with 12 years building responsive, accessible UIs with REST API, Vue.js, Webpack.",synthetic
RES-0730,DevOps Engineer,4,Bootcamp/Certification,B.Tech Computer Engineering,Monitoring|Bash|Docker|AWS|Linux|CI/CD|Jenkins|GCP|Azure|Kubernetes|Ansible|ArgoCD|HAProxy|Cost Optimisation|Security Hardening|Vault,CKA (Kubernetes),Improved system uptime to 99.56% SLA through improved monitoring and alerting.,"DevOps engineer with 4 years automating infrastructure and improving deployment pipelines using Azure, Kubernetes, CI/CD.",synthetic
RES-0993,Mobile Developer,2,Associate's,Diploma in Mobile App Development,Xcode|Swift|REST API|iOS|React Native|Java|Flutter|CI/CD|Detox|SQLite|Redux|GPS,Apple App Development with Swift|Google Associate Android Developer,Shipped iOS and Android apps with 20k+ downloads in first month.,"Mobile developer with 2 years building cross-platform and native apps using Redux, React Native, CI/CD.",synthetic
RES-0419,Full-Stack Developer,6,Bootcamp/Certification,M.Sc. Software Engineering,Redis|FastAPI|JavaScript|TailwindCSS|PostgreSQL|Python|CI/CD|GraphQL|AWS|Next.js|React|Git|Nginx|WebSockets|OAuth2|Linux|Kubernetes,Google Associate Cloud Engineer|AWS Certified Developer,Shipped end-to-end feature that increased user retention by 42%. // Built an internal tooling dashboard serving 44+ engineering teams.,"Full-stack developer with 6 years delivering end-to-end web applications using Redis, Python, FastAPI.",public_profile_anonymized
RES-0473,Full-Stack Developer,1,Associate's,M.Sc. Software Engineering,Express.js|PostgreSQL|CSS3|MongoDB|FastAPI|REST API|TailwindCSS|HTML5|Python|React|CI/CD|JavaScript|GitHub Actions|Kubernetes|Redis|WebSockets,AWS Certified Developer,Shipped end-to-end feature that increased user retention by 41%.,"Full-stack engineer with 1+ years building and shipping products with CSS3, JavaScript, Kubernetes.",kaggle_anonymized
RES-0945,Mobile Developer,7,Bootcamp/Certification,B.E. Software Engineering,Objective-C|Dart|Firebase|Push Notifications|Swift|Redux|Offline Support|SQLite|CI/CD|XCTest,,"Integrated offline-first architecture, improving UX in low-connectivity regions. // Achieved 58% reduction in app cold-start time through performance profiling. // Integrated offline-first architecture, improving UX in low-connectivity regions.","Mobile developer with 7 years building cross-platform and native apps using Objective-C, Offline Support, Dart.",synthetic
RES-0397,Full-Stack Developer,11,Associate's,B.E. Software Engineering,FastAPI|JavaScript|Node.js|TypeScript|Next.js|Redis|MongoDB|Jest|WebSockets|Kubernetes|Microservices|Nginx,AWS Certified Developer,Built an internal tooling dashboard serving 23+ engineering teams. // Integrated third-party payment gateway handling 9k transactions/month.,"Versatile engineer comfortable across the stack with 11 years of experience in Kubernetes, Jest, FastAPI.",public_profile_anonymized
RES-0488,Full-Stack Developer,12,Bachelor's,M.Sc. Software Engineering,TypeScript|MongoDB|Python|Git|CI/CD|AWS|Scrum|Agile|JWT,AWS Certified Developer|Google Associate Cloud Engineer,Delivered a full-stack SaaS platform from design to production in 7 months. // Shipped end-to-end feature that increased user retention by 49%.,"Full-stack engineer with 12+ years building and shipping products with Agile, Python, Scrum.",synthetic
RES-0133,Backend Developer,12,Associate's,B.Tech Information Technology,Microservices|Message Queues|Kubernetes|Go|GCP|FastAPI|gRPC|Apache Kafka|Nginx|Linux,MongoDB Associate|AWS Certified Developer,"Optimised PostgreSQL query performance, cutting average response time by 20%.","Backend engineer with 12 years of experience building scalable APIs and microservices using GCP, Go, FastAPI.",synthetic
RES-0716,DevOps Engineer,3,Bootcamp/Certification,B.E. Information Technology,CI/CD|Jenkins|Prometheus|Python|Bash|Azure|Vault|Flux|Istio|Cost Optimisation,,Achieved 46% cost reduction by right-sizing cloud infrastructure on Azure. // Containerised 37 legacy services with Docker and orchestrated with Kubernetes.,"Reliability-focused DevOps professional with 3+ years of experience in Python, Vault, CI/CD.",synthetic
RES-0214,Frontend Developer,12,Bachelor's,B.Sc. Computer Science,CSS3|Zustand|GraphQL|SASS|Angular|Vue.js|Vite|React|Accessibility|HTML5|JavaScript|Chart.js|Node.js|Performance Optimisation|SEO|Web Animations,AWS Cloud Practitioner,"Reduced bundle size by 57% through code splitting and lazy loading. // Developed a reusable component library with 18+ components used across 4 products. // Rebuilt company dashboard in TypeScript, improving load time by 42%.","Creative UI engineer with 12+ years of experience crafting pixel-perfect interfaces using Accessibility, Chart.js, Vue.js.",kaggle_anonymized
RES-0615,Data Scientist,5,Bachelor's,M.Sc. Statistics,TensorFlow|Machine Learning|Pandas|Deep Learning|Matplotlib|Python|R|NumPy|Airflow|Docker,AWS Machine Learning Specialty,Published research on Deep Learning applied to time-series forecasting.,"Machine learning practitioner with 5 years building predictive models with NumPy, Airflow, TensorFlow.",synthetic
RES-0219,Frontend Developer,9,Ph.D.,B.Sc. Computer Science,Next.js|Accessibility|Vue.js|Angular|Responsive Design|SASS|Webpack|REST API|CSS3|Redux|GraphQL|SEO|PWA|Performance Optimisation|Adobe XD|Node.js,Meta Front-End Developer|AWS Cloud Practitioner,Reduced bundle size by 40% through code splitting and lazy loading. // Implemented WCAG 2.1 AA accessibility standards across the entire application. // Developed a reusable component library with 13+ components used across 3 products.,"Frontend developer with 9 years building responsive, accessible UIs with Next.js, Webpack, Accessibility.",synthetic
RES-0166,Backend Developer,10,Bachelor's,M.Sc. Computer Science,Microservices|SQL|Azure|Spring Boot|AWS|Express.js|Terraform|GitHub Actions,,"Optimised PostgreSQL query performance, cutting average response time by 48%. // Led migration of monolith to microservices, reducing deployment time by 47%.","Backend engineer with 10 years of experience building scalable APIs and microservices using Express.js, Spring Boot, GitHub Actions.",public_profile_anonymized
RES-0750,DevOps Engineer,10,Ph.D.,B.Sc. Computer Science,Azure|Site Reliability Engineering|Prometheus|GitHub Actions|Ansible|Kubernetes|Bash|Linux|Python|Vault|Jaeger,CKA (Kubernetes),Improved system uptime to 99.91% SLA through improved monitoring and alerting. // Achieved 22% cost reduction by right-sizing cloud infrastructure on Azure.,"Infrastructure engineer with 10 years designing cloud-native platforms with GitHub Actions, Python, Kubernetes.",synthetic
RES-0287,Frontend Developer,3,Bootcamp/Certification,B.Tech Information Technology,REST API|Angular|Accessibility|TailwindCSS|CSS3|Zustand|Nuxt.js|Web Animations|PWA|Storybook,Meta Front-End Developer,"Implemented WCAG 2.1 AA accessibility standards across the entire application. // Rebuilt company dashboard in Responsive Design, improving load time by 21%.","Frontend developer with 3 years building responsive, accessible UIs with Web Animations, Angular, Storybook.",synthetic
RES-0149,Backend Developer,10,Bootcamp/Certification,M.Sc. Computer Science,MySQL|Node.js|GCP|Java|Spring Boot|SQL|Ruby|Message Queues|Go|pytest|Nginx,,"Led migration of monolith to microservices, reducing deployment time by 50%.","Results-driven backend developer with 10+ years designing and maintaining distributed systems in pytest, SQL, Message Queues.",kaggle_anonymized
RES-0136,Backend Developer,7,Master's,B.Tech Information Technology,Azure|FastAPI|Message Queues|Express.js|ORM|gRPC|Kubernetes|GCP|Redis|Python|PostgreSQL|Go|Apache Kafka|GitHub Actions|Unit Testing|Nginx,Oracle Java SE,Designed and maintained a high-throughput REST API serving 46k requests/day. // Built a real-time notification service using Redis and message queues. // Built a real-time notification service using Microservices and message queues.,"Experienced server-side developer specialising in Kubernetes, Express.js, Unit Testing with 7 years of professional experience.",synthetic
RES-0235,Frontend Developer,2,Bootcamp/Certification,B.Tech Information Technology,Angular|TypeScript|SASS|TailwindCSS|Responsive Design|JavaScript|GraphQL|PWA|SEO,AWS Cloud Practitioner|Google UX Design,Reduced bundle size by 35% through code splitting and lazy loading.,"Passionate frontend engineer with 2 years of hands-on experience in SEO, PWA, TailwindCSS.",synthetic
RES-0542,Full-Stack Developer,1,Associate's,M.Sc. Software Engineering,Next.js|TailwindCSS|GraphQL|Express.js|Git|Redis|HTML5|React|MongoDB|JavaScript|Scrum|Jest|Terraform|Microservices|Elasticsearch,AWS Certified Developer,Built an internal tooling dashboard serving 50+ engineering teams. // Integrated third-party payment gateway handling 45k transactions/month.,"Full-stack developer with 1 years delivering end-to-end web applications using Git, Scrum, JavaScript.",kaggle_anonymized
RES-0990,Mobile Developer,3,Ph.D.,B.Sc. Computer Science,Android Studio|Play Store Deployment|Flutter|Kotlin|Firebase|REST API|React Native|Android|Push Notifications|Xcode|UI Testing|Performance Profiling|Redux|In-App Purchases,AWS Mobile Developer|Google Associate Android Developer,Achieved 36% reduction in app cold-start time through performance profiling.,"Mobile developer with 3 years building cross-platform and native apps using React Native, Redux, REST API.",public_profile_anonymized
RES-0879,Cloud Architect,3,Ph.D.,M.Sc. Cloud Computing,Lambda|IAM|Azure|Docker|VPC|Cloud Security|Load Balancing|Helm|Zero-Trust Security|Python,TOGAF 9|Azure Solutions Architect Expert,"Designed a multi-region, active-active architecture with 99.86% availability SLA.","Senior cloud architect with 3+ years leading enterprise-scale cloud migrations using VPC, Load Balancing, Lambda.",synthetic
RES-0148,Backend Developer,8,Bootcamp/Certification,B.Sc. Computer Science,Go|Node.js|Redis|Docker|REST API|Kubernetes|PostgreSQL|MySQL|pytest|Bash|Terraform|RabbitMQ|CI/CD|Nginx,,"Optimised PostgreSQL query performance, cutting average response time by 55%.","Experienced server-side developer specialising in Nginx, Kubernetes, RabbitMQ with 8 years of professional experience.",synthetic
RES-0295,Frontend Developer,1,Ph.D.,B.A. Web Design,React|Responsive Design|Angular|Zustand|Cross-browser Compatibility|Redux|REST API|GitHub|SEO|D3.js,,"Developed a reusable component library with 21+ components used across 5 products. // Implemented WCAG 2.1 AA accessibility standards across the entire application. // Rebuilt company dashboard in HTML5, improving load time by 53%.","Frontend developer with 1 years building responsive, accessible UIs with Responsive Design, GitHub, Redux.",synthetic
RES-0953,Mobile Developer,9,Bachelor's,Diploma in Mobile App Development,Kotlin|Android Studio|REST API|React Native|Java|Xcode|Swift|iOS|Push Notifications|Realm|CI/CD|MobX|Accessibility|XCTest,AWS Mobile Developer,"Integrated offline-first architecture, improving UX in low-connectivity regions. // Reduced app crash rate from 6% to 1.2% through systematic debugging.","Mobile engineer with 9 years crafting performant iOS and Android experiences with iOS, XCTest, Java.",synthetic
RES-0903,Cloud Architect,8,Master's,M.Sc. Cloud Computing,Docker|AWS|Disaster Recovery|GCP|Multi-cloud Strategy|Auto Scaling|Lambda|Cloud Security|Terraform|Kubernetes|Enterprise Architecture|Vault|Zero-Trust Security|Python,AWS Solutions Architect Professional,"Designed a multi-region, active-active architecture with 99.86% availability SLA. // Led cloud migration of 45-service estate to AWS, cutting TCO by 18%.","Cloud architect with 8 years designing resilient, scalable cloud platforms on Enterprise Architecture, Vault, Kubernetes.",synthetic
RES-0198,Backend Developer,2,Master's,B.Sc. Computer Science,MongoDB|Express.js|Microservices|Kubernetes|Spring Boot|Django|SQL|Apache Kafka|Linux|Bash|CI/CD,,"Built a real-time notification service using Ruby and message queues. // Led migration of monolith to microservices, reducing deployment time by 27%. // Designed and maintained a high-throughput REST API serving 28k requests/day.","Experienced server-side developer specialising in Spring Boot, Django, Microservices with 2 years of professional experience.",kaggle_anonymized
RES-0460,Full-Stack Developer,8,Bachelor's,B.Sc. Computer Science,TypeScript|PostgreSQL|AWS|CSS3|Node.js|CI/CD|Redis|Kubernetes|Elasticsearch|Linux|Scrum,AWS Certified Developer|Google Associate Cloud Engineer,Built an internal tooling dashboard serving 17+ engineering teams. // Built an internal tooling dashboard serving 35+ engineering teams. // Built an internal tooling dashboard serving 34+ engineering teams.,"Full-stack engineer with 8+ years building and shipping products with Redis, TypeScript, Elasticsearch.",synthetic
RES-0178,Backend Developer,3,Ph.D.,B.E. Software Engineering,Django|Azure|Node.js|REST API|SQL|Express.js|Terraform|OAuth2,AWS Certified Developer,"Led migration of monolith to microservices, reducing deployment time by 26%. // Optimised PostgreSQL query performance, cutting average response time by 43%.","Results-driven backend developer with 3+ years designing and maintaining distributed systems in SQL, Terraform, REST API.",synthetic
RES-0119,Backend Developer,4,Ph.D.,M.Sc. Computer Science,Azure|SQL|C#|Spring Boot|Kubernetes|Django|Rust|Node.js|Microservices|JWT|Linux|RabbitMQ,,"Led migration of monolith to microservices, reducing deployment time by 39%. // Built a real-time notification service using Kubernetes and message queues. // Built a real-time notification service using Azure and message queues.","Experienced server-side developer specialising in Spring Boot, Linux, Django with 4 years of professional experience.",public_profile_anonymized
RES-0520,Full-Stack Developer,7,Ph.D.,B.Sc. Computer Science,JavaScript|Node.js|React|CSS3|HTML5|GraphQL|MongoDB|CI/CD|TailwindCSS|Docker|Next.js|pytest|Nginx|Linux|Terraform,AWS Certified Developer|Meta Front-End Developer,Integrated third-party payment gateway handling 43k transactions/month. // Shipped end-to-end feature that increased user retention by 56%.,"Versatile engineer comfortable across the stack with 7 years of experience in Linux, Next.js, Nginx.",synthetic
RES-0468,Full-Stack Developer,2,Associate's,B.Tech Computer Engineering,MongoDB|JavaScript|PostgreSQL|Git|Docker|FastAPI|TailwindCSS|Express.js|React|CSS3|Elasticsearch|Jest|Linux|Microservices|Terraform|Redis,Google Associate Cloud Engineer|AWS Certified Developer,Integrated third-party payment gateway handling 35k transactions/month. // Delivered a full-stack SaaS platform from design to production in 35 months. // Integrated third-party payment gateway handling 28k transactions/month.,"Full-stack developer with 2 years delivering end-to-end web applications using Git, Elasticsearch, FastAPI.",kaggle_anonymized
RES-0679,Data Scientist,9,Bachelor's,B.Sc. Mathematics,Statistics|NumPy|Seaborn|TensorFlow|SQL|Natural Language Processing|Matplotlib|Hadoop|MLflow|Hypothesis Testing|dbt|Azure ML,Google Professional Data Engineer|AWS Machine Learning Specialty,"Built a churn prediction model with 59% accuracy, saving 48k ARR. // Automated ETL pipelines reducing manual data preparation by 32%. // Published research on NumPy applied to time-series forecasting.","Machine learning practitioner with 9 years building predictive models with MLflow, TensorFlow, Statistics.",public_profile_anonymized
RES-0639,Data Scientist,2,Bachelor's,M.Sc. Data Science,Data Visualisation|Jupyter|Pandas|Feature Engineering|Statistics|Scikit-learn|Machine Learning|Docker|Power BI|Airflow|Model Deployment|Azure ML|AWS SageMaker,,Developed a recommendation engine improving click-through rate by 33%.,"Machine learning practitioner with 2 years building predictive models with Azure ML, Model Deployment, Machine Learning.",kaggle_anonymized
RES-0745,DevOps Engineer,8,Associate's,B.Sc. Computer Science,Site Reliability Engineering|Terraform|Helm|Linux|Python|GCP|AWS|Kubernetes|Security Hardening|Istio|HAProxy|Flux|Vault|OpenTelemetry,,Improved system uptime to 99.63% SLA through improved monitoring and alerting. // Containerised 37 legacy services with Docker and orchestrated with Kubernetes. // Reduced deployment lead time from 11 days to 5 hours by redesigning CI/CD pipeline.,"Infrastructure engineer with 8 years designing cloud-native platforms with Site Reliability Engineering, Terraform, HAProxy.",public_profile_anonymized
RES-0620,Data Scientist,5,Master's,M.Sc. Data Science,Feature Engineering|Machine Learning|Scikit-learn|Python|Seaborn|Statistics|R|NumPy|PyTorch|Spark|MLflow,,Automated ETL pipelines reducing manual data preparation by 45%.,"Analytical data scientist with 5+ years of experience in Seaborn, R, Python and statistical modelling.",synthetic
RES-0790,DevOps Engineer,5,Bachelor's,B.Tech Computer Engineering,Python|Linux|Jenkins|Prometheus|Helm|Vagrant|HAProxy|ArgoCD|Packer|Nginx,,Improved system uptime to 99.55% SLA through improved monitoring and alerting. // Improved system uptime to 99.77% SLA through improved monitoring and alerting. // Containerised 48 legacy services with Docker and orchestrated with Kubernetes.,"DevOps engineer with 5 years automating infrastructure and improving deployment pipelines using Prometheus, HAProxy, Python.",kaggle_anonymized
RES-0831,Cloud Architect,12,Associate's,M.Sc. Cloud Computing,Load Balancing|Auto Scaling|Cloud Security|GCP|Multi-cloud Strategy|Serverless|Terraform|Azure|IAM|VPC|Cost Optimisation|High Availability|Helm|GDPR|Service Mesh,,Established cloud governance framework adopted across 47 business units. // Architected serverless data pipeline processing 29M events/day. // Established cloud governance framework adopted across 44 business units.,"Solutions architect with 12 years architecting multi-cloud environments with GCP, High Availability, Terraform.",synthetic
RES-0269,Frontend Developer,1,Bootcamp/Certification,B.Sc. Computer Science,Next.js|Responsive Design|Webpack|React|GraphQL|Nuxt.js|Chart.js|PWA|Storybook|GitHub|D3.js|CI/CD,Meta Front-End Developer,"Developed a reusable component library with 49+ components used across 2 products. // Rebuilt company dashboard in TailwindCSS, improving load time by 25%. // Developed a reusable component library with 6+ components used across 7 products.","Creative UI engineer with 1+ years of experience crafting pixel-perfect interfaces using Webpack, Nuxt.js, Responsive Design.",synthetic
RES-0425,Full-Stack Developer,9,Bachelor's,M.Sc. Software Engineering,MongoDB|Docker|Node.js|Express.js|HTML5|AWS|TailwindCSS|Redis|Git|GraphQL|PostgreSQL|Jest|Scrum,,Delivered a full-stack SaaS platform from design to production in 19 months.,"Full-stack developer with 9 years delivering end-to-end web applications using MongoDB, PostgreSQL, GraphQL.",synthetic
RES-0584,Data Scientist,4,Ph.D.,M.Sc. Statistics,PyTorch|A/B Testing|TensorFlow|Machine Learning|Feature Engineering|Matplotlib|Python|NumPy|Scikit-learn|MLflow|Docker|dbt|Power BI,Google Professional Data Engineer,Developed a recommendation engine improving click-through rate by 35%. // Developed a recommendation engine improving click-through rate by 26%.,"Analytical data scientist with 4+ years of experience in Machine Learning, Power BI, Docker and statistical modelling.",synthetic
RES-0909,Cloud Architect,8,Ph.D.,B.Sc. Computer Science,Docker|Lambda|High Availability|AWS|Cloud Security|Kubernetes|Load Balancing|Auto Scaling|Cost Optimisation|Multi-cloud Strategy|Azure|FinOps|GDPR|Solution Design|Pulumi|CloudFormation,Google Professional Cloud Architect|Azure Solutions Architect Expert,Architected serverless data pipeline processing 39M events/day.,"Cloud architect with 8 years designing resilient, scalable cloud platforms on Multi-cloud Strategy, Kubernetes, GDPR.",synthetic
RES-0606,Data Scientist,11,Bachelor's,M.Sc. Machine Learning,Python|Data Visualisation|SQL|A/B Testing|Deep Learning|Jupyter|Matplotlib|Hadoop|Spark,Databricks Certified Associate|Google Professional Data Engineer,"Published research on Feature Engineering applied to time-series forecasting. // Built a churn prediction model with 22% accuracy, saving 9k ARR.","Analytical data scientist with 11+ years of experience in SQL, A/B Testing, Data Visualisation and statistical modelling.",kaggle_anonymized
RES-0512,Full-Stack Developer,12,Associate's,M.Sc. Software Engineering,Express.js|HTML5|Git|Node.js|REST API|Next.js|MongoDB|TypeScript|Python|React|FastAPI|Linux|Agile|Nginx|Redis,AWS Certified Developer|Meta Front-End Developer,Built an internal tooling dashboard serving 16+ engineering teams. // Built an internal tooling dashboard serving 27+ engineering teams.,"Full-stack developer with 12 years delivering end-to-end web applications using HTML5, MongoDB, FastAPI.",synthetic
RES-0093,Backend Developer,10,Master's,M.Sc. Computer Science,ORM|Java|Python|Microservices|Ruby|Docker|gRPC|Rust|SQL|Apache Kafka|RabbitMQ|Jenkins|OAuth2,Oracle Java SE|MongoDB Associate,"Optimised PostgreSQL query performance, cutting average response time by 26%.","Experienced server-side developer specialising in Python, ORM, Apache Kafka with 10 years of professional experience.",public_profile_anonymized
RES-0789,DevOps Engineer,10,Bachelor's,M.Sc. Cloud Computing,Helm|Linux|Prometheus|Site Reliability Engineering|Bash|Terraform|CI/CD|GitHub Actions|Flux|Loki|Istio|Security Hardening|ArgoCD,HashiCorp Terraform Associate,Containerised 49 legacy services with Docker and orchestrated with Kubernetes. // Improved system uptime to 99.9% SLA through improved monitoring and alerting. // Reduced deployment lead time from 47 days to 4 hours by redesigning CI/CD pipeline.,"Reliability-focused DevOps professional with 10+ years of experience in Flux, Helm, Prometheus.",synthetic
RES-0249,Frontend Developer,6,Master's,B.Tech Information Technology,Webpack|REST API|Angular|Responsive Design|TailwindCSS|Redux|Cross-browser Compatibility|Vite|GraphQL|TypeScript|Zustand|Next.js|Performance Optimisation|Cypress,,"Reduced bundle size by 57% through code splitting and lazy loading. // Developed a reusable component library with 15+ components used across 2 products. // Rebuilt company dashboard in Zustand, improving load time by 43%.","Frontend developer with 6 years building responsive, accessible UIs with Responsive Design, Redux, Cypress.",synthetic
RES-0160,Backend Developer,12,Bachelor's,B.E. Software Engineering,REST API|Elasticsearch|GCP|Redis|Microservices|MongoDB|MySQL|Docker|Node.js|AWS|Jenkins|API Design,MongoDB Associate|Oracle Java SE,"Designed and maintained a high-throughput REST API serving 37k requests/day. // Optimised PostgreSQL query performance, cutting average response time by 44%. // Led migration of monolith to microservices, reducing deployment time by 20%.","Results-driven backend developer with 12+ years designing and maintaining distributed systems in Node.js, GCP, MySQL.",kaggle_anonymized
RES-0889,Cloud Architect,7,Bootcamp/Certification,B.Sc. Computer Science,Load Balancing|Multi-cloud Strategy|AWS|GCP|Azure|CDK|Bash,AWS Solutions Architect Professional|TOGAF 9,"Architected serverless data pipeline processing 7M events/day. // Established cloud governance framework adopted across 37 business units. // Designed a multi-region, active-active architecture with 99.72% availability SLA.","Solutions architect with 7 years architecting multi-cloud environments with CDK, GCP, Bash.",synthetic
RES-0587,Data Scientist,2,Ph.D.,Ph.D. Computer Science,Deep Learning|Feature Engineering|SQL|Scikit-learn|Pandas|PyTorch|R|Seaborn|Data Visualisation|Python|Matplotlib|Bayesian Statistics|Hadoop,Google Professional Data Engineer|AWS Machine Learning Specialty,Published research on Data Visualisation applied to time-series forecasting. // Developed a recommendation engine improving click-through rate by 48%.,"Analytical data scientist with 2+ years of experience in Feature Engineering, PyTorch, Python and statistical modelling.",synthetic
RES-0571,Data Scientist,5,Bachelor's,Ph.D. Computer Science,PyTorch|Seaborn|Python|Statistics|TensorFlow|Matplotlib|Scikit-learn|Jupyter|A/B Testing|MLflow|Spark|Azure ML|Looker|Hypothesis Testing|AWS SageMaker,Databricks Certified Associate|IBM Data Science Professional,Automated ETL pipelines reducing manual data preparation by 27%. // Published research on TensorFlow applied to time-series forecasting. // Developed a recommendation engine improving click-through rate by 45%.,"Machine learning practitioner with 5 years building predictive models with Python, PyTorch, Scikit-learn.",synthetic
RES-0471,Full-Stack Developer,11,Ph.D.,B.E. Software Engineering,TypeScript|CI/CD|Express.js|REST API|React|Docker|Linux|Microservices|WebSockets,Google Associate Cloud Engineer,Delivered a full-stack SaaS platform from design to production in 37 months. // Delivered a full-stack SaaS platform from design to production in 37 months.,"Full-stack developer with 11 years delivering end-to-end web applications using WebSockets, Docker, React.",synthetic
RES-0967,Mobile Developer,9,Master's,B.Sc. Computer Science,Firebase|iOS|App Store Deployment|Objective-C|Android|In-App Purchases|Detox|Performance Profiling|MobX,Google Associate Android Developer|Apple App Development with Swift,"Achieved 24% reduction in app cold-start time through performance profiling. // Integrated offline-first architecture, improving UX in low-connectivity regions. // Achieved 26% reduction in app cold-start time through performance profiling.","Experienced app engineer with 9+ years shipping production mobile apps in Objective-C, App Store Deployment, iOS.",synthetic
RES-0274,Frontend Developer,1,Master's,B.Tech Information Technology,Vue.js|React|Cross-browser Compatibility|Nuxt.js|CSS3|TypeScript|TailwindCSS|Chart.js|Performance Optimisation|Cypress|Git,Google UX Design,Implemented WCAG 2.1 AA accessibility standards across the entire application. // Implemented WCAG 2.1 AA accessibility standards across the entire application.,"Frontend developer with 1 years building responsive, accessible UIs with Cypress, TailwindCSS, React.",synthetic
RES-0961,Mobile Developer,10,Ph.D.,Diploma in Mobile App Development,Java|GraphQL|Dart|Push Notifications|Android Studio|Play Store Deployment|Flutter|App Store Deployment|REST API|Swift|Firebase|Detox|MobX|GPS,Apple App Development with Swift|Google Associate Android Developer,Shipped iOS and Android apps with 16k+ downloads in first month.,"Mobile developer with 10 years building cross-platform and native apps using Flutter, Firebase, Detox.",synthetic
RES-0544,Full-Stack Developer,5,Bachelor's,M.Sc. Software Engineering,MongoDB|TailwindCSS|REST API|Redis|TypeScript|GraphQL|HTML5|CSS3|Scrum|Nginx|JWT,AWS Certified Developer|Google Associate Cloud Engineer,Built an internal tooling dashboard serving 14+ engineering teams.,"Full-stack engineer with 5+ years building and shipping products with Scrum, CSS3, HTML5.",synthetic
RES-0822,DevOps Engineer,6,Bootcamp/Certification,M.Sc. Cloud Computing,Monitoring|Docker|Ansible|Linux|Infrastructure as Code|Prometheus|GitOps|Cost Optimisation,CKA (Kubernetes)|AWS DevOps Engineer Professional,Achieved 51% cost reduction by right-sizing cloud infrastructure on Helm. // Improved system uptime to 99.78% SLA through improved monitoring and alerting. // Improved system uptime to 99.58% SLA through improved monitoring and alerting.,"Reliability-focused DevOps professional with 6+ years of experience in Prometheus, Ansible, Monitoring.",synthetic
RES-0612,Data Scientist,6,Master's,B.Sc. Mathematics,NumPy|PyTorch|Natural Language Processing|Matplotlib|Machine Learning|Statistics|Deep Learning|Pandas|TensorFlow|A/B Testing|R|Data Visualisation|Tableau|Bayesian Statistics|Hypothesis Testing|Model Deployment|Hadoop,AWS Machine Learning Specialty|Databricks Certified Associate,"Built a churn prediction model with 41% accuracy, saving 34k ARR. // Developed a recommendation engine improving click-through rate by 19%.","Machine learning practitioner with 6 years building predictive models with Hypothesis Testing, TensorFlow, Tableau.",public_profile_anonymized
RES-0650,Data Scientist,12,Associate's,Ph.D. Computer Science,Scikit-learn|R|Statistics|Jupyter|Matplotlib|Data Visualisation|SQL|Feature Engineering|A/B Testing|GCP Vertex AI|Docker|Looker|dbt|Spark|Power BI,AWS Machine Learning Specialty|IBM Data Science Professional,Automated ETL pipelines reducing manual data preparation by 52%.,"Machine learning practitioner with 12 years building predictive models with Power BI, Looker, Docker.",synthetic
RES-0691,Data Scientist,11,Bootcamp/Certification,B.Sc. Mathematics,R|NumPy|Jupyter|TensorFlow|Scikit-learn|A/B Testing|Pandas|SQL|Feature Engineering|Seaborn|AWS SageMaker|Hadoop|Airflow|MLflow|Looker|Model Deployment,Google Professional Data Engineer|Databricks Certified Associate,Automated ETL pipelines reducing manual data preparation by 37%.,"Machine learning practitioner with 11 years building predictive models with Seaborn, R, Airflow.",synthetic
RES-0253,Frontend Developer,7,Bootcamp/Certification,B.A. Web Design,HTML5|REST API|React|Angular|Webpack|Vue.js|JavaScript|Responsive Design|Nuxt.js|Vite|Storybook|Cypress|Chart.js,,"Rebuilt company dashboard in HTML5, improving load time by 34%. // Developed a reusable component library with 21+ components used across 6 products. // Rebuilt company dashboard in Cross-browser Compatibility, improving load time by 39%.","Passionate frontend engineer with 7 years of hands-on experience in JavaScript, React, Responsive Design.",synthetic
RES-0777,DevOps Engineer,4,Bachelor's,M.Sc. Cloud Computing,Infrastructure as Code|Terraform|Helm|GCP|Ansible|AWS|GitOps|Istio|Jaeger|Packer|Capacity Planning,,Containerised 21 legacy services with Docker and orchestrated with Kubernetes.,"DevOps engineer with 4 years automating infrastructure and improving deployment pipelines using GitOps, GCP, Capacity Planning.",kaggle_anonymized
RES-0599,Data Scientist,12,Bachelor's,M.Sc. Statistics,Deep Learning|NumPy|Pandas|Statistics|Natural Language Processing|Jupyter|A/B Testing|TensorFlow|R|Hypothesis Testing|Airflow,,Published research on Matplotlib applied to time-series forecasting. // Developed a recommendation engine improving click-through rate by 38%.,"Data scientist with 12 years transforming raw data into actionable insights using Natural Language Processing, Deep Learning, Airflow.",synthetic
RES-0697,Data Scientist,11,Ph.D.,M.Sc. Data Science,Data Visualisation|Pandas|Feature Engineering|Scikit-learn|SQL|Seaborn|NumPy|Statistics|R|Matplotlib|Hadoop|Spark|GCP Vertex AI|Docker|Model Deployment|dbt,,Automated ETL pipelines reducing manual data preparation by 28%. // Published research on Python applied to time-series forecasting. // Automated ETL pipelines reducing manual data preparation by 29%.,"Machine learning practitioner with 11 years building predictive models with Feature Engineering, Seaborn, Hadoop.",kaggle_anonymized
RES-0237,Frontend Developer,5,Bootcamp/Certification,Diploma in Web Development,JavaScript|Webpack|TailwindCSS|Nuxt.js|Vue.js|GraphQL|HTML5|SASS|Cypress|Web Animations|Performance Optimisation,,"Reduced bundle size by 20% through code splitting and lazy loading. // Developed a reusable component library with 5+ components used across 9 products. // Rebuilt company dashboard in GraphQL, improving load time by 33%.","Frontend developer with 5 years building responsive, accessible UIs with Web Animations, Performance Optimisation, JavaScript.",kaggle_anonymized
RES-0969,Mobile Developer,12,Bootcamp/Certification,B.Sc. Computer Science,React Native|iOS|REST API|Play Store Deployment|App Store Deployment|Flutter|In-App Purchases|Realm,Google Associate Android Developer,Reduced app crash rate from 5% to 1.1% through systematic debugging.,"Mobile developer with 12 years building cross-platform and native apps using Play Store Deployment, React Native, REST API.",kaggle_anonymized
RES-0061,Backend Developer,10,Master's,B.Sc. Computer Science,Express.js|Spring Boot|gRPC|Docker|MongoDB|MySQL|API Design|Celery|Linux|Jenkins|Terraform,AWS Certified Developer,"Optimised PostgreSQL query performance, cutting average response time by 60%. // Led migration of monolith to microservices, reducing deployment time by 42%. // Led migration of monolith to microservices, reducing deployment time by 35%.","Experienced server-side developer specialising in MySQL, MongoDB, Express.js with 10 years of professional experience.",synthetic
RES-0381,Full-Stack Developer,11,Ph.D.,B.Sc. Computer Science,REST API|HTML5|PostgreSQL|Next.js|MongoDB|TypeScript|Express.js|GraphQL|Redis|TailwindCSS|Git|Scrum|Nginx|WebSockets|Jest|OAuth2,,Built an internal tooling dashboard serving 34+ engineering teams.,"Full-stack developer with 11 years delivering end-to-end web applications using PostgreSQL, HTML5, Scrum.",public_profile_anonymized
RES-0810,DevOps Engineer,3,Master's,B.Tech Computer Engineering,Ansible|Python|Docker|Monitoring|AWS|Bash|Helm|ArgoCD|Vault|GitOps|Security Hardening|Nginx|Service Mesh,CKA (Kubernetes)|HashiCorp Terraform Associate,Achieved 15% cost reduction by right-sizing cloud infrastructure on GitHub Actions. // Reduced deployment lead time from 32 days to 6 hours by redesigning CI/CD pipeline.,"DevOps engineer with 3 years automating infrastructure and improving deployment pipelines using Ansible, Docker, Python.",synthetic
RES-0223,Frontend Developer,1,Bootcamp/Certification,B.A. Web Design,Redux|SASS|Cross-browser Compatibility|HTML5|Vite|Jest|Web Animations|Cypress|Node.js|Git|D3.js,,Developed a reusable component library with 33+ components used across 6 products. // Implemented WCAG 2.1 AA accessibility standards across the entire application. // Reduced bundle size by 21% through code splitting and lazy loading.,"Passionate frontend engineer with 1 years of hands-on experience in Redux, Node.js, SASS.",synthetic
RES-0059,Backend Developer,6,Bachelor's,B.Tech Information Technology,NestJS|MongoDB|SQL|GCP|Django|Spring Boot|Go|Redis|Microservices|REST API|Elasticsearch|Message Queues|Terraform|RabbitMQ|API Design,MongoDB Associate,"Optimised PostgreSQL query performance, cutting average response time by 49%. // Designed and maintained a high-throughput REST API serving 41k requests/day.","Backend engineer with 6 years of experience building scalable APIs and microservices using NestJS, MongoDB, Go.",synthetic
RES-0404,Full-Stack Developer,12,Master's,B.Tech Computer Engineering,Express.js|Git|PostgreSQL|HTML5|Node.js|TailwindCSS|CSS3|CI/CD|FastAPI|Redis|AWS|TypeScript|pytest|Elasticsearch,AWS Certified Developer,Integrated third-party payment gateway handling 23k transactions/month. // Built an internal tooling dashboard serving 23+ engineering teams.,"Full-stack developer with 12 years delivering end-to-end web applications using CI/CD, TailwindCSS, CSS3.",synthetic
RES-0855,Cloud Architect,4,Associate's,M.B.A. Technology Management,Terraform|GCP|Cost Optimisation|Cloud Security|Load Balancing|Auto Scaling|IAM|Pulumi|Istio|CloudFormation|Zero-Trust Security|CDK|Service Mesh,Azure Solutions Architect Expert,"Designed a multi-region, active-active architecture with 99.72% availability SLA.","Solutions architect with 4 years architecting multi-cloud environments with Load Balancing, Cost Optimisation, Istio.",kaggle_anonymized
RES-0128,Backend Developer,11,Ph.D.,B.Sc. Computer Science,Go|AWS|MySQL|Docker|Django|GCP|Azure|Redis|MongoDB|Kubernetes|GitHub Actions|Unit Testing|API Design,Oracle Java SE|MongoDB Associate,"Optimised PostgreSQL query performance, cutting average response time by 46%.","Backend engineer with 11 years of experience building scalable APIs and microservices using Redis, MySQL, Docker.",synthetic
RES-0207,Frontend Developer,7,Associate's,B.Tech Information Technology,SASS|Vite|REST API|HTML5|React|Nuxt.js|Redux|Cross-browser Compatibility|Angular|Next.js|TailwindCSS|SEO|D3.js|PWA,AWS Cloud Practitioner|Google UX Design,"Rebuilt company dashboard in Next.js, improving load time by 38%. // Reduced bundle size by 19% through code splitting and lazy loading. // Developed a reusable component library with 18+ components used across 5 products.","Creative UI engineer with 7+ years of experience crafting pixel-perfect interfaces using Cross-browser Compatibility, PWA, Angular.",kaggle_anonymized
RES-0982,Mobile Developer,1,Bachelor's,B.Tech Mobile Computing,Android|Xcode|Android Studio|Flutter|Objective-C|Play Store Deployment|Dart|Crashlytics|Bluetooth,Apple App Development with Swift,"Shipped iOS and Android apps with 35k+ downloads in first month. // Achieved 23% reduction in app cold-start time through performance profiling. // Integrated offline-first architecture, improving UX in low-connectivity regions.","Mobile engineer with 1 years crafting performant iOS and Android experiences with Crashlytics, Android Studio, Objective-C.",synthetic
RES-0489,Full-Stack Developer,6,Associate's,B.Tech Computer Engineering,FastAPI|REST API|Docker|GraphQL|TailwindCSS|Redis|Python|MongoDB|Express.js|AWS|React|PostgreSQL|Microservices|Terraform|Elasticsearch,Google Associate Cloud Engineer|AWS Certified Developer,Delivered a full-stack SaaS platform from design to production in 27 months. // Integrated third-party payment gateway handling 6k transactions/month. // Integrated third-party payment gateway handling 3k transactions/month.,"Full-stack developer with 6 years delivering end-to-end web applications using PostgreSQL, Python, Docker.",synthetic
RES-0107,Backend Developer,9,Associate's,B.Tech Information Technology,Message Queues|Node.js|SQL|ORM|Elasticsearch|REST API|Kubernetes|Express.js|pytest|RabbitMQ|Unit Testing,Oracle Java SE,"Optimised PostgreSQL query performance, cutting average response time by 52%. // Led migration of monolith to microservices, reducing deployment time by 55%.","Experienced server-side developer specialising in SQL, pytest, Unit Testing with 9 years of professional experience.",synthetic
RES-0900,Cloud Architect,9,Associate's,M.Sc. Cloud Computing,Serverless|AWS|High Availability|Docker|Lambda|Cost Optimisation|Load Balancing|SOC 2|Compliance|Ansible|Istio,Azure Solutions Architect Expert,Architected serverless data pipeline processing 30M events/day.,"Solutions architect with 9 years architecting multi-cloud environments with Istio, Cost Optimisation, Lambda.",synthetic
RES-0991,Mobile Developer,1,Bachelor's,B.E. Software Engineering,React Native|Java|Flutter|Objective-C|Kotlin|Firebase|Swift|Android Studio|GraphQL|iOS|Performance Profiling|Offline Support|Accessibility,Google Associate Android Developer|AWS Mobile Developer,Shipped iOS and Android apps with 10k+ downloads in first month. // Reduced app crash rate from 6% to 1.1% through systematic debugging. // Reduced app crash rate from 6% to 1.1% through systematic debugging.,"Mobile developer with 1 years building cross-platform and native apps using Accessibility, Android Studio, Objective-C.",synthetic
RES-0911,Cloud Architect,12,Master's,M.Sc. Cloud Computing,Auto Scaling|Terraform|Azure|Docker|High Availability|IAM|Disaster Recovery|Cloud Security|AWS|Serverless|Lambda|Cost Optimisation|SOC 2|GDPR|Pulumi,TOGAF 9,"Designed a multi-region, active-active architecture with 99.84% availability SLA.","Solutions architect with 12 years architecting multi-cloud environments with Docker, Cloud Security, Azure.",synthetic
RES-0407,Full-Stack Developer,4,Bootcamp/Certification,B.E. Software Engineering,AWS|React|CI/CD|Express.js|Python|PostgreSQL|Redis|JWT|Linux,Meta Front-End Developer|Google Associate Cloud Engineer,Built an internal tooling dashboard serving 31+ engineering teams.,"Full-stack developer with 4 years delivering end-to-end web applications using PostgreSQL, AWS, JWT.",synthetic
RES-0147,Backend Developer,12,Associate's,B.Sc. Computer Science,Ruby|Redis|C#|MongoDB|NestJS|Express.js|gRPC|Django|Elasticsearch|SQL|ORM|Java|Celery|Jenkins|Terraform|JWT|Linux|CI/CD,MongoDB Associate|Oracle Java SE,"Led migration of monolith to microservices, reducing deployment time by 54%. // Optimised PostgreSQL query performance, cutting average response time by 58%. // Built a real-time notification service using ORM and message queues.","Backend engineer with 12 years of experience building scalable APIs and microservices using Express.js, Redis, gRPC.",synthetic
RES-0578,Data Scientist,3,Bachelor's,M.Sc. Machine Learning,Scikit-learn|Statistics|Deep Learning|SQL|TensorFlow|Matplotlib|Data Visualisation|Natural Language Processing|Tableau|Git|Experiment Tracking|Airflow,IBM Data Science Professional,"Built a churn prediction model with 46% accuracy, saving 27k ARR. // Developed a recommendation engine improving click-through rate by 48%. // Built a churn prediction model with 44% accuracy, saving 41k ARR.","Machine learning practitioner with 3 years building predictive models with Airflow, Statistics, Matplotlib.",public_profile_anonymized
RES-0451,Full-Stack Developer,11,Associate's,B.Sc. Computer Science,FastAPI|MongoDB|TypeScript|CI/CD|Next.js|PostgreSQL|JavaScript|REST API|HTML5|Redis|Scrum|GitHub Actions,AWS Certified Developer,Shipped end-to-end feature that increased user retention by 18%. // Delivered a full-stack SaaS platform from design to production in 20 months.,"Full-stack engineer with 11+ years building and shipping products with MongoDB, Redis, REST API.",synthetic
RES-0032,Backend Developer,8,Associate's,B.Sc. Computer Science,GCP|Microservices|Express.js|SQL|Go|gRPC|Java|Rust|FastAPI|OAuth2|JWT|Linux|CI/CD|Apache Kafka,MongoDB Associate,"Optimised PostgreSQL query performance, cutting average response time by 52%.","Results-driven backend developer with 8+ years designing and maintaining distributed systems in SQL, Rust, GCP.",public_profile_anonymized
RES-0749,DevOps Engineer,1,Bachelor's,B.E. Information Technology,GCP|CI/CD|AWS|Site Reliability Engineering|Jenkins|Docker|Linux|Azure|Bash|Ansible|GitHub Actions|Terraform|HAProxy|OpenTelemetry|Capacity Planning|Vagrant|ELK Stack|Security Hardening,AWS DevOps Engineer Professional|Google Professional DevOps Engineer,Achieved 37% cost reduction by right-sizing cloud infrastructure on Docker. // Improved system uptime to 99.55% SLA through improved monitoring and alerting.,"Reliability-focused DevOps professional with 1+ years of experience in Azure, AWS, Jenkins.",kaggle_anonymized
RES-0259,Frontend Developer,11,Associate's,Diploma in Web Development,Vite|GraphQL|CSS3|React|Nuxt.js|Cross-browser Compatibility|Webpack|HTML5|REST API|Zustand|TailwindCSS|JavaScript|GitHub|Git|PWA|Performance Optimisation|Cypress|Node.js,AWS Cloud Practitioner|Meta Front-End Developer,"Reduced bundle size by 60% through code splitting and lazy loading. // Rebuilt company dashboard in REST API, improving load time by 20%. // Developed a reusable component library with 30+ components used across 3 products.","Passionate frontend engineer with 11 years of hands-on experience in CSS3, React, Git.",synthetic
RES-0648,Data Scientist,1,Bootcamp/Certification,M.Sc. Machine Learning,Jupyter|NumPy|Pandas|Matplotlib|Python|A/B Testing|R|Feature Engineering|Machine Learning|Seaborn|Scikit-learn|Tableau|AWS SageMaker|MLflow,,"Built a churn prediction model with 41% accuracy, saving 37k ARR. // Developed a recommendation engine improving click-through rate by 44%.","Analytical data scientist with 1+ years of experience in Seaborn, Python, Pandas and statistical modelling.",kaggle_anonymized
RES-0145,Backend Developer,7,Bootcamp/Certification,B.Sc. Computer Science,FastAPI|GCP|Node.js|Ruby|gRPC|Microservices|Go|MySQL|SQL|PostgreSQL|REST API|Spring Boot|Celery|Unit Testing|pytest|RabbitMQ,Oracle Java SE,"Built a real-time notification service using Docker and message queues. // Optimised PostgreSQL query performance, cutting average response time by 25%. // Designed and maintained a high-throughput REST API serving 4k requests/day.","Backend engineer with 7 years of experience building scalable APIs and microservices using RabbitMQ, GCP, REST API.",public_profile_anonymized
RES-0228,Frontend Developer,5,Master's,B.Tech Information Technology,GraphQL|REST API|Webpack|Cross-browser Compatibility|HTML5|Angular|SASS|Accessibility|TailwindCSS|Redux|Zustand|Vite|Cypress|PWA|Figma|GitHub|D3.js|Jest,,Reduced bundle size by 38% through code splitting and lazy loading. // Implemented WCAG 2.1 AA accessibility standards across the entire application. // Reduced bundle size by 33% through code splitting and lazy loading.,"Frontend developer with 5 years building responsive, accessible UIs with Jest, Vite, Webpack.",synthetic
RES-0630,Data Scientist,9,Bachelor's,M.Sc. Statistics,Pandas|Deep Learning|Jupyter|Feature Engineering|A/B Testing|SQL|Airflow|Docker,Databricks Certified Associate,Published research on PyTorch applied to time-series forecasting. // Automated ETL pipelines reducing manual data preparation by 31%.,"Analytical data scientist with 9+ years of experience in Pandas, A/B Testing, Airflow and statistical modelling.",kaggle_anonymized
RES-0588,Data Scientist,12,Bachelor's,M.Sc. Data Science,NumPy|TensorFlow|PyTorch|Matplotlib|Natural Language Processing|Deep Learning|Python|Pandas|Jupyter|Scikit-learn|Data Visualisation|R|GCP Vertex AI|Power BI|Hypothesis Testing,AWS Machine Learning Specialty|Google Professional Data Engineer,"Developed a recommendation engine improving click-through rate by 47%. // Built a churn prediction model with 45% accuracy, saving 24k ARR. // Published research on PyTorch applied to time-series forecasting.","Analytical data scientist with 12+ years of experience in Deep Learning, Power BI, Data Visualisation and statistical modelling.",synthetic
RES-0866,Cloud Architect,3,Master's,M.Sc. Cloud Computing,Load Balancing|Multi-cloud Strategy|Azure|Cloud Security|Terraform|Docker|High Availability|Auto Scaling|GCP|Kubernetes|Lambda|FinOps|Ansible|ArgoCD|Service Mesh|Istio,TOGAF 9,"Led cloud migration of 20-service estate to AWS, cutting TCO by 54%. // Established cloud governance framework adopted across 25 business units.","Cloud architect with 3 years designing resilient, scalable cloud platforms on Multi-cloud Strategy, High Availability, Istio.",kaggle_anonymized
RES-0775,DevOps Engineer,12,Associate's,M.Sc. Cloud Computing,GitHub Actions|Monitoring|Ansible|Jenkins|Docker|Python|Terraform|Flux|Jaeger|OpenTelemetry|ELK Stack,CKA (Kubernetes)|Google Professional DevOps Engineer,Reduced deployment lead time from 42 days to 8 hours by redesigning CI/CD pipeline. // Reduced deployment lead time from 44 days to 8 hours by redesigning CI/CD pipeline.,"DevOps engineer with 12 years automating infrastructure and improving deployment pipelines using Monitoring, Ansible, Flux.",public_profile_anonymized
RES-0095,Backend Developer,10,Associate's,B.Tech Information Technology,C#|Go|FastAPI|Kubernetes|ORM|Django|MongoDB|Node.js|Bash|OAuth2|JWT,,"Led migration of monolith to microservices, reducing deployment time by 59%.","Experienced server-side developer specialising in OAuth2, JWT, FastAPI with 10 years of professional experience.",public_profile_anonymized
RES-0045,Backend Developer,3,Associate's,B.E. Software Engineering,Spring Boot|Microservices|SQL|Go|MySQL|MongoDB|RabbitMQ|Unit Testing|CI/CD|Bash|Celery|pytest,,"Led migration of monolith to microservices, reducing deployment time by 17%.","Results-driven backend developer with 3+ years designing and maintaining distributed systems in MySQL, Unit Testing, Go.",public_profile_anonymized
RES-0785,DevOps Engineer,12,Master's,B.E. Information Technology,AWS|Infrastructure as Code|Bash|GitHub Actions|Site Reliability Engineering|Grafana|Service Mesh|Vagrant|Jaeger|ELK Stack|Cost Optimisation|Nginx,CKA (Kubernetes)|AWS DevOps Engineer Professional,Achieved 51% cost reduction by right-sizing cloud infrastructure on Kubernetes. // Reduced deployment lead time from 14 days to 10 hours by redesigning CI/CD pipeline. // Achieved 21% cost reduction by right-sizing cloud infrastructure on Monitoring.,"Infrastructure engineer with 12 years designing cloud-native platforms with GitHub Actions, AWS, ELK Stack.",synthetic
RES-0618,Data Scientist,1,Ph.D.,Ph.D. Computer Science,PyTorch|Python|Data Visualisation|Jupyter|Pandas|Scikit-learn|TensorFlow|Spark|Tableau,,Developed a recommendation engine improving click-through rate by 25%.,"Machine learning practitioner with 1 years building predictive models with TensorFlow, Scikit-learn, Tableau.",kaggle_anonymized
RES-0992,Mobile Developer,2,Bootcamp/Certification,B.Tech Mobile Computing,Dart|Objective-C|Flutter|React Native|Java|GraphQL|Play Store Deployment|Swift|Kotlin|Performance Profiling|In-App Purchases,Google Associate Android Developer|AWS Mobile Developer,Shipped iOS and Android apps with 34k+ downloads in first month.,"Mobile engineer with 2 years crafting performant iOS and Android experiences with Objective-C, Dart, Performance Profiling.",synthetic
RES-0988,Mobile Developer,9,Master's,B.Tech Mobile Computing,GraphQL|Dart|Android Studio|Push Notifications|Swift|Objective-C|Java|App Store Deployment|Fastlane|Offline Support|CI/CD|Detox|Unit Testing|In-App Purchases,AWS Mobile Developer,Shipped iOS and Android apps with 35k+ downloads in first month.,"Mobile engineer with 9 years crafting performant iOS and Android experiences with Offline Support, In-App Purchases, Android Studio.",synthetic
RES-0800,DevOps Engineer,4,Master's,B.Tech Computer Engineering,CI/CD|Prometheus|Jenkins|Ansible|GCP|Site Reliability Engineering|AWS|GitHub Actions|Bash|Azure|HAProxy|Vault|Service Mesh,HashiCorp Terraform Associate,Reduced deployment lead time from 45 days to 7 hours by redesigning CI/CD pipeline. // Reduced deployment lead time from 43 days to 8 hours by redesigning CI/CD pipeline. // Improved system uptime to 99.6% SLA through improved monitoring and alerting.,"Reliability-focused DevOps professional with 4+ years of experience in CI/CD, GCP, Service Mesh.",kaggle_anonymized
RES-0815,DevOps Engineer,9,Associate's,M.Sc. Cloud Computing,Python|Docker|Site Reliability Engineering|Bash|Linux|Jenkins|Monitoring|Grafana|Terraform|GCP|Loki|Vault,,Containerised 30 legacy services with Docker and orchestrated with Kubernetes. // Containerised 11 legacy services with Docker and orchestrated with Kubernetes. // Reduced deployment lead time from 44 days to 3 hours by redesigning CI/CD pipeline.,"DevOps engineer with 9 years automating infrastructure and improving deployment pipelines using Terraform, GCP, Monitoring.",synthetic
RES-0161,Backend Developer,6,Associate's,B.Tech Information Technology,Python|C#|gRPC|Redis|AWS|Ruby|ORM|Java|Django|Express.js|Microservices|Go|Apache Kafka|pytest,,"Optimised PostgreSQL query performance, cutting average response time by 54%. // Led migration of monolith to microservices, reducing deployment time by 25%. // Built a real-time notification service using Ruby and message queues.","Backend engineer with 6 years of experience building scalable APIs and microservices using Express.js, Apache Kafka, AWS.",synthetic
RES-0480,Full-Stack Developer,3,Ph.D.,B.Tech Computer Engineering,TailwindCSS|Next.js|FastAPI|CI/CD|HTML5|JavaScript|Docker|CSS3|Kubernetes|Microservices|Redis,,Delivered a full-stack SaaS platform from design to production in 48 months. // Shipped end-to-end feature that increased user retention by 60%. // Integrated third-party payment gateway handling 33k transactions/month.,"Full-stack engineer with 3+ years building and shipping products with FastAPI, CI/CD, JavaScript.",synthetic
RES-0025,Backend Developer,8,Bachelor's,B.Tech Information Technology,GraphQL|Express.js|Microservices|Kubernetes|Go|C#|ORM|Message Queues|PostgreSQL|Spring Boot|OAuth2|JWT|Linux|RabbitMQ|Jenkins,Oracle Java SE,"Optimised PostgreSQL query performance, cutting average response time by 57%.","Experienced server-side developer specialising in Spring Boot, Linux, Message Queues with 8 years of professional experience.",kaggle_anonymized
RES-0261,Frontend Developer,11,Associate's,B.A. Web Design,Vite|Accessibility|TailwindCSS|JavaScript|Zustand|React|SASS|Node.js|Storybook|Adobe XD|Figma|GitHub,Google UX Design|Meta Front-End Developer,"Rebuilt company dashboard in Accessibility, improving load time by 34%. // Reduced bundle size by 46% through code splitting and lazy loading. // Developed a reusable component library with 47+ components used across 5 products.","Creative UI engineer with 11+ years of experience crafting pixel-perfect interfaces using GitHub, SASS, Zustand.",synthetic
RES-1000,Mobile Developer,7,Associate's,B.E. Software Engineering,Play Store Deployment|App Store Deployment|Android Studio|iOS|Xcode|Push Notifications|React Native|Kotlin|REST API|Firebase|Dart|Bluetooth|UI Testing|Accessibility,Apple App Development with Swift,"Reduced app crash rate from 5% to 1.3% through systematic debugging. // Shipped iOS and Android apps with 7k+ downloads in first month. // Integrated offline-first architecture, improving UX in low-connectivity regions.","Experienced app engineer with 7+ years shipping production mobile apps in Firebase, App Store Deployment, Kotlin.",synthetic
RES-0125,Backend Developer,1,Bachelor's,B.Tech Information Technology,Docker|MongoDB|Java|Spring Boot|Kubernetes|ORM|Django|Go|Ruby|Redis|PostgreSQL|Express.js|Celery|Unit Testing|OAuth2|Nginx,AWS Certified Developer|MongoDB Associate,"Optimised PostgreSQL query performance, cutting average response time by 54%. // Built a real-time notification service using AWS and message queues.","Results-driven backend developer with 1+ years designing and maintaining distributed systems in Unit Testing, Kubernetes, Nginx.",synthetic
RES-0144,Backend Developer,1,Associate's,B.E. Software Engineering,Go|Spring Boot|Django|Rust|AWS|gRPC|Python|Apache Kafka|Celery|RabbitMQ,Oracle Java SE,"Optimised PostgreSQL query performance, cutting average response time by 59%. // Designed and maintained a high-throughput REST API serving 19k requests/day.","Experienced server-side developer specialising in Python, Go, Spring Boot with 1 years of professional experience.",synthetic
RES-0104,Backend Developer,3,Ph.D.,B.E. Software Engineering,C#|Ruby|Message Queues|ORM|Node.js|RabbitMQ|Jenkins|API Design,Oracle Java SE,"Optimised PostgreSQL query performance, cutting average response time by 58%. // Led migration of monolith to microservices, reducing deployment time by 37%.","Results-driven backend developer with 3+ years designing and maintaining distributed systems in Ruby, Message Queues, C#.",kaggle_anonymized
RES-0597,Data Scientist,2,Bootcamp/Certification,M.Sc. Machine Learning,TensorFlow|NumPy|Python|SQL|Feature Engineering|Jupyter|A/B Testing|Data Visualisation|R|PyTorch|Matplotlib|Scikit-learn|Hadoop|Power BI|Azure ML|GCP Vertex AI,Google Professional Data Engineer|IBM Data Science Professional,Developed a recommendation engine improving click-through rate by 43%. // Developed a recommendation engine improving click-through rate by 33%.,"Data scientist with 2 years transforming raw data into actionable insights using TensorFlow, PyTorch, GCP Vertex AI.",public_profile_anonymized
RES-0022,Backend Developer,4,Bachelor's,B.Sc. Computer Science,C#|Spring Boot|Python|AWS|MongoDB|Rust|Django|Node.js|Kubernetes|Azure|pytest|Celery|Unit Testing|Jenkins,Oracle Java SE|MongoDB Associate,"Optimised PostgreSQL query performance, cutting average response time by 18%. // Designed and maintained a high-throughput REST API serving 27k requests/day.","Results-driven backend developer with 4+ years designing and maintaining distributed systems in MongoDB, Spring Boot, AWS.",synthetic
RES-0948,Mobile Developer,8,Master's,B.Sc. Computer Science,Push Notifications|Dart|GraphQL|Java|Android Studio|Accessibility|Bluetooth|SQLite|Offline Support,,"Integrated offline-first architecture, improving UX in low-connectivity regions. // Integrated offline-first architecture, improving UX in low-connectivity regions.","Mobile developer with 8 years building cross-platform and native apps using SQLite, Java, Bluetooth.",kaggle_anonymized
RES-0669,Data Scientist,3,Bachelor's,Ph.D. Computer Science,A/B Testing|Matplotlib|Python|Scikit-learn|Natural Language Processing|Statistics|Seaborn|SQL|Machine Learning|Model Deployment|Spark|AWS SageMaker|GCP Vertex AI|Tableau,IBM Data Science Professional|Google Professional Data Engineer,Automated ETL pipelines reducing manual data preparation by 19%.,"Analytical data scientist with 3+ years of experience in SQL, GCP Vertex AI, Matplotlib and statistical modelling.",synthetic
RES-0298,Frontend Developer,12,Associate's,Diploma in Web Development,GraphQL|Vite|Zustand|CSS3|SASS|Angular|JavaScript|Nuxt.js|Redux|TypeScript|Accessibility|Vue.js|Web Animations|Chart.js|Performance Optimisation|Adobe XD|Storybook|Figma,Google UX Design,"Implemented WCAG 2.1 AA accessibility standards across the entire application. // Rebuilt company dashboard in Cross-browser Compatibility, improving load time by 17%. // Implemented WCAG 2.1 AA accessibility standards across the entire application.","Creative UI engineer with 12+ years of experience crafting pixel-perfect interfaces using Nuxt.js, Zustand, JavaScript.",synthetic
RES-0668,Data Scientist,10,Ph.D.,M.Sc. Machine Learning,PyTorch|SQL|Scikit-learn|TensorFlow|R|Matplotlib|Seaborn|Python|Data Visualisation|Model Deployment|Experiment Tracking,,Automated ETL pipelines reducing manual data preparation by 40%. // Developed a recommendation engine improving click-through rate by 54%.,"Data scientist with 10 years transforming raw data into actionable insights using TensorFlow, Seaborn, SQL.",kaggle_anonymized
RES-0361,Frontend Developer,6,Bachelor's,B.Sc. Computer Science,Zustand|JavaScript|Nuxt.js|Vite|Angular|CI/CD|Chart.js|PWA|D3.js,AWS Cloud Practitioner,"Developed a reusable component library with 17+ components used across 6 products. // Reduced bundle size by 53% through code splitting and lazy loading. // Rebuilt company dashboard in Accessibility, improving load time by 34%.","Creative UI engineer with 6+ years of experience crafting pixel-perfect interfaces using PWA, JavaScript, Angular.",synthetic
RES-0576,Data Scientist,1,Bachelor's,Ph.D. Computer Science,Python|R|A/B Testing|Pandas|Deep Learning|Data Visualisation|Machine Learning|MLflow|Power BI|dbt|Hypothesis Testing|GCP Vertex AI|Hadoop,Google Professional Data Engineer|AWS Machine Learning Specialty,Automated ETL pipelines reducing manual data preparation by 30%.,"Machine learning practitioner with 1 years building predictive models with A/B Testing, Machine Learning, dbt.",synthetic
RES-0234,Frontend Developer,6,Bachelor's,B.Tech Information Technology,HTML5|React|JavaScript|REST API|Redux|Vite|Responsive Design|TailwindCSS|Accessibility|GraphQL|Webpack|SEO|PWA|Node.js|Figma,Meta Front-End Developer|AWS Cloud Practitioner,Implemented WCAG 2.1 AA accessibility standards across the entire application. // Reduced bundle size by 51% through code splitting and lazy loading.,"Passionate frontend engineer with 6 years of hands-on experience in Webpack, GraphQL, Node.js.",synthetic
RES-0848,Cloud Architect,7,Master's,M.Sc. Computer Science,Load Balancing|AWS|Multi-cloud Strategy|Auto Scaling|Serverless|VPC|IAM|Pulumi|Compliance|Ansible|Bash|FinOps|Enterprise Architecture,,Established cloud governance framework adopted across 44 business units.,"Senior cloud architect with 7+ years leading enterprise-scale cloud migrations using Bash, Multi-cloud Strategy, Pulumi.",synthetic
RES-0474,Full-Stack Developer,12,Master's,B.Sc. Computer Science,Next.js|Node.js|PostgreSQL|Python|Docker|React|MongoDB|HTML5|REST API|Git|TypeScript|CI/CD|pytest|Scrum|Redis,,Built an internal tooling dashboard serving 47+ engineering teams. // Delivered a full-stack SaaS platform from design to production in 31 months.,"Full-stack developer with 12 years delivering end-to-end web applications using MongoDB, Node.js, Python.",kaggle_anonymized
RES-0509,Full-Stack Developer,2,Bootcamp/Certification,B.E. Software Engineering,REST API|Node.js|MongoDB|AWS|Docker|React|Next.js|CSS3|TailwindCSS|GraphQL|CI/CD|WebSockets|OAuth2|Redis|Agile|Terraform,Meta Front-End Developer|AWS Certified Developer,Delivered a full-stack SaaS platform from design to production in 27 months. // Shipped end-to-end feature that increased user retention by 29%. // Built an internal tooling dashboard serving 36+ engineering teams.,"Full-stack engineer with 2+ years building and shipping products with OAuth2, WebSockets, GraphQL.",public_profile_anonymized
RES-0213,Frontend Developer,4,Master's,Diploma in Web Development,Next.js|Webpack|Zustand|TypeScript|GraphQL|Accessibility|JavaScript|Cross-browser Compatibility|REST API|PWA|SEO|Figma|Git,,Implemented WCAG 2.1 AA accessibility standards across the entire application.,"Frontend developer with 4 years building responsive, accessible UIs with Next.js, Cross-browser Compatibility, Zustand.",synthetic
RES-0374,Frontend Developer,11,Bachelor's,B.Sc. Computer Science,Webpack|Cross-browser Compatibility|CSS3|TypeScript|TailwindCSS|SASS|Web Animations|Storybook|Figma,Google UX Design|AWS Cloud Practitioner,"Rebuilt company dashboard in REST API, improving load time by 31%. // Implemented WCAG 2.1 AA accessibility standards across the entire application. // Reduced bundle size by 27% through code splitting and lazy loading.","Frontend developer with 11 years building responsive, accessible UIs with Web Animations, SASS, Webpack.",public_profile_anonymized
RES-0373,Frontend Developer,6,Master's,B.Sc. Computer Science,Webpack|Vue.js|TypeScript|GraphQL|Accessibility|Git|Web Animations|Performance Optimisation|PWA|CI/CD|Storybook,,Developed a reusable component library with 7+ components used across 8 products. // Reduced bundle size by 34% through code splitting and lazy loading.,"Creative UI engineer with 6+ years of experience crafting pixel-perfect interfaces using Storybook, PWA, Git.",public_profile_anonymized
RES-0469,Full-Stack Developer,12,Associate's,M.Sc. Software Engineering,Git|Node.js|CSS3|GraphQL|Python|GitHub Actions|Microservices|Jest|Kubernetes,AWS Certified Developer|Meta Front-End Developer,Shipped end-to-end feature that increased user retention by 57%. // Shipped end-to-end feature that increased user retention by 33%. // Integrated third-party payment gateway handling 11k transactions/month.,"Full-stack engineer with 12+ years building and shipping products with GraphQL, CSS3, Node.js.",synthetic
RES-0968,Mobile Developer,4,Associate's,B.Tech Mobile Computing,Objective-C|React Native|Android Studio|Firebase|Android|iOS|Java|REST API|In-App Purchases|Unit Testing|Performance Profiling|XCTest|MobX|Fastlane,,Shipped iOS and Android apps with 47k+ downloads in first month.,"Experienced app engineer with 4+ years shipping production mobile apps in XCTest, In-App Purchases, iOS.",synthetic
RES-0760,DevOps Engineer,3,Master's,B.Sc. Computer Science,GCP|Jenkins|Bash|Terraform|Helm|Monitoring|Grafana|Vagrant|ELK Stack|Jaeger|Loki|Service Mesh,AWS DevOps Engineer Professional,Containerised 28 legacy services with Docker and orchestrated with Kubernetes.,"DevOps engineer with 3 years automating infrastructure and improving deployment pipelines using Helm, ELK Stack, Terraform.",synthetic
RES-0129,Backend Developer,9,Associate's,M.Sc. Computer Science,Ruby|Rust|C#|ORM|NestJS|Elasticsearch|AWS|Go|FastAPI|JWT|CI/CD|pytest|Apache Kafka|Jenkins,,"Led migration of monolith to microservices, reducing deployment time by 16%. // Led migration of monolith to microservices, reducing deployment time by 17%. // Optimised PostgreSQL query performance, cutting average response time by 57%.","Experienced server-side developer specialising in Jenkins, Go, C# with 9 years of professional experience.",synthetic
RES-0445,Full-Stack Developer,9,Master's,B.E. Software Engineering,CSS3|JavaScript|HTML5|Docker|Python|PostgreSQL|Next.js|Node.js|FastAPI|TailwindCSS|MongoDB|CI/CD|GitHub Actions|OAuth2|Kubernetes|Microservices|Terraform|JWT,AWS Certified Developer,Integrated third-party payment gateway handling 32k transactions/month. // Delivered a full-stack SaaS platform from design to production in 34 months. // Delivered a full-stack SaaS platform from design to production in 49 months.,"Full-stack engineer with 9+ years building and shipping products with CI/CD, Next.js, JavaScript.",synthetic
RES-0560,Data Scientist,2,Ph.D.,M.Sc. Data Science,Deep Learning|Jupyter|Scikit-learn|Feature Engineering|PyTorch|A/B Testing|Data Visualisation|Statistics|SQL|Git|Airflow|GCP Vertex AI|Hypothesis Testing|Azure ML|Power BI,AWS Machine Learning Specialty|Google Professional Data Engineer,"Built a churn prediction model with 47% accuracy, saving 39k ARR.","Machine learning practitioner with 2 years building predictive models with Airflow, Azure ML, SQL.",public_profile_anonymized
RES-0305,Frontend Developer,5,Bachelor's,B.A. Web Design,Zustand|HTML5|SASS|Vite|Webpack|Responsive Design|CSS3|Vue.js|SEO|Figma,,"Rebuilt company dashboard in Cross-browser Compatibility, improving load time by 30%.","Passionate frontend engineer with 5 years of hands-on experience in CSS3, Figma, SEO.",synthetic
RES-0795,DevOps Engineer,4,Bootcamp/Certification,B.Tech Computer Engineering,Grafana|AWS|Kubernetes|Ansible|GCP|Bash|Prometheus|Docker|Site Reliability Engineering|Infrastructure as Code|Cost Optimisation|Vault|Istio|Capacity Planning|Security Hardening|Vagrant,CKA (Kubernetes)|Google Professional DevOps Engineer,Achieved 41% cost reduction by right-sizing cloud infrastructure on CI/CD. // Containerised 43 legacy services with Docker and orchestrated with Kubernetes. // Reduced deployment lead time from 15 days to 5 hours by redesigning CI/CD pipeline.,"DevOps engineer with 4 years automating infrastructure and improving deployment pipelines using Security Hardening, Vault, Ansible.",synthetic
RES-0139,Backend Developer,8,Associate's,B.Sc. Computer Science,Message Queues|Microservices|Docker|MySQL|MongoDB|GCP|Express.js|Terraform|API Design|Linux|Bash|RabbitMQ,AWS Certified Developer|MongoDB Associate,Built a real-time notification service using MongoDB and message queues.,"Results-driven backend developer with 8+ years designing and maintaining distributed systems in MongoDB, GCP, Message Queues.",kaggle_anonymized
RES-0844,Cloud Architect,1,Ph.D.,M.Sc. Cloud Computing,Disaster Recovery|Serverless|Terraform|GCP|Load Balancing|AWS|Lambda|Auto Scaling|IAM|Multi-cloud Strategy|Vault|GDPR|Service Mesh|Istio,AWS Solutions Architect Professional,Established cloud governance framework adopted across 3 business units. // Established cloud governance framework adopted across 37 business units.,"Solutions architect with 1 years architecting multi-cloud environments with Load Balancing, IAM, Serverless.",kaggle_anonymized
RES-0545,Full-Stack Developer,6,Master's,M.Sc. Software Engineering,GraphQL|FastAPI|Next.js|Docker|HTML5|PostgreSQL|TailwindCSS|Redis|MongoDB|OAuth2|Scrum|WebSockets|GitHub Actions|JWT|Nginx,,Built an internal tooling dashboard serving 38+ engineering teams. // Shipped end-to-end feature that increased user retention by 28%.,"Versatile engineer comfortable across the stack with 6 years of experience in GraphQL, MongoDB, WebSockets.",synthetic
RES-0582,Data Scientist,9,Bootcamp/Certification,Ph.D. Computer Science,R|SQL|Natural Language Processing|Statistics|Feature Engineering|TensorFlow|Jupyter|Deep Learning|Hypothesis Testing|dbt|Docker|Git|Experiment Tracking|Hadoop,AWS Machine Learning Specialty,Developed a recommendation engine improving click-through rate by 15%.,"Machine learning practitioner with 9 years building predictive models with Jupyter, Experiment Tracking, Docker.",kaggle_anonymized
RES-0396,Full-Stack Developer,10,Bachelor's,M.Sc. Software Engineering,JavaScript|Python|CI/CD|React|CSS3|Nginx|Agile,AWS Certified Developer,Integrated third-party payment gateway handling 15k transactions/month. // Shipped end-to-end feature that increased user retention by 33%. // Integrated third-party payment gateway handling 28k transactions/month.,"Full-stack engineer with 10+ years building and shipping products with CI/CD, Nginx, Python.",synthetic
RES-0009,Backend Developer,12,Master's,M.Sc. Computer Science,Node.js|Message Queues|Redis|PostgreSQL|MySQL|Azure|C#|Microservices|GCP|Java|Apache Kafka|Bash|API Design,,"Led migration of monolith to microservices, reducing deployment time by 54%. // Built a real-time notification service using Rust and message queues. // Built a real-time notification service using Go and message queues.","Backend engineer with 12 years of experience building scalable APIs and microservices using GCP, PostgreSQL, API Design.",synthetic
RES-0446,Full-Stack Developer,8,Associate's,B.Sc. Computer Science,React|CI/CD|GraphQL|Git|TailwindCSS|REST API|PostgreSQL|MongoDB|Nginx|Agile,,Delivered a full-stack SaaS platform from design to production in 39 months.,"Full-stack developer with 8 years delivering end-to-end web applications using Agile, React, REST API.",synthetic
RES-0050,Backend Developer,11,Ph.D.,B.Sc. Computer Science,Spring Boot|gRPC|Elasticsearch|AWS|GraphQL|C#|SQL|Microservices|NestJS|RabbitMQ|pytest|CI/CD|Bash|GitHub Actions,,"Optimised PostgreSQL query performance, cutting average response time by 58%. // Optimised PostgreSQL query performance, cutting average response time by 19%. // Designed and maintained a high-throughput REST API serving 40k requests/day.","Backend engineer with 11 years of experience building scalable APIs and microservices using RabbitMQ, Elasticsearch, NestJS.",synthetic
RES-0938,Mobile Developer,8,Bootcamp/Certification,B.Sc. Computer Science,App Store Deployment|REST API|Xcode|Kotlin|Android|Java|Dart|Flutter|Firebase|iOS|React Native|Play Store Deployment|Unit Testing|Analytics|MobX|Crashlytics,AWS Mobile Developer|Apple App Development with Swift,Achieved 27% reduction in app cold-start time through performance profiling.,"Experienced app engineer with 8+ years shipping production mobile apps in Kotlin, Java, Analytics.",synthetic
RES-0290,Frontend Developer,1,Bachelor's,B.Tech Information Technology,Vue.js|Redux|GraphQL|Webpack|CSS3|React|JavaScript|REST API|Nuxt.js|Vite|TypeScript|SEO|Storybook|Cypress|D3.js,Meta Front-End Developer,"Reduced bundle size by 28% through code splitting and lazy loading. // Rebuilt company dashboard in Webpack, improving load time by 34%.","Creative UI engineer with 1+ years of experience crafting pixel-perfect interfaces using Nuxt.js, SEO, Storybook.",synthetic
RES-0438,Full-Stack Developer,12,Bootcamp/Certification,B.Sc. Computer Science,Node.js|React|HTML5|PostgreSQL|Git|Python|TypeScript|JWT|Scrum|OAuth2|Nginx,,Built an internal tooling dashboard serving 23+ engineering teams.,"Full-stack developer with 12 years delivering end-to-end web applications using HTML5, TypeScript, JWT.",synthetic
RES-0314,Frontend Developer,5,Master's,B.A. Web Design,Webpack|HTML5|TailwindCSS|SASS|REST API|GraphQL|Nuxt.js|Next.js|Vue.js|CSS3|Angular|Storybook|Chart.js,AWS Cloud Practitioner|Meta Front-End Developer,Reduced bundle size by 57% through code splitting and lazy loading. // Reduced bundle size by 44% through code splitting and lazy loading.,"Creative UI engineer with 5+ years of experience crafting pixel-perfect interfaces using HTML5, CSS3, Nuxt.js.",synthetic
RES-0035,Backend Developer,3,Bachelor's,B.Tech Information Technology,Java|ORM|Azure|MongoDB|Ruby|Redis|Microservices|FastAPI|JWT|Celery|API Design|Bash,,Built a real-time notification service using SQL and message queues.,"Backend engineer with 3 years of experience building scalable APIs and microservices using Celery, Redis, Java.",synthetic
RES-0999,Mobile Developer,5,Bootcamp/Certification,Diploma in Mobile App Development,App Store Deployment|Flutter|REST API|iOS|Xcode|Java|Dart|Objective-C|Play Store Deployment|Fastlane|UI Testing,Google Associate Android Developer,Reduced app crash rate from 3% to 1.1% through systematic debugging.,"Mobile developer with 5 years building cross-platform and native apps using Objective-C, iOS, REST API.",synthetic
RES-0602,Data Scientist,6,Ph.D.,M.Sc. Statistics,Matplotlib|Deep Learning|Natural Language Processing|R|PyTorch|Machine Learning|TensorFlow|Seaborn|Scikit-learn|Git|dbt,Google Professional Data Engineer,Developed a recommendation engine improving click-through rate by 33%.,"Data scientist with 6 years transforming raw data into actionable insights using Natural Language Processing, Machine Learning, dbt.",synthetic
RES-0271,Frontend Developer,9,Ph.D.,B.Tech Information Technology,GraphQL|JavaScript|Webpack|React|TypeScript|Zustand|Nuxt.js|Figma|GitHub|Git|Node.js,Meta Front-End Developer,"Implemented WCAG 2.1 AA accessibility standards across the entire application. // Rebuilt company dashboard in GraphQL, improving load time by 22%. // Implemented WCAG 2.1 AA accessibility standards across the entire application.","Frontend developer with 9 years building responsive, accessible UIs with Nuxt.js, Figma, GitHub.",kaggle_anonymized
RES-0400,Full-Stack Developer,12,Master's,B.Sc. Computer Science,Git|Python|TypeScript|FastAPI|REST API|Next.js|HTML5|Node.js|AWS|CSS3|OAuth2|Jest,,Delivered a full-stack SaaS platform from design to production in 2 months.,"Versatile engineer comfortable across the stack with 12 years of experience in OAuth2, AWS, FastAPI.",kaggle_anonymized
RES-0580,Data Scientist,5,Ph.D.,M.Sc. Machine Learning,Statistics|Matplotlib|Feature Engineering|PyTorch|A/B Testing|R|Scikit-learn|Seaborn|SQL|NumPy|Data Visualisation|Python|Spark|Git|Azure ML|MLflow|Docker|Looker,IBM Data Science Professional,Automated ETL pipelines reducing manual data preparation by 27%. // Published research on NumPy applied to time-series forecasting.,"Analytical data scientist with 5+ years of experience in Looker, PyTorch, Spark and statistical modelling.",synthetic
RES-0281,Frontend Developer,7,Ph.D.,B.Tech Information Technology,Redux|Next.js|TailwindCSS|Zustand|JavaScript|Responsive Design|Angular|Figma|Cypress,,Implemented WCAG 2.1 AA accessibility standards across the entire application. // Implemented WCAG 2.1 AA accessibility standards across the entire application. // Implemented WCAG 2.1 AA accessibility standards across the entire application.,"Frontend developer with 7 years building responsive, accessible UIs with TailwindCSS, Cypress, Figma.",synthetic
RES-0798,DevOps Engineer,8,Bootcamp/Certification,B.E. Information Technology,Linux|Terraform|Helm|CI/CD|Grafana|Kubernetes|Bash|Monitoring|Jenkins|Infrastructure as Code|Loki|Service Mesh|Capacity Planning|Vault,CKA (Kubernetes)|HashiCorp Terraform Associate,Improved system uptime to 99.67% SLA through improved monitoring and alerting. // Reduced deployment lead time from 32 days to 2 hours by redesigning CI/CD pipeline. // Improved system uptime to 99.55% SLA through improved monitoring and alerting.,"Infrastructure engineer with 8 years designing cloud-native platforms with Helm, Vault, Service Mesh.",synthetic
RES-0293,Frontend Developer,9,Associate's,Diploma in Web Development,Next.js|GraphQL|CSS3|TailwindCSS|REST API|Git|Cypress|Figma|GitHub|D3.js|Node.js,AWS Cloud Practitioner|Google UX Design,Implemented WCAG 2.1 AA accessibility standards across the entire application.,"Passionate frontend engineer with 9 years of hands-on experience in TailwindCSS, Next.js, Cypress.",synthetic
RES-0260,Frontend Developer,3,Bootcamp/Certification,B.Sc. Computer Science,Zustand|SASS|TailwindCSS|Accessibility|Webpack|REST API|Nuxt.js|Vue.js|GraphQL|Angular|SEO|PWA|GitHub|Cypress|Node.js|Figma,Google UX Design|AWS Cloud Practitioner,"Reduced bundle size by 42% through code splitting and lazy loading. // Rebuilt company dashboard in Redux, improving load time by 52%. // Developed a reusable component library with 22+ components used across 8 products.","Frontend developer with 3 years building responsive, accessible UIs with GitHub, Nuxt.js, REST API.",synthetic
RES-0495,Full-Stack Developer,4,Associate's,M.Sc. Software Engineering,Node.js|AWS|MongoDB|Express.js|Next.js|PostgreSQL|JavaScript|Docker|JWT|Jest,AWS Certified Developer|Google Associate Cloud Engineer,Integrated third-party payment gateway handling 8k transactions/month. // Integrated third-party payment gateway handling 23k transactions/month.,"Versatile engineer comfortable across the stack with 4 years of experience in JavaScript, MongoDB, Node.js.",public_profile_anonymized
RES-0946,Mobile Developer,5,Master's,Diploma in Mobile App Development,Android Studio|Push Notifications|Firebase|Play Store Deployment|Android|iOS|Objective-C|Java|Redux|In-App Purchases|Fastlane|Crashlytics|XCTest|Bluetooth,,Achieved 48% reduction in app cold-start time through performance profiling.,"Experienced app engineer with 5+ years shipping production mobile apps in Push Notifications, Fastlane, Crashlytics.",public_profile_anonymized
RES-0505,Full-Stack Developer,9,Bachelor's,M.Sc. Software Engineering,PostgreSQL|JavaScript|FastAPI|GraphQL|Redis|AWS|HTML5|Nginx|Kubernetes|Elasticsearch|Jest|WebSockets,AWS Certified Developer|Meta Front-End Developer,Built an internal tooling dashboard serving 32+ engineering teams. // Shipped end-to-end feature that increased user retention by 25%.,"Versatile engineer comfortable across the stack with 9 years of experience in FastAPI, Elasticsearch, HTML5.",public_profile_anonymized
RES-0485,Full-Stack Developer,8,Bootcamp/Certification,B.Sc. Computer Science,Node.js|React|Docker|TypeScript|JavaScript|CSS3|Next.js|Express.js|Git|CI/CD|Jest|Redis|Linux|Microservices,Google Associate Cloud Engineer|Meta Front-End Developer,Delivered a full-stack SaaS platform from design to production in 40 months. // Built an internal tooling dashboard serving 27+ engineering teams. // Shipped end-to-end feature that increased user retention by 52%.,"Versatile engineer comfortable across the stack with 8 years of experience in JavaScript, Microservices, Docker.",synthetic
RES-0888,Cloud Architect,9,Bootcamp/Certification,M.Sc. Computer Science,Lambda|Disaster Recovery|Auto Scaling|Terraform|High Availability|Azure|Cost Optimisation|VPC|GCP|Vault|Zero-Trust Security|Compliance,TOGAF 9|AWS Solutions Architect Professional,Architected serverless data pipeline processing 12M events/day.,"Cloud architect with 9 years designing resilient, scalable cloud platforms on Cost Optimisation, High Availability, Lambda.",kaggle_anonymized
RES-0721,DevOps Engineer,6,Bachelor's,B.E. Information Technology,Site Reliability Engineering|AWS|Bash|Grafana|Jenkins|Ansible|Azure|Docker|Jaeger|Vault|GitOps|ELK Stack|Vagrant,,Achieved 34% cost reduction by right-sizing cloud infrastructure on Docker.,"DevOps engineer with 6 years automating infrastructure and improving deployment pipelines using Bash, Site Reliability Engineering, Azure.",synthetic
RES-0288,Frontend Developer,3,Master's,B.Sc. Computer Science,HTML5|Angular|SASS|Redux|Vite|Vue.js|REST API|Accessibility|Webpack|Adobe XD|GitHub|Chart.js|D3.js|SEO,Google UX Design|Meta Front-End Developer,Implemented WCAG 2.1 AA accessibility standards across the entire application. // Implemented WCAG 2.1 AA accessibility standards across the entire application.,"Passionate frontend engineer with 3 years of hands-on experience in GitHub, HTML5, Chart.js.",synthetic
RES-0186,Backend Developer,12,Ph.D.,B.E. Software Engineering,Django|Rust|Go|Microservices|gRPC|GitHub Actions|Celery|JWT|CI/CD|Nginx,MongoDB Associate|AWS Certified Developer,"Led migration of monolith to microservices, reducing deployment time by 48%. // Optimised PostgreSQL query performance, cutting average response time by 42%. // Led migration of monolith to microservices, reducing deployment time by 51%.","Results-driven backend developer with 12+ years designing and maintaining distributed systems in CI/CD, Django, Celery.",public_profile_anonymized
RES-0367,Frontend Developer,3,Ph.D.,B.Tech Information Technology,Nuxt.js|Redux|REST API|CSS3|HTML5|Webpack|Figma|GitHub|Node.js|Web Animations|Chart.js,AWS Cloud Practitioner|Meta Front-End Developer,"Rebuilt company dashboard in Vite, improving load time by 42%.","Frontend developer with 3 years building responsive, accessible UIs with Node.js, Webpack, Nuxt.js.",public_profile_anonymized
RES-0135,Backend Developer,3,Bachelor's,B.Tech Information Technology,Django|Azure|REST API|NestJS|Kubernetes|ORM|Bash|Nginx|Linux|RabbitMQ|Apache Kafka,MongoDB Associate|Oracle Java SE,Built a real-time notification service using GraphQL and message queues. // Designed and maintained a high-throughput REST API serving 37k requests/day.,"Experienced server-side developer specialising in Linux, RabbitMQ, Kubernetes with 3 years of professional experience.",kaggle_anonymized
RES-0302,Frontend Developer,2,Associate's,B.Sc. Computer Science,Next.js|Angular|SASS|Nuxt.js|Zustand|PWA|Storybook|D3.js|Performance Optimisation,,Developed a reusable component library with 50+ components used across 8 products. // Reduced bundle size by 32% through code splitting and lazy loading.,"Creative UI engineer with 2+ years of experience crafting pixel-perfect interfaces using Zustand, Angular, SASS.",public_profile_anonymized
RES-0809,DevOps Engineer,2,Associate's,B.Tech Computer Engineering,Linux|Infrastructure as Code|Ansible|GCP|Prometheus|CI/CD|Vagrant|Security Hardening|ArgoCD,,Improved system uptime to 99.7% SLA through improved monitoring and alerting.,"Reliability-focused DevOps professional with 2+ years of experience in Ansible, Vagrant, Security Hardening.",synthetic
RES-0808,DevOps Engineer,10,Bootcamp/Certification,B.Sc. Computer Science,Kubernetes|Azure|AWS|Bash|Python|Helm|GitHub Actions|Grafana|OpenTelemetry|GitOps|Jaeger|Vault|Flux,AWS DevOps Engineer Professional,Achieved 39% cost reduction by right-sizing cloud infrastructure on Site Reliability Engineering. // Containerised 43 legacy services with Docker and orchestrated with Kubernetes.,"Infrastructure engineer with 10 years designing cloud-native platforms with GitOps, Grafana, Jaeger.",synthetic
RES-0266,Frontend Developer,4,Master's,Diploma in Web Development,Cross-browser Compatibility|Responsive Design|CSS3|Redux|SASS|Angular|Vite|Git|Cypress|CI/CD|Adobe XD|PWA|Chart.js,Meta Front-End Developer,Reduced bundle size by 49% through code splitting and lazy loading. // Implemented WCAG 2.1 AA accessibility standards across the entire application.,"Creative UI engineer with 4+ years of experience crafting pixel-perfect interfaces using Cross-browser Compatibility, CI/CD, Redux.",synthetic
RES-0935,Mobile Developer,1,Master's,B.E. Software Engineering,GraphQL|Play Store Deployment|Dart|Firebase|App Store Deployment|Android|Push Notifications|React Native|Accessibility|Crashlytics,Google Associate Android Developer|AWS Mobile Developer,Reduced app crash rate from 6% to 1.3% through systematic debugging.,"Mobile engineer with 1 years crafting performant iOS and Android experiences with App Store Deployment, React Native, Dart.",kaggle_anonymized
RES-0217,Frontend Developer,6,Ph.D.,B.Tech Information Technology,Cross-browser Compatibility|REST API|Nuxt.js|TypeScript|CSS3|Web Animations|SEO,,"Rebuilt company dashboard in Zustand, improving load time by 20%. // Rebuilt company dashboard in TypeScript, improving load time by 25%. // Rebuilt company dashboard in Cross-browser Compatibility, improving load time by 42%.","Frontend developer with 6 years building responsive, accessible UIs with Nuxt.js, Web Animations, Cross-browser Compatibility.",synthetic
RES-0462,Full-Stack Developer,11,Associate's,M.Sc. Software Engineering,TailwindCSS|HTML5|CI/CD|Redis|MongoDB|Git|GraphQL|Elasticsearch|JWT|Terraform,,Delivered a full-stack SaaS platform from design to production in 11 months.,"Full-stack engineer with 11+ years building and shipping products with MongoDB, GraphQL, Terraform.",synthetic
RES-0646,Data Scientist,7,Master's,M.Sc. Data Science,SQL|R|Scikit-learn|Data Visualisation|Deep Learning|dbt|Docker|Airflow|Bayesian Statistics|GCP Vertex AI,Databricks Certified Associate,"Published research on Deep Learning applied to time-series forecasting. // Developed a recommendation engine improving click-through rate by 41%. // Built a churn prediction model with 47% accuracy, saving 41k ARR.","Data scientist with 7 years transforming raw data into actionable insights using Bayesian Statistics, dbt, SQL.",kaggle_anonymized
RES-0703,DevOps Engineer,5,Associate's,B.E. Information Technology,Python|Docker|AWS|CI/CD|Jenkins|Prometheus|GCP|Bash|Ansible|Helm|Terraform|Infrastructure as Code|Packer|Jaeger|Loki|Vagrant|Cost Optimisation|HAProxy,HashiCorp Terraform Associate,Containerised 16 legacy services with Docker and orchestrated with Kubernetes.,"Reliability-focused DevOps professional with 5+ years of experience in Infrastructure as Code, Terraform, AWS.",synthetic
RES-0600,Data Scientist,3,Master's,M.Sc. Machine Learning,Deep Learning|A/B Testing|R|Python|Feature Engineering|Statistics|NumPy|TensorFlow|Data Visualisation|Natural Language Processing|PyTorch|Hadoop|Hypothesis Testing|Spark,Databricks Certified Associate,"Developed a recommendation engine improving click-through rate by 17%. // Published research on A/B Testing applied to time-series forecasting. // Built a churn prediction model with 44% accuracy, saving 2k ARR.","Analytical data scientist with 3+ years of experience in Python, R, Statistics and statistical modelling.",public_profile_anonymized
RES-0091,Backend Developer,11,Associate's,B.Tech Information Technology,Java|Redis|Microservices|Node.js|GraphQL|Kubernetes|Rust|FastAPI|Spring Boot|Django|Express.js|pytest|OAuth2|API Design|CI/CD|JWT,,"Led migration of monolith to microservices, reducing deployment time by 24%.","Backend engineer with 11 years of experience building scalable APIs and microservices using pytest, OAuth2, Node.js.",kaggle_anonymized
RES-0834,Cloud Architect,10,Ph.D.,M.Sc. Computer Science,Lambda|Serverless|IAM|Cost Optimisation|Auto Scaling|Enterprise Architecture|Compliance|Istio|GDPR|Ansible,,Architected serverless data pipeline processing 21M events/day.,"Senior cloud architect with 10+ years leading enterprise-scale cloud migrations using Cost Optimisation, Auto Scaling, Ansible.",synthetic
RES-0682,Data Scientist,9,Ph.D.,M.Sc. Statistics,SQL|Natural Language Processing|R|Data Visualisation|Feature Engineering|Scikit-learn|Python|Deep Learning|Power BI|Hadoop|Git|Airflow|Azure ML,,"Published research on A/B Testing applied to time-series forecasting. // Developed a recommendation engine improving click-through rate by 19%. // Built a churn prediction model with 53% accuracy, saving 40k ARR.","Data scientist with 9 years transforming raw data into actionable insights using Feature Engineering, Scikit-learn, R.",public_profile_anonymized
RES-0734,DevOps Engineer,3,Bootcamp/Certification,B.Tech Computer Engineering,AWS|Bash|Infrastructure as Code|Helm|Kubernetes|Azure|Grafana|Linux|Python|Flux|Istio|HAProxy|ELK Stack,Google Professional DevOps Engineer,Containerised 40 legacy services with Docker and orchestrated with Kubernetes. // Achieved 26% cost reduction by right-sizing cloud infrastructure on Infrastructure as Code. // Achieved 19% cost reduction by right-sizing cloud infrastructure on Kubernetes.,"DevOps engineer with 3 years automating infrastructure and improving deployment pipelines using Azure, Infrastructure as Code, Python.",synthetic
RES-0510,Full-Stack Developer,8,Bootcamp/Certification,B.E. Software Engineering,CSS3|Next.js|AWS|Python|REST API|PostgreSQL|TailwindCSS|TypeScript|FastAPI|Terraform|Scrum,Google Associate Cloud Engineer|AWS Certified Developer,Shipped end-to-end feature that increased user retention by 59%.,"Full-stack developer with 8 years delivering end-to-end web applications using TypeScript, Next.js, TailwindCSS.",synthetic
RES-0047,Backend Developer,6,Associate's,B.E. Software Engineering,Python|Express.js|Go|AWS|Docker|Microservices|Rust|SQL|Terraform|OAuth2,Oracle Java SE|MongoDB Associate,"Designed and maintained a high-throughput REST API serving 7k requests/day. // Optimised PostgreSQL query performance, cutting average response time by 30%. // Optimised PostgreSQL query performance, cutting average response time by 46%.","Backend engineer with 6 years of experience building scalable APIs and microservices using Go, Docker, Rust.",synthetic
RES-0987,Mobile Developer,12,Master's,B.Tech Mobile Computing,REST API|Swift|React Native|Play Store Deployment|Android Studio|Offline Support|Detox|Realm|Crashlytics|MobX|Accessibility,Google Associate Android Developer,"Integrated offline-first architecture, improving UX in low-connectivity regions. // Reduced app crash rate from 8% to 0.4% through systematic debugging.","Mobile developer with 12 years building cross-platform and native apps using Crashlytics, Swift, Accessibility.",synthetic
RES-0508,Full-Stack Developer,5,Bachelor's,B.E. Software Engineering,HTML5|TypeScript|CSS3|FastAPI|Python|MongoDB|React|AWS|Node.js|GraphQL|CI/CD|pytest|Agile,Google Associate Cloud Engineer,Integrated third-party payment gateway handling 15k transactions/month. // Built an internal tooling dashboard serving 13+ engineering teams. // Built an internal tooling dashboard serving 46+ engineering teams.,"Versatile engineer comfortable across the stack with 5 years of experience in CSS3, Python, TypeScript.",public_profile_anonymized
RES-0985,Mobile Developer,2,Bootcamp/Certification,B.E. Software Engineering,Dart|Flutter|Java|Android|Swift|Kotlin|Analytics|Crashlytics,,Reduced app crash rate from 3% to 1.1% through systematic debugging. // Achieved 45% reduction in app cold-start time through performance profiling.,"Mobile developer with 2 years building cross-platform and native apps using Java, Crashlytics, Flutter.",synthetic
RES-0949,Mobile Developer,5,Bootcamp/Certification,B.Tech Mobile Computing,Swift|Firebase|Objective-C|REST API|Java|Android|Xcode|GraphQL|SQLite|GPS|CI/CD|Bluetooth,AWS Mobile Developer|Google Associate Android Developer,Reduced app crash rate from 8% to 1.3% through systematic debugging.,"Mobile developer with 5 years building cross-platform and native apps using Xcode, GPS, CI/CD.",synthetic
RES-0962,Mobile Developer,4,Associate's,Diploma in Mobile App Development,App Store Deployment|Xcode|REST API|Java|Android|Objective-C|Firebase|Kotlin|React Native|iOS|Dart|In-App Purchases|Crashlytics|GPS|Offline Support,AWS Mobile Developer|Apple App Development with Swift,Achieved 18% reduction in app cold-start time through performance profiling. // Achieved 56% reduction in app cold-start time through performance profiling.,"Mobile developer with 4 years building cross-platform and native apps using Firebase, Java, REST API.",kaggle_anonymized
RES-0031,Backend Developer,4,Associate's,B.Sc. Computer Science,FastAPI|Docker|Ruby|Elasticsearch|Django|Kubernetes|GCP|AWS|Rust|Go|Terraform|JWT,Oracle Java SE|AWS Certified Developer,Built a real-time notification service using NestJS and message queues.,"Results-driven backend developer with 4+ years designing and maintaining distributed systems in Rust, Django, Ruby.",synthetic
RES-0531,Full-Stack Developer,1,Associate's,B.Tech Computer Engineering,AWS|React|JavaScript|Redis|TailwindCSS|Node.js|FastAPI|CSS3|Docker|MongoDB|Express.js|CI/CD|Nginx|WebSockets|GitHub Actions,,Integrated third-party payment gateway handling 12k transactions/month. // Built an internal tooling dashboard serving 46+ engineering teams. // Integrated third-party payment gateway handling 30k transactions/month.,"Versatile engineer comfortable across the stack with 1 years of experience in Nginx, GitHub Actions, CI/CD.",synthetic
RES-0521,Full-Stack Developer,1,Ph.D.,M.Sc. Software Engineering,MongoDB|React|FastAPI|Next.js|PostgreSQL|Nginx|Agile,Google Associate Cloud Engineer|Meta Front-End Developer,Delivered a full-stack SaaS platform from design to production in 23 months. // Shipped end-to-end feature that increased user retention by 19%.,"Versatile engineer comfortable across the stack with 1 years of experience in Agile, MongoDB, Nginx.",synthetic
RES-0176,Backend Developer,2,Associate's,M.Sc. Computer Science,C#|gRPC|REST API|PostgreSQL|Spring Boot|pytest|JWT|Linux|Nginx|GitHub Actions,AWS Certified Developer,"Optimised PostgreSQL query performance, cutting average response time by 43%. // Designed and maintained a high-throughput REST API serving 8k requests/day. // Built a real-time notification service using gRPC and message queues.","Results-driven backend developer with 2+ years designing and maintaining distributed systems in PostgreSQL, GitHub Actions, pytest.",synthetic
RES-0661,Data Scientist,7,Ph.D.,Ph.D. Computer Science,Machine Learning|A/B Testing|Natural Language Processing|SQL|Python|Data Visualisation|TensorFlow|Pandas|R|Scikit-learn|Tableau|Experiment Tracking|Hadoop,AWS Machine Learning Specialty,"Built a churn prediction model with 50% accuracy, saving 40k ARR. // Built a churn prediction model with 35% accuracy, saving 48k ARR.","Machine learning practitioner with 7 years building predictive models with Data Visualisation, SQL, Scikit-learn.",synthetic
RES-0342,Frontend Developer,12,Ph.D.,B.Tech Information Technology,CSS3|Responsive Design|Cross-browser Compatibility|Zustand|Redux|Angular|Webpack|React|JavaScript|TailwindCSS|HTML5|Figma|Jest|Performance Optimisation|Adobe XD|Node.js|Cypress,Meta Front-End Developer|Google UX Design,Implemented WCAG 2.1 AA accessibility standards across the entire application.,"Passionate frontend engineer with 12 years of hands-on experience in Responsive Design, CSS3, Performance Optimisation.",kaggle_anonymized
RES-0644,Data Scientist,1,Bootcamp/Certification,M.Sc. Data Science,Scikit-learn|Feature Engineering|SQL|Natural Language Processing|Pandas|A/B Testing|Data Visualisation|Statistics|Machine Learning|R|dbt|Looker|Tableau|Model Deployment|Airflow,,Developed a recommendation engine improving click-through rate by 19%. // Published research on Feature Engineering applied to time-series forecasting. // Automated ETL pipelines reducing manual data preparation by 44%.,"Analytical data scientist with 1+ years of experience in Model Deployment, dbt, A/B Testing and statistical modelling.",kaggle_anonymized
RES-0954,Mobile Developer,10,Master's,Diploma in Mobile App Development,REST API|Xcode|Push Notifications|Play Store Deployment|Flutter|Swift|Kotlin|Accessibility|Detox|Realm|Analytics|Offline Support|Crashlytics,Apple App Development with Swift|Google Associate Android Developer,Achieved 36% reduction in app cold-start time through performance profiling.,"Mobile engineer with 10 years crafting performant iOS and Android experiences with Offline Support, Crashlytics, Kotlin.",kaggle_anonymized
RES-0912,Cloud Architect,8,Bachelor's,M.B.A. Technology Management,Docker|Load Balancing|Serverless|VPC|Terraform|GCP|AWS|CDK|Solution Design|ArgoCD,,"Designed a multi-region, active-active architecture with 99.63% availability SLA. // Designed a multi-region, active-active architecture with 99.76% availability SLA. // Designed a multi-region, active-active architecture with 99.97% availability SLA.","Senior cloud architect with 8+ years leading enterprise-scale cloud migrations using CDK, Solution Design, Docker.",synthetic
RES-0212,Frontend Developer,6,Bootcamp/Certification,B.A. Web Design,CSS3|Angular|GraphQL|Redux|HTML5|Cross-browser Compatibility|REST API|Next.js|JavaScript|Jest|CI/CD,,"Developed a reusable component library with 18+ components used across 4 products. // Rebuilt company dashboard in REST API, improving load time by 51%.","Passionate frontend engineer with 6 years of hands-on experience in Next.js, Angular, Redux.",synthetic
RES-0711,DevOps Engineer,7,Bootcamp/Certification,B.Tech Computer Engineering,Python|GCP|Terraform|Azure|CI/CD|Bash|Kubernetes|Docker|GitHub Actions|Nginx|Service Mesh|HAProxy|Loki|Flux,,Achieved 33% cost reduction by right-sizing cloud infrastructure on GitHub Actions.,"DevOps engineer with 7 years automating infrastructure and improving deployment pipelines using Bash, Python, Kubernetes.",public_profile_anonymized
RES-0058,Backend Developer,12,Associate's,B.Tech Information Technology,GraphQL|MySQL|Azure|Elasticsearch|PostgreSQL|GCP|Node.js|Rust|Nginx|Linux|CI/CD|Unit Testing|Jenkins|OAuth2,,"Built a real-time notification service using Django and message queues. // Optimised PostgreSQL query performance, cutting average response time by 32%.","Experienced server-side developer specialising in Unit Testing, Elasticsearch, OAuth2 with 12 years of professional experience.",kaggle_anonymized
RES-0524,Full-Stack Developer,8,Ph.D.,M.Sc. Software Engineering,Next.js|React|AWS|Python|CI/CD|Git|TailwindCSS|Scrum|Jest|Terraform|Redis,Meta Front-End Developer|AWS Certified Developer,Shipped end-to-end feature that increased user retention by 60%. // Shipped end-to-end feature that increased user retention by 19%.,"Full-stack developer with 8 years delivering end-to-end web applications using CI/CD, React, TailwindCSS.",synthetic
RES-0357,Frontend Developer,11,Master's,Diploma in Web Development,Responsive Design|Vite|CSS3|HTML5|REST API|Accessibility|Redux|JavaScript|Angular|TailwindCSS|Zustand|Storybook|Adobe XD|Cypress|Jest,Meta Front-End Developer,Reduced bundle size by 44% through code splitting and lazy loading. // Developed a reusable component library with 17+ components used across 9 products. // Reduced bundle size by 41% through code splitting and lazy loading.,"Passionate frontend engineer with 11 years of hands-on experience in Angular, Storybook, Responsive Design.",kaggle_anonymized
RES-0846,Cloud Architect,3,Master's,M.Sc. Cloud Computing,IAM|VPC|Kubernetes|GCP|Serverless|Docker|GDPR|Enterprise Architecture|Ansible|Service Mesh,Azure Solutions Architect Expert|TOGAF 9,"Architected serverless data pipeline processing 46M events/day. // Led cloud migration of 15-service estate to AWS, cutting TCO by 38%. // Established cloud governance framework adopted across 41 business units.","Solutions architect with 3 years architecting multi-cloud environments with VPC, Enterprise Architecture, Ansible.",synthetic
RES-0236,Frontend Developer,9,Bachelor's,B.Sc. Computer Science,TailwindCSS|Vue.js|SASS|GraphQL|REST API|Jest|Git|Figma|Node.js,Meta Front-End Developer|Google UX Design,Developed a reusable component library with 14+ components used across 4 products.,"Creative UI engineer with 9+ years of experience crafting pixel-perfect interfaces using Git, TailwindCSS, REST API.",synthetic
RES-0608,Data Scientist,11,Ph.D.,M.Sc. Statistics,TensorFlow|SQL|Statistics|Jupyter|PyTorch|Seaborn|Natural Language Processing|Machine Learning|Python|Deep Learning|Spark|AWS SageMaker|Tableau|GCP Vertex AI,Databricks Certified Associate,"Built a churn prediction model with 39% accuracy, saving 30k ARR. // Published research on Statistics applied to time-series forecasting.","Analytical data scientist with 11+ years of experience in Spark, AWS SageMaker, TensorFlow and statistical modelling.",synthetic
RES-0380,Full-Stack Developer,5,Bootcamp/Certification,M.Sc. Software Engineering,GraphQL|Git|Redis|Docker|FastAPI|Next.js|React|PostgreSQL|TailwindCSS|REST API|WebSockets|Scrum|Jest|pytest,Meta Front-End Developer|Google Associate Cloud Engineer,Shipped end-to-end feature that increased user retention by 37%.,"Versatile engineer comfortable across the stack with 5 years of experience in pytest, FastAPI, Git.",synthetic
RES-0569,Data Scientist,4,Bootcamp/Certification,M.Sc. Data Science,Scikit-learn|NumPy|Seaborn|PyTorch|Jupyter|R|Machine Learning|Matplotlib|Data Visualisation|SQL|TensorFlow|Python|Bayesian Statistics|Git,,Automated ETL pipelines reducing manual data preparation by 41%. // Published research on Scikit-learn applied to time-series forecasting. // Developed a recommendation engine improving click-through rate by 52%.,"Machine learning practitioner with 4 years building predictive models with R, Python, NumPy.",kaggle_anonymized
RES-0356,Frontend Developer,7,Associate's,B.Tech Information Technology,Nuxt.js|Redux|JavaScript|Cross-browser Compatibility|Zustand|Responsive Design|GraphQL|CSS3|TailwindCSS|Adobe XD|D3.js|GitHub|Storybook|PWA,,"Implemented WCAG 2.1 AA accessibility standards across the entire application. // Reduced bundle size by 27% through code splitting and lazy loading. // Rebuilt company dashboard in Webpack, improving load time by 16%.","Passionate frontend engineer with 7 years of hands-on experience in Redux, Responsive Design, Nuxt.js.",public_profile_anonymized
RES-0200,Backend Developer,1,Bachelor's,B.Sc. Computer Science,Spring Boot|Kubernetes|Python|Azure|Go|SQL|Nginx|Bash|API Design|Celery|Unit Testing|CI/CD,,"Built a real-time notification service using Elasticsearch and message queues. // Led migration of monolith to microservices, reducing deployment time by 21%. // Led migration of monolith to microservices, reducing deployment time by 49%.","Results-driven backend developer with 1+ years designing and maintaining distributed systems in CI/CD, Bash, SQL.",public_profile_anonymized
RES-0137,Backend Developer,10,Associate's,B.Tech Information Technology,Rust|Azure|Go|ORM|Java|Kubernetes|GCP|PostgreSQL|Elasticsearch|Python|RabbitMQ|OAuth2|Jenkins|CI/CD|Bash|pytest,AWS Certified Developer,"Built a real-time notification service using PostgreSQL and message queues. // Designed and maintained a high-throughput REST API serving 34k requests/day. // Optimised PostgreSQL query performance, cutting average response time by 15%.","Experienced server-side developer specialising in Elasticsearch, Go, pytest with 10 years of professional experience.",synthetic
RES-0197,Backend Developer,6,Master's,B.Tech Information Technology,Microservices|Django|C#|Redis|Node.js|CI/CD|Jenkins|pytest,,Built a real-time notification service using Docker and message queues.,"Backend engineer with 6 years of experience building scalable APIs and microservices using Redis, Jenkins, CI/CD.",synthetic
RES-0819,DevOps Engineer,8,Bootcamp/Certification,M.Sc. Cloud Computing,Terraform|CI/CD|AWS|Jenkins|Prometheus|Grafana|Bash|GCP|Service Mesh|Cost Optimisation|Security Hardening,HashiCorp Terraform Associate,Containerised 2 legacy services with Docker and orchestrated with Kubernetes.,"DevOps engineer with 8 years automating infrastructure and improving deployment pipelines using Terraform, Grafana, CI/CD.",synthetic
RES-0188,Backend Developer,9,Bootcamp/Certification,B.Tech Information Technology,Spring Boot|GraphQL|Azure|Django|AWS|Linux|Bash|JWT|Nginx|Unit Testing|Apache Kafka,AWS Certified Developer|Oracle Java SE,Designed and maintained a high-throughput REST API serving 26k requests/day.,"Results-driven backend developer with 9+ years designing and maintaining distributed systems in GraphQL, Nginx, Django.",synthetic
RES-0033,Backend Developer,9,Bachelor's,B.Tech Information Technology,Elasticsearch|FastAPI|Docker|Java|ORM|gRPC|AWS|Spring Boot|Azure|GraphQL|Celery|RabbitMQ,AWS Certified Developer,"Led migration of monolith to microservices, reducing deployment time by 39%.","Results-driven backend developer with 9+ years designing and maintaining distributed systems in AWS, GraphQL, Docker.",kaggle_anonymized
RES-0894,Cloud Architect,5,Ph.D.,M.B.A. Technology Management,GCP|Docker|VPC|IAM|Cost Optimisation|AWS|Lambda|Load Balancing|Serverless|SOC 2|GDPR,,"Led cloud migration of 38-service estate to AWS, cutting TCO by 58%.","Cloud architect with 5 years designing resilient, scalable cloud platforms on GDPR, IAM, SOC 2.",synthetic
RES-0673,Data Scientist,12,Bachelor's,M.Sc. Data Science,Scikit-learn|SQL|Statistics|Python|Machine Learning|Deep Learning|Feature Engineering|Spark|GCP Vertex AI|Azure ML,AWS Machine Learning Specialty,Developed a recommendation engine improving click-through rate by 33%.,"Machine learning practitioner with 12 years building predictive models with Azure ML, GCP Vertex AI, Statistics.",public_profile_anonymized
RES-0837,Cloud Architect,5,Master's,M.B.A. Technology Management,Terraform|Serverless|High Availability|AWS|Cost Optimisation|Kubernetes|Disaster Recovery|IAM|Load Balancing|Lambda|Cloud Security|Istio|Vault,,Established cloud governance framework adopted across 41 business units. // Architected serverless data pipeline processing 38M events/day. // Architected serverless data pipeline processing 46M events/day.,"Cloud architect with 5 years designing resilient, scalable cloud platforms on Kubernetes, High Availability, IAM.",synthetic
RES-0595,Data Scientist,4,Bootcamp/Certification,B.Sc. Mathematics,Pandas|Feature Engineering|Machine Learning|NumPy|Jupyter|Statistics|Matplotlib|R|Seaborn|Hadoop|GCP Vertex AI,AWS Machine Learning Specialty,"Automated ETL pipelines reducing manual data preparation by 17%. // Built a churn prediction model with 28% accuracy, saving 10k ARR.","Analytical data scientist with 4+ years of experience in Machine Learning, Seaborn, Feature Engineering and statistical modelling.",synthetic
RES-0627,Data Scientist,10,Ph.D.,M.Sc. Machine Learning,Natural Language Processing|Deep Learning|Matplotlib|Machine Learning|Python|Jupyter|Tableau|Experiment Tracking|Hadoop|Azure ML,AWS Machine Learning Specialty,Automated ETL pipelines reducing manual data preparation by 42%.,"Data scientist with 10 years transforming raw data into actionable insights using Natural Language Processing, Matplotlib, Tableau.",public_profile_anonymized
RES-0934,Mobile Developer,12,Master's,B.E. Software Engineering,Swift|Play Store Deployment|Firebase|Objective-C|Java|Dart|React Native|App Store Deployment|Flutter|Android|iOS|Detox|Offline Support|SQLite|UI Testing|MobX|Redux,Apple App Development with Swift,"Shipped iOS and Android apps with 15k+ downloads in first month. // Integrated offline-first architecture, improving UX in low-connectivity regions. // Integrated offline-first architecture, improving UX in low-connectivity regions.","Mobile engineer with 12 years crafting performant iOS and Android experiences with MobX, Flutter, Swift.",kaggle_anonymized
RES-0110,Backend Developer,7,Ph.D.,B.E. Software Engineering,C#|Java|ORM|Node.js|Spring Boot|Azure|gRPC|MySQL|Elasticsearch|CI/CD|GitHub Actions|Unit Testing|Celery|API Design|Jenkins,,Designed and maintained a high-throughput REST API serving 16k requests/day. // Designed and maintained a high-throughput REST API serving 25k requests/day.,"Results-driven backend developer with 7+ years designing and maintaining distributed systems in C#, GitHub Actions, Java.",synthetic
RES-0925,Cloud Architect,2,Associate's,M.B.A. Technology Management,Kubernetes|GCP|Lambda|Terraform|Serverless|Multi-cloud Strategy|Python|Service Mesh,,"Led cloud migration of 18-service estate to AWS, cutting TCO by 41%. // Led cloud migration of 18-service estate to AWS, cutting TCO by 50%. // Established cloud governance framework adopted across 38 business units.","Solutions architect with 2 years architecting multi-cloud environments with Kubernetes, Terraform, GCP.",kaggle_anonymized
RES-0062,Backend Developer,11,Ph.D.,B.E. Software Engineering,AWS|FastAPI|Node.js|Kubernetes|Go|gRPC|Spring Boot|C#|REST API|MySQL|pytest|Apache Kafka|Unit Testing|Terraform,,"Optimised PostgreSQL query performance, cutting average response time by 53%.","Results-driven backend developer with 11+ years designing and maintaining distributed systems in Unit Testing, pytest, Kubernetes.",synthetic
RES-0378,Full-Stack Developer,5,Bootcamp/Certification,B.Sc. Computer Science,Next.js|Docker|JavaScript|FastAPI|Express.js|Jest|OAuth2|Agile|Redis|GitHub Actions|pytest,,Built an internal tooling dashboard serving 17+ engineering teams. // Built an internal tooling dashboard serving 18+ engineering teams. // Delivered a full-stack SaaS platform from design to production in 2 months.,"Versatile engineer comfortable across the stack with 5 years of experience in pytest, Express.js, Docker.",kaggle_anonymized
RES-0640,Data Scientist,3,Ph.D.,M.Sc. Data Science,R|Statistics|Matplotlib|NumPy|Python|Feature Engineering|Pandas|Natural Language Processing|PyTorch|Data Visualisation|Seaborn|A/B Testing|AWS SageMaker|Hypothesis Testing|Docker,,"Developed a recommendation engine improving click-through rate by 18%. // Automated ETL pipelines reducing manual data preparation by 49%. // Built a churn prediction model with 39% accuracy, saving 7k ARR.","Machine learning practitioner with 3 years building predictive models with Matplotlib, Natural Language Processing, Hypothesis Testing.",synthetic
RES-0657,Data Scientist,12,Associate's,B.Sc. Mathematics,Machine Learning|Statistics|Feature Engineering|NumPy|Python|Matplotlib|Jupyter|R|Airflow|Hadoop|MLflow|Git,,"Built a churn prediction model with 17% accuracy, saving 21k ARR. // Automated ETL pipelines reducing manual data preparation by 28%. // Published research on Jupyter applied to time-series forecasting.","Analytical data scientist with 12+ years of experience in Feature Engineering, MLflow, Git and statistical modelling.",synthetic
RES-0738,DevOps Engineer,2,Master's,B.Tech Computer Engineering,Kubernetes|Ansible|Site Reliability Engineering|Terraform|GCP|Linux|Prometheus|Monitoring|Docker|GitHub Actions|Flux|Vault|Loki|ELK Stack|OpenTelemetry|Nginx,HashiCorp Terraform Associate,Containerised 37 legacy services with Docker and orchestrated with Kubernetes. // Improved system uptime to 99.78% SLA through improved monitoring and alerting. // Reduced deployment lead time from 18 days to 8 hours by redesigning CI/CD pipeline.,"Reliability-focused DevOps professional with 2+ years of experience in Monitoring, Loki, Site Reliability Engineering.",synthetic
RES-0131,Backend Developer,11,Associate's,B.E. Software Engineering,Message Queues|Elasticsearch|MongoDB|Python|Azure|Kubernetes|Docker|Linux|GitHub Actions|CI/CD|RabbitMQ|API Design,Oracle Java SE,Designed and maintained a high-throughput REST API serving 29k requests/day. // Built a real-time notification service using SQL and message queues.,"Backend engineer with 11 years of experience building scalable APIs and microservices using CI/CD, GitHub Actions, Elasticsearch.",public_profile_anonymized
RES-0543,Full-Stack Developer,3,Master's,M.Sc. Software Engineering,MongoDB|TypeScript|PostgreSQL|Next.js|CI/CD|Git|Express.js|Node.js|CSS3|HTML5|Python|REST API|WebSockets|Linux|JWT,Google Associate Cloud Engineer|Meta Front-End Developer,Integrated third-party payment gateway handling 8k transactions/month. // Delivered a full-stack SaaS platform from design to production in 49 months.,"Full-stack engineer with 3+ years building and shipping products with HTML5, JWT, Python.",kaggle_anonymized
RES-0942,Mobile Developer,12,Master's,B.Tech Mobile Computing,Play Store Deployment|Push Notifications|Android Studio|REST API|Dart|GraphQL|Xcode|iOS|App Store Deployment|Objective-C|Analytics|GPS,Apple App Development with Swift,Shipped iOS and Android apps with 47k+ downloads in first month. // Reduced app crash rate from 8% to 0.5% through systematic debugging.,"Mobile engineer with 12 years crafting performant iOS and Android experiences with Xcode, GraphQL, REST API.",public_profile_anonymized
RES-0158,Backend Developer,7,Master's,B.Sc. Computer Science,Docker|Redis|C#|Express.js|Java|MongoDB|GCP|Celery|CI/CD,Oracle Java SE,Built a real-time notification service using Azure and message queues. // Built a real-time notification service using Java and message queues.,"Results-driven backend developer with 7+ years designing and maintaining distributed systems in Celery, C#, Java.",public_profile_anonymized
RES-0549,Full-Stack Developer,2,Bachelor's,B.Sc. Computer Science,Node.js|Git|GraphQL|TypeScript|FastAPI|HTML5|Docker|CI/CD|React|Nginx|JWT|Elasticsearch|Agile,,Shipped end-to-end feature that increased user retention by 23%.,"Full-stack developer with 2 years delivering end-to-end web applications using Docker, Node.js, Nginx.",synthetic
RES-0325,Frontend Developer,3,Ph.D.,B.Tech Information Technology,TailwindCSS|JavaScript|Vue.js|HTML5|REST API|Node.js|Jest|CI/CD|PWA|Figma|D3.js,,"Implemented WCAG 2.1 AA accessibility standards across the entire application. // Rebuilt company dashboard in GraphQL, improving load time by 30%. // Rebuilt company dashboard in Redux, improving load time by 33%.","Creative UI engineer with 3+ years of experience crafting pixel-perfect interfaces using Jest, Node.js, CI/CD.",synthetic
RES-0793,DevOps Engineer,4,Bootcamp/Certification,B.Sc. Computer Science,Python|Grafana|Infrastructure as Code|GitHub Actions|GCP|Nginx|GitOps|Jaeger|Loki|HAProxy|Security Hardening,Google Professional DevOps Engineer|CKA (Kubernetes),Achieved 32% cost reduction by right-sizing cloud infrastructure on GitHub Actions. // Achieved 37% cost reduction by right-sizing cloud infrastructure on GitHub Actions.,"Reliability-focused DevOps professional with 4+ years of experience in Security Hardening, Nginx, Infrastructure as Code.",public_profile_anonymized
RES-0782,DevOps Engineer,1,Master's,B.E. Information Technology,Helm|Linux|Bash|GitHub Actions|Jenkins|Monitoring|AWS|Docker|CI/CD|Python|OpenTelemetry|ELK Stack,,Achieved 46% cost reduction by right-sizing cloud infrastructure on GitHub Actions. // Improved system uptime to 99.95% SLA through improved monitoring and alerting. // Improved system uptime to 99.76% SLA through improved monitoring and alerting.,"DevOps engineer with 1 years automating infrastructure and improving deployment pipelines using Jenkins, Docker, ELK Stack.",kaggle_anonymized
RES-0450,Full-Stack Developer,12,Bachelor's,B.E. Software Engineering,Docker|HTML5|React|JavaScript|Next.js|AWS|CSS3|GraphQL|TypeScript|Python|FastAPI|Agile|JWT|Microservices,,Delivered a full-stack SaaS platform from design to production in 16 months. // Built an internal tooling dashboard serving 9+ engineering teams. // Shipped end-to-end feature that increased user retention by 28%.,"Versatile engineer comfortable across the stack with 12 years of experience in AWS, CSS3, JWT.",public_profile_anonymized
RES-0215,Frontend Developer,5,Associate's,B.Sc. Computer Science,Cross-browser Compatibility|SASS|Vite|Nuxt.js|GraphQL|REST API|Angular|HTML5|Redux|Web Animations|Storybook|CI/CD|SEO|PWA,,"Rebuilt company dashboard in GraphQL, improving load time by 17%.","Frontend developer with 5 years building responsive, accessible UIs with HTML5, Cross-browser Compatibility, PWA.",synthetic
RES-0972,Mobile Developer,7,Associate's,B.Sc. Computer Science,React Native|Java|Dart|Swift|Play Store Deployment|Objective-C|App Store Deployment|Android|Push Notifications|Firebase|Accessibility|UI Testing|XCTest,,Achieved 22% reduction in app cold-start time through performance profiling. // Shipped iOS and Android apps with 3k+ downloads in first month. // Shipped iOS and Android apps with 37k+ downloads in first month.,"Experienced app engineer with 7+ years shipping production mobile apps in UI Testing, App Store Deployment, Accessibility.",synthetic
RES-0338,Frontend Developer,8,Associate's,B.Sc. Computer Science,Vite|Responsive Design|Angular|JavaScript|GraphQL|Redux|Vue.js|CSS3|Accessibility|React|REST API|SASS|Storybook|Figma,,"Reduced bundle size by 46% through code splitting and lazy loading. // Rebuilt company dashboard in SASS, improving load time by 42%.","Passionate frontend engineer with 8 years of hands-on experience in Redux, React, Figma.",public_profile_anonymized
RES-0847,Cloud Architect,2,Master's,M.Sc. Cloud Computing,Multi-cloud Strategy|VPC|Serverless|High Availability|Auto Scaling|Azure|Kubernetes|IAM|Cloud Security|Cost Optimisation|GCP|Docker|Compliance|Python|SOC 2|GDPR|CloudFormation|Zero-Trust Security,TOGAF 9,Architected serverless data pipeline processing 44M events/day. // Established cloud governance framework adopted across 38 business units. // Architected serverless data pipeline processing 2M events/day.,"Senior cloud architect with 2+ years leading enterprise-scale cloud migrations using SOC 2, Auto Scaling, High Availability.",synthetic
RES-0872,Cloud Architect,10,Ph.D.,M.Sc. Computer Science,VPC|IAM|Multi-cloud Strategy|Auto Scaling|Cost Optimisation|Python|Zero-Trust Security|FinOps|Compliance,AWS Solutions Architect Professional,"Architected serverless data pipeline processing 46M events/day. // Designed a multi-region, active-active architecture with 99.61% availability SLA. // Established cloud governance framework adopted across 32 business units.","Senior cloud architect with 10+ years leading enterprise-scale cloud migrations using Python, FinOps, Auto Scaling.",kaggle_anonymized
RES-0282,Frontend Developer,7,Associate's,B.Tech Information Technology,Webpack|Angular|JavaScript|GraphQL|SASS|Accessibility|Vue.js|HTML5|REST API|Redux|CSS3|Zustand|GitHub|Git|Chart.js|PWA,,"Developed a reusable component library with 26+ components used across 8 products. // Developed a reusable component library with 26+ components used across 3 products. // Rebuilt company dashboard in Responsive Design, improving load time by 15%.","Creative UI engineer with 7+ years of experience crafting pixel-perfect interfaces using SASS, Chart.js, Angular.",synthetic
RES-0547,Full-Stack Developer,5,Master's,B.Sc. Computer Science,Docker|TailwindCSS|MongoDB|Redis|PostgreSQL|Agile|Terraform|GitHub Actions|Nginx|WebSockets,Google Associate Cloud Engineer,Integrated third-party payment gateway handling 44k transactions/month. // Delivered a full-stack SaaS platform from design to production in 36 months.,"Full-stack developer with 5 years delivering end-to-end web applications using TailwindCSS, Agile, GitHub Actions.",synthetic
RES-0088,Backend Developer,6,Bootcamp/Certification,B.Sc. Computer Science,PostgreSQL|Microservices|Redis|C#|NestJS|Terraform|JWT|Apache Kafka,,"Designed and maintained a high-throughput REST API serving 4k requests/day. // Led migration of monolith to microservices, reducing deployment time by 60%. // Optimised PostgreSQL query performance, cutting average response time by 32%.","Backend engineer with 6 years of experience building scalable APIs and microservices using Redis, Microservices, NestJS.",synthetic
RES-0719,DevOps Engineer,6,Associate's,M.Sc. Cloud Computing,Bash|Ansible|GitHub Actions|Grafana|AWS|Azure|Helm|Jenkins|Vagrant|ELK Stack,,Improved system uptime to 99.87% SLA through improved monitoring and alerting.,"Infrastructure engineer with 6 years designing cloud-native platforms with GitHub Actions, Azure, AWS.",synthetic
RES-0812,DevOps Engineer,3,Ph.D.,B.Sc. Computer Science,Bash|Docker|GitHub Actions|Terraform|GCP|Helm|CI/CD|Ansible|Grafana|HAProxy|Loki|Service Mesh|Jaeger|Cost Optimisation|OpenTelemetry,Google Professional DevOps Engineer|CKA (Kubernetes),Containerised 44 legacy services with Docker and orchestrated with Kubernetes. // Containerised 45 legacy services with Docker and orchestrated with Kubernetes.,"DevOps engineer with 3 years automating infrastructure and improving deployment pipelines using Terraform, GitHub Actions, GCP.",public_profile_anonymized
RES-0424,Full-Stack Developer,12,Ph.D.,B.E. Software Engineering,Redis|MongoDB|REST API|PostgreSQL|HTML5|CSS3|JavaScript|CI/CD|Git|Scrum|Microservices|Elasticsearch,Google Associate Cloud Engineer,Built an internal tooling dashboard serving 9+ engineering teams.,"Versatile engineer comfortable across the stack with 12 years of experience in CI/CD, Git, Scrum.",synthetic
RES-0146,Backend Developer,6,Bootcamp/Certification,B.Tech Information Technology,Node.js|NestJS|Docker|Rust|AWS|JWT|Apache Kafka|Celery|Jenkins|Nginx|CI/CD,MongoDB Associate,Designed and maintained a high-throughput REST API serving 46k requests/day.,"Results-driven backend developer with 6+ years designing and maintaining distributed systems in Celery, Jenkins, AWS.",public_profile_anonymized
RES-0753,DevOps Engineer,9,Bootcamp/Certification,B.E. Information Technology,Jenkins|Grafana|Linux|Terraform|GitHub Actions|Vault|Flux|Istio|ELK Stack,HashiCorp Terraform Associate,Reduced deployment lead time from 45 days to 4 hours by redesigning CI/CD pipeline. // Improved system uptime to 99.73% SLA through improved monitoring and alerting.,"DevOps engineer with 9 years automating infrastructure and improving deployment pipelines using Vault, GitHub Actions, Istio.",synthetic
RES-0277,Frontend Developer,9,Master's,B.Sc. Computer Science,Next.js|Vue.js|TypeScript|SASS|Responsive Design|Webpack|GraphQL|Zustand|SEO|Figma,,Implemented WCAG 2.1 AA accessibility standards across the entire application. // Developed a reusable component library with 28+ components used across 6 products. // Developed a reusable component library with 48+ components used across 6 products.,"Frontend developer with 9 years building responsive, accessible UIs with GraphQL, Responsive Design, SASS.",kaggle_anonymized
RES-0319,Frontend Developer,4,Bachelor's,B.Sc. Computer Science,Angular|Accessibility|Vue.js|Redux|Cross-browser Compatibility|CSS3|Next.js|Vite|GraphQL|Responsive Design|SASS|TailwindCSS|Adobe XD|PWA|Jest,AWS Cloud Practitioner,Implemented WCAG 2.1 AA accessibility standards across the entire application.,"Passionate frontend engineer with 4 years of hands-on experience in Responsive Design, PWA, Next.js.",synthetic
RES-0626,Data Scientist,10,Associate's,M.Sc. Statistics,Scikit-learn|Feature Engineering|TensorFlow|Machine Learning|Matplotlib|Hypothesis Testing|Power BI|Docker,AWS Machine Learning Specialty,"Built a churn prediction model with 26% accuracy, saving 47k ARR.","Analytical data scientist with 10+ years of experience in Hypothesis Testing, Docker, Machine Learning and statistical modelling.",kaggle_anonymized
RES-0733,DevOps Engineer,7,Associate's,M.Sc. Cloud Computing,Ansible|Linux|Grafana|Bash|GCP|Prometheus|GitOps|Service Mesh|Flux|Nginx|Capacity Planning|Jaeger,CKA (Kubernetes),Achieved 19% cost reduction by right-sizing cloud infrastructure on Docker. // Improved system uptime to 99.82% SLA through improved monitoring and alerting. // Improved system uptime to 99.68% SLA through improved monitoring and alerting.,"DevOps engineer with 7 years automating infrastructure and improving deployment pipelines using Bash, Nginx, Capacity Planning.",public_profile_anonymized
RES-0585,Data Scientist,8,Master's,M.Sc. Machine Learning,TensorFlow|Natural Language Processing|PyTorch|Scikit-learn|NumPy|Airflow|MLflow|Tableau|Bayesian Statistics,IBM Data Science Professional,"Built a churn prediction model with 29% accuracy, saving 16k ARR.","Analytical data scientist with 8+ years of experience in Airflow, Bayesian Statistics, Natural Language Processing and statistical modelling.",synthetic
RES-0637,Data Scientist,10,Bootcamp/Certification,M.Sc. Data Science,Statistics|TensorFlow|Seaborn|PyTorch|Machine Learning|Pandas|Data Visualisation|A/B Testing|Matplotlib|Natural Language Processing|R|SQL|Looker|dbt|MLflow|Model Deployment|Git|Tableau,AWS Machine Learning Specialty|IBM Data Science Professional,Automated ETL pipelines reducing manual data preparation by 46%.,"Data scientist with 10 years transforming raw data into actionable insights using A/B Testing, Pandas, dbt.",synthetic
RES-0783,DevOps Engineer,4,Ph.D.,B.E. Information Technology,Infrastructure as Code|Terraform|CI/CD|Monitoring|Linux|Prometheus|Grafana|AWS|OpenTelemetry|Security Hardening|Vault,,Improved system uptime to 99.94% SLA through improved monitoring and alerting.,"Infrastructure engineer with 4 years designing cloud-native platforms with Monitoring, OpenTelemetry, AWS.",synthetic
RES-0685,Data Scientist,12,Ph.D.,M.Sc. Data Science,Feature Engineering|Pandas|NumPy|Python|TensorFlow|Matplotlib|Data Visualisation|Machine Learning|PyTorch|Bayesian Statistics|Model Deployment|Experiment Tracking|dbt,Databricks Certified Associate|Google Professional Data Engineer,Developed a recommendation engine improving click-through rate by 16%.,"Machine learning practitioner with 12 years building predictive models with Bayesian Statistics, TensorFlow, NumPy.",kaggle_anonymized
RES-0321,Frontend Developer,3,Bachelor's,B.Tech Information Technology,Vue.js|Nuxt.js|Redux|TailwindCSS|Next.js|Angular|Webpack|CSS3|Vite|SEO|Cypress,Meta Front-End Developer|Google UX Design,Implemented WCAG 2.1 AA accessibility standards across the entire application. // Developed a reusable component library with 35+ components used across 6 products. // Reduced bundle size by 32% through code splitting and lazy loading.,"Frontend developer with 3 years building responsive, accessible UIs with Next.js, Vite, TailwindCSS.",synthetic
RES-0702,DevOps Engineer,1,Master's,M.Sc. Cloud Computing,Ansible|GCP|CI/CD|Jenkins|Site Reliability Engineering|Monitoring|Service Mesh|Loki|Capacity Planning|HAProxy|Istio|ELK Stack,,Achieved 36% cost reduction by right-sizing cloud infrastructure on GCP.,"Reliability-focused DevOps professional with 1+ years of experience in CI/CD, Capacity Planning, Service Mesh.",synthetic
RES-0960,Mobile Developer,4,Bootcamp/Certification,B.E. Software Engineering,Android Studio|Swift|Play Store Deployment|REST API|Java|Objective-C|Firebase|iOS|Xcode|App Store Deployment|Push Notifications|Kotlin|Accessibility|Unit Testing|Realm|GPS|Detox|Redux,AWS Mobile Developer|Apple App Development with Swift,Shipped iOS and Android apps with 22k+ downloads in first month.,"Mobile developer with 4 years building cross-platform and native apps using Java, Accessibility, Android Studio.",public_profile_anonymized
RES-0420,Full-Stack Developer,3,Bootcamp/Certification,B.Sc. Computer Science,FastAPI|TailwindCSS|GraphQL|Docker|HTML5|Node.js|Next.js|REST API|Microservices|Linux|Terraform,,Integrated third-party payment gateway handling 21k transactions/month.,"Full-stack developer with 3 years delivering end-to-end web applications using Microservices, HTML5, Terraform.",synthetic
RES-0853,Cloud Architect,4,Ph.D.,M.Sc. Computer Science,Docker|Terraform|Multi-cloud Strategy|Azure|Auto Scaling|Cost Optimisation|Serverless|AWS|Disaster Recovery|Lambda|GCP|Cloud Security|Vault|Istio|Helm|Python|Bash|CloudFormation,Google Professional Cloud Architect,"Architected serverless data pipeline processing 38M events/day. // Established cloud governance framework adopted across 6 business units. // Led cloud migration of 32-service estate to AWS, cutting TCO by 40%.","Cloud architect with 4 years designing resilient, scalable cloud platforms on Cloud Security, Vault, Helm.",kaggle_anonymized
RES-0965,Mobile Developer,1,Bachelor's,B.E. Software Engineering,iOS|Play Store Deployment|Xcode|Flutter|Java|App Store Deployment|Android|Objective-C|REST API|Dart|Fastlane|In-App Purchases|Detox|MobX,AWS Mobile Developer,Achieved 33% reduction in app cold-start time through performance profiling. // Shipped iOS and Android apps with 21k+ downloads in first month. // Shipped iOS and Android apps with 16k+ downloads in first month.,"Mobile developer with 1 years building cross-platform and native apps using Android, REST API, Dart.",kaggle_anonymized
RES-0123,Backend Developer,11,Master's,B.Tech Information Technology,GCP|Kubernetes|Rust|Python|gRPC|AWS|RabbitMQ|Apache Kafka|OAuth2|API Design,AWS Certified Developer|MongoDB Associate,"Optimised PostgreSQL query performance, cutting average response time by 55%. // Designed and maintained a high-throughput REST API serving 36k requests/day.","Backend engineer with 11 years of experience building scalable APIs and microservices using Kubernetes, AWS, API Design.",synthetic
RES-0924,Cloud Architect,6,Bachelor's,M.Sc. Cloud Computing,Azure|Docker|GCP|Cost Optimisation|IAM|Multi-cloud Strategy|AWS|Lambda|Serverless|VPC|Load Balancing|Disaster Recovery|CDK|Bash|Pulumi,Azure Solutions Architect Expert,"Architected serverless data pipeline processing 39M events/day. // Established cloud governance framework adopted across 40 business units. // Led cloud migration of 39-service estate to AWS, cutting TCO by 55%.","Senior cloud architect with 6+ years leading enterprise-scale cloud migrations using Multi-cloud Strategy, Azure, Pulumi.",synthetic
RES-0794,DevOps Engineer,12,Bachelor's,B.Sc. Computer Science,CI/CD|Infrastructure as Code|Monitoring|Site Reliability Engineering|Kubernetes|GitHub Actions|Grafana|Linux|Python|Helm|Prometheus|GCP|GitOps|Security Hardening|ELK Stack,Google Professional DevOps Engineer|CKA (Kubernetes),Improved system uptime to 99.66% SLA through improved monitoring and alerting. // Containerised 21 legacy services with Docker and orchestrated with Kubernetes.,"Infrastructure engineer with 12 years designing cloud-native platforms with CI/CD, GitOps, ELK Stack.",public_profile_anonymized
RES-0324,Frontend Developer,10,Bachelor's,Diploma in Web Development,Redux|SASS|Accessibility|React|JavaScript|TypeScript|Next.js|Nuxt.js|HTML5|D3.js|Storybook|GitHub|Web Animations,,"Rebuilt company dashboard in Angular, improving load time by 55%. // Implemented WCAG 2.1 AA accessibility standards across the entire application.","Creative UI engineer with 10+ years of experience crafting pixel-perfect interfaces using Nuxt.js, Accessibility, React.",synthetic
RES-0140,Backend Developer,2,Associate's,M.Sc. Computer Science,Microservices|Kubernetes|Elasticsearch|Ruby|Redis|Azure|Docker|AWS|MongoDB|C#|CI/CD|API Design|Unit Testing|Linux,,"Built a real-time notification service using Docker and message queues. // Optimised PostgreSQL query performance, cutting average response time by 25%.","Results-driven backend developer with 2+ years designing and maintaining distributed systems in Redis, C#, CI/CD.",kaggle_anonymized
RES-0686,Data Scientist,7,Bachelor's,B.Sc. Mathematics,PyTorch|Feature Engineering|NumPy|R|Matplotlib|Scikit-learn|Deep Learning|Python|Natural Language Processing|A/B Testing|Machine Learning|TensorFlow|Power BI|AWS SageMaker|Tableau|Hadoop|Model Deployment|dbt,AWS Machine Learning Specialty|Databricks Certified Associate,Published research on Python applied to time-series forecasting.,"Analytical data scientist with 7+ years of experience in Matplotlib, Python, dbt and statistical modelling.",kaggle_anonymized
RES-0928,Mobile Developer,6,Ph.D.,B.Tech Mobile Computing,Java|Android|Kotlin|App Store Deployment|Swift|Firebase|Dart|Fastlane|Bluetooth,Apple App Development with Swift|Google Associate Android Developer,Reduced app crash rate from 5% to 1.2% through systematic debugging. // Reduced app crash rate from 4% to 1.1% through systematic debugging.,"Experienced app engineer with 6+ years shipping production mobile apps in Java, Firebase, Swift.",public_profile_anonymized
RES-0574,Data Scientist,7,Bachelor's,M.Sc. Data Science,Jupyter|PyTorch|Python|R|A/B Testing|Feature Engineering|Seaborn|TensorFlow|Pandas|Statistics|Natural Language Processing|Deep Learning|Airflow|Azure ML|Docker|Git,AWS Machine Learning Specialty,Published research on Jupyter applied to time-series forecasting. // Published research on Statistics applied to time-series forecasting. // Developed a recommendation engine improving click-through rate by 22%.,"Data scientist with 7 years transforming raw data into actionable insights using Python, R, Git.",synthetic
RES-0205,Frontend Developer,1,Master's,B.A. Web Design,Redux|Cross-browser Compatibility|React|Nuxt.js|Zustand|Vue.js|CSS3|Node.js|Git|Chart.js|Jest,,"Implemented WCAG 2.1 AA accessibility standards across the entire application. // Rebuilt company dashboard in Vite, improving load time by 17%. // Reduced bundle size by 59% through code splitting and lazy loading.","Passionate frontend engineer with 1 years of hands-on experience in CSS3, Vue.js, Cross-browser Compatibility.",kaggle_anonymized
RES-0836,Cloud Architect,10,Ph.D.,B.Sc. Computer Science,Lambda|Terraform|Docker|Kubernetes|IAM|Cloud Security|Load Balancing|Helm|Service Mesh|FinOps,,"Established cloud governance framework adopted across 23 business units. // Led cloud migration of 44-service estate to AWS, cutting TCO by 28%.","Cloud architect with 10 years designing resilient, scalable cloud platforms on Service Mesh, FinOps, Helm.",synthetic
RES-0375,Frontend Developer,8,Associate's,Diploma in Web Development,Redux|CSS3|Zustand|REST API|Accessibility|TailwindCSS|Next.js|TypeScript|SASS|Vite|Vue.js|Responsive Design|Chart.js|Node.js|D3.js|Storybook|Adobe XD|Web Animations,Meta Front-End Developer|Google UX Design,Implemented WCAG 2.1 AA accessibility standards across the entire application. // Developed a reusable component library with 31+ components used across 3 products. // Implemented WCAG 2.1 AA accessibility standards across the entire application.,"Creative UI engineer with 8+ years of experience crafting pixel-perfect interfaces using Adobe XD, Next.js, Accessibility.",synthetic
RES-0773,DevOps Engineer,11,Bachelor's,M.Sc. Cloud Computing,Grafana|Python|Infrastructure as Code|Monitoring|Jenkins|CI/CD|Prometheus|Bash|Helm|Azure|Docker|Service Mesh|Security Hardening|Packer|GitOps|HAProxy,AWS DevOps Engineer Professional|Google Professional DevOps Engineer,Containerised 7 legacy services with Docker and orchestrated with Kubernetes. // Reduced deployment lead time from 23 days to 8 hours by redesigning CI/CD pipeline.,"Infrastructure engineer with 11 years designing cloud-native platforms with Docker, Python, Helm.",public_profile_anonymized
RES-0767,DevOps Engineer,3,Bootcamp/Certification,B.Sc. Computer Science,Monitoring|Prometheus|GCP|GitHub Actions|Infrastructure as Code|Bash|GitOps|Vagrant,,Achieved 27% cost reduction by right-sizing cloud infrastructure on Helm.,"DevOps engineer with 3 years automating infrastructure and improving deployment pipelines using Vagrant, Bash, Prometheus.",synthetic
RES-0251,Frontend Developer,4,Bootcamp/Certification,B.Tech Information Technology,TailwindCSS|Angular|SASS|Redux|Vue.js|Webpack|JavaScript|CSS3|TypeScript|Next.js|Cross-browser Compatibility|REST API|Web Animations|D3.js|Performance Optimisation|Storybook|Adobe XD|Cypress,AWS Cloud Practitioner|Google UX Design,"Developed a reusable component library with 23+ components used across 4 products. // Rebuilt company dashboard in TailwindCSS, improving load time by 53%. // Rebuilt company dashboard in TailwindCSS, improving load time by 54%.","Passionate frontend engineer with 4 years of hands-on experience in SASS, Angular, Vue.js.",synthetic
RES-0670,Data Scientist,7,Bachelor's,M.Sc. Statistics,Data Visualisation|Feature Engineering|Seaborn|PyTorch|Python|Azure ML|Tableau|Bayesian Statistics|Git,,"Automated ETL pipelines reducing manual data preparation by 51%. // Automated ETL pipelines reducing manual data preparation by 58%. // Built a churn prediction model with 22% accuracy, saving 22k ARR.","Machine learning practitioner with 7 years building predictive models with Git, Tableau, PyTorch.",synthetic
RES-0449,Full-Stack Developer,2,Bachelor's,B.Sc. Computer Science,Node.js|HTML5|GraphQL|Next.js|JavaScript|TypeScript|Python|AWS|Docker|CI/CD|Git|PostgreSQL|Jest|JWT|Microservices,AWS Certified Developer,Integrated third-party payment gateway handling 12k transactions/month. // Integrated third-party payment gateway handling 33k transactions/month. // Integrated third-party payment gateway handling 35k transactions/month.,"Versatile engineer comfortable across the stack with 2 years of experience in JavaScript, Next.js, CI/CD.",synthetic
RES-0937,Mobile Developer,2,Ph.D.,B.E. Software Engineering,GraphQL|Objective-C|App Store Deployment|Java|Android Studio|Offline Support|Fastlane,Apple App Development with Swift,"Shipped iOS and Android apps with 7k+ downloads in first month. // Integrated offline-first architecture, improving UX in low-connectivity regions. // Reduced app crash rate from 8% to 0.7% through systematic debugging.","Experienced app engineer with 2+ years shipping production mobile apps in Java, Fastlane, Offline Support.",public_profile_anonymized
RES-0435,Full-Stack Developer,11,Bootcamp/Certification,B.E. Software Engineering,Docker|TypeScript|CI/CD|MongoDB|Python|AWS|CSS3|TailwindCSS|Express.js|JavaScript|React|FastAPI|Kubernetes|Jest|pytest|Linux,AWS Certified Developer,Built an internal tooling dashboard serving 15+ engineering teams. // Delivered a full-stack SaaS platform from design to production in 16 months.,"Versatile engineer comfortable across the stack with 11 years of experience in FastAPI, Jest, TailwindCSS.",synthetic
RES-0886,Cloud Architect,4,Ph.D.,M.Sc. Computer Science,Cost Optimisation|Disaster Recovery|Load Balancing|Auto Scaling|Serverless|AWS|Lambda|Zero-Trust Security|Pulumi|Bash|Ansible,,"Designed a multi-region, active-active architecture with 99.58% availability SLA.","Senior cloud architect with 4+ years leading enterprise-scale cloud migrations using Cost Optimisation, Serverless, Load Balancing.",synthetic
RES-0663,Data Scientist,3,Master's,M.Sc. Data Science,SQL|Pandas|A/B Testing|R|NumPy|Statistics|Data Visualisation|Matplotlib|PyTorch|Deep Learning|TensorFlow|MLflow|Docker|AWS SageMaker,,"Published research on Matplotlib applied to time-series forecasting. // Published research on Pandas applied to time-series forecasting. // Built a churn prediction model with 53% accuracy, saving 45k ARR.","Data scientist with 3 years transforming raw data into actionable insights using Pandas, AWS SageMaker, R.",synthetic
RES-0168,Backend Developer,5,Ph.D.,B.Tech Information Technology,C#|Django|Go|Python|Elasticsearch|MongoDB|MySQL|Nginx|Linux,AWS Certified Developer,"Built a real-time notification service using MongoDB and message queues. // Optimised PostgreSQL query performance, cutting average response time by 16%. // Designed and maintained a high-throughput REST API serving 7k requests/day.","Results-driven backend developer with 5+ years designing and maintaining distributed systems in Nginx, MongoDB, Go.",synthetic
RES-0272,Frontend Developer,11,Ph.D.,B.Sc. Computer Science,Nuxt.js|Zustand|Vite|Accessibility|TypeScript|Vue.js|REST API|Storybook|Chart.js,Meta Front-End Developer|AWS Cloud Practitioner,Implemented WCAG 2.1 AA accessibility standards across the entire application. // Developed a reusable component library with 41+ components used across 4 products. // Developed a reusable component library with 44+ components used across 8 products.,"Passionate frontend engineer with 11 years of hands-on experience in Vite, Accessibility, REST API.",public_profile_anonymized
RES-0317,Frontend Developer,4,Master's,B.Sc. Computer Science,HTML5|GraphQL|Vite|CSS3|Angular|Next.js|React|Nuxt.js|Figma|Jest,Google UX Design,"Rebuilt company dashboard in Vite, improving load time by 58%. // Reduced bundle size by 51% through code splitting and lazy loading. // Developed a reusable component library with 6+ components used across 9 products.","Frontend developer with 4 years building responsive, accessible UIs with Figma, Angular, GraphQL.",synthetic
RES-0692,Data Scientist,7,Associate's,M.Sc. Statistics,PyTorch|Python|Machine Learning|NumPy|Deep Learning|Natural Language Processing|A/B Testing|Pandas|Scikit-learn|Matplotlib|Data Visualisation|Power BI|GCP Vertex AI|Tableau|Airflow|Looker|Git,AWS Machine Learning Specialty|IBM Data Science Professional,Developed a recommendation engine improving click-through rate by 40%. // Developed a recommendation engine improving click-through rate by 36%.,"Machine learning practitioner with 7 years building predictive models with Natural Language Processing, Pandas, NumPy.",synthetic
RES-0078,Backend Developer,6,Ph.D.,B.Sc. Computer Science,Microservices|gRPC|Elasticsearch|C#|Kubernetes|AWS|Spring Boot|ORM|Redis|Java|CI/CD|Apache Kafka|Nginx,,"Led migration of monolith to microservices, reducing deployment time by 41%. // Optimised PostgreSQL query performance, cutting average response time by 59%.","Experienced server-side developer specialising in Kubernetes, Elasticsearch, Apache Kafka with 6 years of professional experience.",synthetic
RES-0181,Backend Developer,1,Bootcamp/Certification,M.Sc. Computer Science,Express.js|Node.js|SQL|GCP|REST API|Nginx|JWT,MongoDB Associate|AWS Certified Developer,"Led migration of monolith to microservices, reducing deployment time by 24%. // Designed and maintained a high-throughput REST API serving 17k requests/day. // Designed and maintained a high-throughput REST API serving 31k requests/day.","Results-driven backend developer with 1+ years designing and maintaining distributed systems in JWT, REST API, Node.js.",synthetic
RES-0132,Backend Developer,1,Bootcamp/Certification,B.Tech Information Technology,Docker|Ruby|AWS|SQL|Express.js|GraphQL|NestJS|Go|Rust|GCP|Redis|Terraform|OAuth2|Linux|GitHub Actions,Oracle Java SE|MongoDB Associate,"Optimised PostgreSQL query performance, cutting average response time by 45%.","Experienced server-side developer specialising in GCP, GraphQL, OAuth2 with 1 years of professional experience.",kaggle_anonymized
RES-0893,Cloud Architect,5,Master's,M.B.A. Technology Management,Kubernetes|Cloud Security|Cost Optimisation|Azure|Docker|High Availability|Helm|Istio|Python|SOC 2|ArgoCD,Google Professional Cloud Architect|TOGAF 9,"Established cloud governance framework adopted across 32 business units. // Designed a multi-region, active-active architecture with 99.74% availability SLA. // Designed a multi-region, active-active architecture with 99.8% availability SLA.","Solutions architect with 5 years architecting multi-cloud environments with Cloud Security, Azure, Kubernetes.",synthetic
RES-0370,Frontend Developer,1,Associate's,Diploma in Web Development,REST API|JavaScript|Zustand|React|Cross-browser Compatibility|GraphQL|Redux|Git|Jest|GitHub,,Reduced bundle size by 20% through code splitting and lazy loading.,"Frontend developer with 1 years building responsive, accessible UIs with Zustand, React, JavaScript.",kaggle_anonymized
RES-0034,Backend Developer,11,Ph.D.,B.Sc. Computer Science,ORM|PostgreSQL|Elasticsearch|GraphQL|Django|Node.js|Nginx|Jenkins|OAuth2|API Design,Oracle Java SE|MongoDB Associate,"Optimised PostgreSQL query performance, cutting average response time by 22%.","Results-driven backend developer with 11+ years designing and maintaining distributed systems in ORM, API Design, Node.js.",synthetic
RES-0803,DevOps Engineer,4,Master's,B.Sc. Computer Science,Terraform|GCP|Azure|Linux|Python|Kubernetes|Bash|Ansible|Jenkins|Istio|OpenTelemetry,Google Professional DevOps Engineer|CKA (Kubernetes),Containerised 42 legacy services with Docker and orchestrated with Kubernetes.,"Reliability-focused DevOps professional with 4+ years of experience in Ansible, Istio, Bash.",kaggle_anonymized
RES-0055,Backend Developer,4,Bachelor's,B.Sc. Computer Science,ORM|Express.js|Redis|GCP|Microservices|Ruby|C#|Linux|Jenkins|OAuth2|Terraform|JWT,MongoDB Associate,"Led migration of monolith to microservices, reducing deployment time by 18%. // Optimised PostgreSQL query performance, cutting average response time by 15%.","Experienced server-side developer specialising in C#, Ruby, ORM with 4 years of professional experience.",kaggle_anonymized
RES-0209,Frontend Developer,4,Bachelor's,B.Tech Information Technology,Accessibility|Vite|JavaScript|Cross-browser Compatibility|SASS|TailwindCSS|Figma|Performance Optimisation,AWS Cloud Practitioner,Reduced bundle size by 42% through code splitting and lazy loading. // Reduced bundle size by 52% through code splitting and lazy loading. // Implemented WCAG 2.1 AA accessibility standards across the entire application.,"Creative UI engineer with 4+ years of experience crafting pixel-perfect interfaces using Performance Optimisation, TailwindCSS, JavaScript.",synthetic
RES-0598,Data Scientist,2,Bachelor's,M.Sc. Statistics,NumPy|Feature Engineering|Matplotlib|Python|Machine Learning|TensorFlow|Natural Language Processing|A/B Testing|Data Visualisation|Pandas|Tableau|Hadoop|Git|Azure ML,,"Built a churn prediction model with 43% accuracy, saving 48k ARR.","Data scientist with 2 years transforming raw data into actionable insights using NumPy, Azure ML, Hadoop.",kaggle_anonymized
RES-0666,Data Scientist,8,Bachelor's,B.Sc. Mathematics,NumPy|Jupyter|Feature Engineering|Python|Pandas|Model Deployment|Looker,AWS Machine Learning Specialty,"Built a churn prediction model with 23% accuracy, saving 25k ARR. // Automated ETL pipelines reducing manual data preparation by 52%.","Machine learning practitioner with 8 years building predictive models with NumPy, Jupyter, Looker.",synthetic
RES-0412,Full-Stack Developer,8,Associate's,B.E. Software Engineering,Redis|Python|JavaScript|React|CSS3|AWS|HTML5|Express.js|TypeScript|GitHub Actions,,Built an internal tooling dashboard serving 15+ engineering teams.,"Full-stack engineer with 8+ years building and shipping products with Redis, CSS3, GitHub Actions.",synthetic
RES-0755,DevOps Engineer,7,Bootcamp/Certification,M.Sc. Cloud Computing,GitHub Actions|Monitoring|GCP|Infrastructure as Code|Grafana|Bash|Service Mesh|ArgoCD|ELK Stack|Istio|Nginx,AWS DevOps Engineer Professional,Improved system uptime to 99.63% SLA through improved monitoring and alerting. // Reduced deployment lead time from 13 days to 2 hours by redesigning CI/CD pipeline.,"Infrastructure engineer with 7 years designing cloud-native platforms with ArgoCD, ELK Stack, GitHub Actions.",synthetic
RES-0254,Frontend Developer,7,Master's,Diploma in Web Development,Angular|Next.js|Responsive Design|TypeScript|HTML5|Vite|CSS3|TailwindCSS|REST API|Zustand|Redux|CI/CD|Performance Optimisation|GitHub|Cypress|Node.js,,Developed a reusable component library with 2+ components used across 2 products.,"Creative UI engineer with 7+ years of experience crafting pixel-perfect interfaces using CI/CD, CSS3, TailwindCSS.",synthetic
RES-0105,Backend Developer,1,Bootcamp/Certification,B.Sc. Computer Science,Microservices|Redis|Azure|Ruby|FastAPI|Docker|ORM|Terraform|Unit Testing|GitHub Actions,AWS Certified Developer|Oracle Java SE,"Led migration of monolith to microservices, reducing deployment time by 29%.","Results-driven backend developer with 1+ years designing and maintaining distributed systems in FastAPI, ORM, Unit Testing.",synthetic
RES-0501,Full-Stack Developer,4,Bachelor's,B.Sc. Computer Science,HTML5|React|Node.js|TailwindCSS|Docker|MongoDB|FastAPI|Terraform|GitHub Actions|Nginx|JWT|Microservices,,Shipped end-to-end feature that increased user retention by 57%.,"Full-stack engineer with 4+ years building and shipping products with JWT, Docker, Nginx.",synthetic
RES-0012,Backend Developer,7,Ph.D.,B.Tech Information Technology,Django|C#|SQL|AWS|Go|REST API|Node.js|PostgreSQL|Nginx|OAuth2|Jenkins,,Designed and maintained a high-throughput REST API serving 44k requests/day.,"Experienced server-side developer specialising in REST API, Nginx, Node.js with 7 years of professional experience.",public_profile_anonymized
RES-0389,Full-Stack Developer,1,Master's,B.Tech Computer Engineering,Next.js|MongoDB|JavaScript|AWS|React|JWT|Agile|Nginx,,Shipped end-to-end feature that increased user retention by 24%. // Built an internal tooling dashboard serving 15+ engineering teams.,"Versatile engineer comfortable across the stack with 1 years of experience in AWS, Agile, Nginx.",synthetic
RES-0029,Backend Developer,10,Bachelor's,M.Sc. Computer Science,Docker|Java|Express.js|Kubernetes|MongoDB|REST API|ORM|Message Queues|PostgreSQL|Azure|Node.js|Apache Kafka|Nginx|Unit Testing|JWT|Terraform|OAuth2,,"Designed and maintained a high-throughput REST API serving 30k requests/day. // Designed and maintained a high-throughput REST API serving 20k requests/day. // Led migration of monolith to microservices, reducing deployment time by 20%.","Experienced server-side developer specialising in MongoDB, Message Queues, Terraform with 10 years of professional experience.",synthetic
RES-0141,Backend Developer,5,Bachelor's,B.E. Software Engineering,Azure|Microservices|NestJS|GCP|Redis|MySQL|gRPC|GraphQL|C#|Docker|Python|Rust|Unit Testing|Terraform|pytest,,Designed and maintained a high-throughput REST API serving 8k requests/day. // Designed and maintained a high-throughput REST API serving 8k requests/day.,"Experienced server-side developer specialising in GCP, pytest, Rust with 5 years of professional experience.",synthetic
RES-0656,Data Scientist,6,Bachelor's,Ph.D. Computer Science,Statistics|Scikit-learn|NumPy|Pandas|Jupyter|TensorFlow|Data Visualisation|Feature Engineering|Natural Language Processing|Matplotlib|SQL|Git|Tableau|Hypothesis Testing|Model Deployment|Power BI,,Automated ETL pipelines reducing manual data preparation by 18%.,"Data scientist with 6 years transforming raw data into actionable insights using SQL, Pandas, Matplotlib.",public_profile_anonymized
RES-0028,Backend Developer,7,Bachelor's,B.E. Software Engineering,Microservices|Azure|GraphQL|Node.js|Express.js|GCP|PostgreSQL|REST API|Unit Testing|JWT|API Design|Celery|Jenkins,MongoDB Associate|Oracle Java SE,"Optimised PostgreSQL query performance, cutting average response time by 44%.","Backend engineer with 7 years of experience building scalable APIs and microservices using Azure, REST API, Express.js.",synthetic
RES-0923,Cloud Architect,7,Master's,B.Sc. Computer Science,Kubernetes|Cloud Security|Terraform|Lambda|Azure|GCP|Ansible|Compliance|CloudFormation,Azure Solutions Architect Expert|AWS Solutions Architect Professional,"Led cloud migration of 15-service estate to AWS, cutting TCO by 58%. // Established cloud governance framework adopted across 26 business units. // Led cloud migration of 6-service estate to AWS, cutting TCO by 41%.","Cloud architect with 7 years designing resilient, scalable cloud platforms on Ansible, GCP, Kubernetes.",kaggle_anonymized
RES-0943,Mobile Developer,5,Bootcamp/Certification,B.Tech Mobile Computing,React Native|Objective-C|App Store Deployment|GraphQL|Android|iOS|Java|Play Store Deployment|Push Notifications|Xcode|MobX|Redux|Bluetooth|Analytics,AWS Mobile Developer,Reduced app crash rate from 6% to 0.9% through systematic debugging.,"Mobile developer with 5 years building cross-platform and native apps using Redux, Android, React Native.",kaggle_anonymized
RES-0857,Cloud Architect,4,Bachelor's,M.Sc. Cloud Computing,AWS|Multi-cloud Strategy|Disaster Recovery|High Availability|Cloud Security|FinOps|CDK|Zero-Trust Security,Google Professional Cloud Architect|AWS Solutions Architect Professional,"Designed a multi-region, active-active architecture with 99.81% availability SLA. // Architected serverless data pipeline processing 23M events/day. // Led cloud migration of 40-service estate to AWS, cutting TCO by 41%.","Solutions architect with 4 years architecting multi-cloud environments with CDK, Zero-Trust Security, Cloud Security.",kaggle_anonymized
RES-0607,Data Scientist,4,Bachelor's,M.Sc. Data Science,A/B Testing|Seaborn|R|NumPy|Python|TensorFlow|Data Visualisation|Pandas|Statistics|Jupyter|Natural Language Processing|Feature Engineering|Docker|Hypothesis Testing|Azure ML|Power BI|GCP Vertex AI|Spark,IBM Data Science Professional|Databricks Certified Associate,Developed a recommendation engine improving click-through rate by 21%.,"Data scientist with 4 years transforming raw data into actionable insights using GCP Vertex AI, R, Natural Language Processing.",synthetic
RES-0117,Backend Developer,2,Bachelor's,B.Sc. Computer Science,Elasticsearch|Ruby|Microservices|Go|REST API|ORM|gRPC|GCP|Express.js|JWT|GitHub Actions,Oracle Java SE,"Led migration of monolith to microservices, reducing deployment time by 48%. // Optimised PostgreSQL query performance, cutting average response time by 59%. // Optimised PostgreSQL query performance, cutting average response time by 47%.","Backend engineer with 2 years of experience building scalable APIs and microservices using REST API, gRPC, ORM.",synthetic
RES-0069,Backend Developer,4,Master's,M.Sc. Computer Science,Redis|ORM|FastAPI|PostgreSQL|MongoDB|Docker|Kubernetes|Express.js|Django|SQL|Elasticsearch|Celery|pytest|JWT|CI/CD|API Design,,"Designed and maintained a high-throughput REST API serving 35k requests/day. // Led migration of monolith to microservices, reducing deployment time by 15%. // Optimised PostgreSQL query performance, cutting average response time by 16%.","Results-driven backend developer with 4+ years designing and maintaining distributed systems in Django, API Design, MongoDB.",synthetic
RES-0653,Data Scientist,3,Master's,B.Sc. Mathematics,A/B Testing|R|Statistics|Matplotlib|Python|GCP Vertex AI|Git|Spark,,Automated ETL pipelines reducing manual data preparation by 28%. // Automated ETL pipelines reducing manual data preparation by 58%. // Automated ETL pipelines reducing manual data preparation by 34%.,"Machine learning practitioner with 3 years building predictive models with A/B Testing, Python, Spark.",synthetic
RES-0112,Backend Developer,4,Bachelor's,B.Sc. Computer Science,ORM|MySQL|Ruby|NestJS|AWS|GraphQL|Spring Boot|C#|Node.js|Jenkins|Nginx|pytest|API Design|CI/CD|OAuth2,AWS Certified Developer|MongoDB Associate,"Optimised PostgreSQL query performance, cutting average response time by 47%. // Led migration of monolith to microservices, reducing deployment time by 31%. // Designed and maintained a high-throughput REST API serving 20k requests/day.","Backend engineer with 4 years of experience building scalable APIs and microservices using ORM, CI/CD, Ruby.",synthetic
RES-0265,Frontend Developer,12,Bachelor's,B.Sc. Computer Science,React|Responsive Design|REST API|Nuxt.js|JavaScript|Cross-browser Compatibility|Angular|Figma|SEO|Storybook|Cypress|CI/CD|Adobe XD,,Implemented WCAG 2.1 AA accessibility standards across the entire application. // Implemented WCAG 2.1 AA accessibility standards across the entire application. // Implemented WCAG 2.1 AA accessibility standards across the entire application.,"Frontend developer with 12 years building responsive, accessible UIs with React, Nuxt.js, REST API.",synthetic
RES-0345,Frontend Developer,12,Ph.D.,Diploma in Web Development,Next.js|CSS3|TypeScript|Cross-browser Compatibility|Vue.js|Accessibility|Redux|Responsive Design|Adobe XD|Storybook|Performance Optimisation,,Implemented WCAG 2.1 AA accessibility standards across the entire application.,"Creative UI engineer with 12+ years of experience crafting pixel-perfect interfaces using Storybook, Accessibility, Performance Optimisation.",public_profile_anonymized
RES-0842,Cloud Architect,8,Bachelor's,M.Sc. Computer Science,VPC|High Availability|Cloud Security|AWS|IAM|GDPR|Helm|Ansible|SOC 2,AWS Solutions Architect Professional,Architected serverless data pipeline processing 35M events/day. // Architected serverless data pipeline processing 19M events/day.,"Solutions architect with 8 years architecting multi-cloud environments with Ansible, IAM, Helm.",synthetic
RES-0075,Backend Developer,3,Bootcamp/Certification,B.Sc. Computer Science,FastAPI|Django|Kubernetes|Rust|AWS|GraphQL|REST API|Java|gRPC|Jenkins|Bash|GitHub Actions|Linux|pytest|JWT,MongoDB Associate,"Designed and maintained a high-throughput REST API serving 8k requests/day. // Optimised PostgreSQL query performance, cutting average response time by 42%. // Led migration of monolith to microservices, reducing deployment time by 40%.","Backend engineer with 3 years of experience building scalable APIs and microservices using GraphQL, FastAPI, Java.",synthetic
RES-0127,Backend Developer,11,Bachelor's,B.E. Software Engineering,Azure|MySQL|Rust|gRPC|C#|Message Queues|Redis|Unit Testing|OAuth2|Celery|pytest|Jenkins|CI/CD,AWS Certified Developer,Built a real-time notification service using NestJS and message queues.,"Experienced server-side developer specialising in Unit Testing, CI/CD, Azure with 11 years of professional experience.",synthetic
RES-0211,Frontend Developer,5,Ph.D.,B.Sc. Computer Science,Webpack|Cross-browser Compatibility|GraphQL|Nuxt.js|Responsive Design|REST API|D3.js|Storybook,Google UX Design,"Implemented WCAG 2.1 AA accessibility standards across the entire application. // Rebuilt company dashboard in HTML5, improving load time by 55%. // Developed a reusable component library with 35+ components used across 4 products.","Creative UI engineer with 5+ years of experience crafting pixel-perfect interfaces using GraphQL, Storybook, Cross-browser Compatibility.",public_profile_anonymized
RES-0989,Mobile Developer,11,Associate's,Diploma in Mobile App Development,Android Studio|Objective-C|iOS|REST API|App Store Deployment|Firebase|React Native|Android|Offline Support|Fastlane,Google Associate Android Developer,"Integrated offline-first architecture, improving UX in low-connectivity regions. // Reduced app crash rate from 7% to 0.7% through systematic debugging. // Shipped iOS and Android apps with 17k+ downloads in first month.","Mobile engineer with 11 years crafting performant iOS and Android experiences with App Store Deployment, Firebase, Fastlane.",synthetic
RES-0688,Data Scientist,8,Associate's,M.Sc. Statistics,Data Visualisation|Machine Learning|SQL|Scikit-learn|PyTorch|Python|Airflow|Experiment Tracking|dbt|Bayesian Statistics|Model Deployment|Hypothesis Testing,AWS Machine Learning Specialty,"Automated ETL pipelines reducing manual data preparation by 43%. // Built a churn prediction model with 40% accuracy, saving 45k ARR. // Developed a recommendation engine improving click-through rate by 55%.","Data scientist with 8 years transforming raw data into actionable insights using SQL, Bayesian Statistics, dbt.",public_profile_anonymized
RES-0665,Data Scientist,2,Master's,M.Sc. Statistics,Machine Learning|PyTorch|Jupyter|Data Visualisation|R|Feature Engineering|Natural Language Processing|Pandas|Deep Learning|Statistics|NumPy|Scikit-learn|Model Deployment|Docker|AWS SageMaker|Hypothesis Testing|Power BI,Databricks Certified Associate,Automated ETL pipelines reducing manual data preparation by 23%.,"Data scientist with 2 years transforming raw data into actionable insights using R, Scikit-learn, Pandas.",public_profile_anonymized
RES-0897,Cloud Architect,1,Master's,B.Sc. Computer Science,Terraform|Load Balancing|IAM|Lambda|AWS|Serverless|VPC|Cloud Security|GCP|Kubernetes|Docker|Auto Scaling|GDPR|Pulumi|CDK|Istio|Service Mesh|FinOps,Azure Solutions Architect Expert,"Architected serverless data pipeline processing 20M events/day. // Designed a multi-region, active-active architecture with 99.78% availability SLA. // Designed a multi-region, active-active architecture with 99.68% availability SLA.","Solutions architect with 1 years architecting multi-cloud environments with GCP, Auto Scaling, Docker.",synthetic
RES-0094,Backend Developer,10,Bootcamp/Certification,B.E. Software Engineering,Docker|Spring Boot|PostgreSQL|GraphQL|MongoDB|ORM|Node.js|Java|GitHub Actions|Celery|API Design|Nginx,MongoDB Associate|AWS Certified Developer,Built a real-time notification service using REST API and message queues. // Built a real-time notification service using Azure and message queues.,"Experienced server-side developer specialising in Docker, Java, GitHub Actions with 10 years of professional experience.",synthetic
RES-0323,Frontend Developer,9,Ph.D.,Diploma in Web Development,Next.js|Vue.js|Responsive Design|Redux|React|Web Animations|Node.js|Adobe XD|Performance Optimisation|Figma|Jest,AWS Cloud Practitioner,"Rebuilt company dashboard in Responsive Design, improving load time by 39%. // Reduced bundle size by 31% through code splitting and lazy loading. // Developed a reusable component library with 2+ components used across 6 products.","Creative UI engineer with 9+ years of experience crafting pixel-perfect interfaces using Web Animations, Figma, Node.js.",synthetic
RES-0142,Backend Developer,8,Bootcamp/Certification,B.Tech Information Technology,Rust|MySQL|ORM|C#|Python|Node.js|Kubernetes|OAuth2|CI/CD|Jenkins|JWT,Oracle Java SE|AWS Certified Developer,"Led migration of monolith to microservices, reducing deployment time by 55%. // Built a real-time notification service using NestJS and message queues. // Optimised PostgreSQL query performance, cutting average response time by 34%.","Backend engineer with 8 years of experience building scalable APIs and microservices using Node.js, Python, OAuth2.",public_profile_anonymized
RES-0390,Full-Stack Developer,10,Bachelor's,B.E. Software Engineering,Next.js|Node.js|FastAPI|TypeScript|Redis|JWT|Terraform,AWS Certified Developer,Built an internal tooling dashboard serving 12+ engineering teams.,"Versatile engineer comfortable across the stack with 10 years of experience in FastAPI, Redis, Terraform.",synthetic
RES-0216,Frontend Developer,12,Bootcamp/Certification,B.Sc. Computer Science,REST API|Webpack|JavaScript|TypeScript|Responsive Design|HTML5|Vue.js|Accessibility|Vite|Angular|Nuxt.js|SASS|Performance Optimisation|SEO|Chart.js|Figma,AWS Cloud Practitioner|Meta Front-End Developer,"Rebuilt company dashboard in JavaScript, improving load time by 58%. // Reduced bundle size by 35% through code splitting and lazy loading.","Creative UI engineer with 12+ years of experience crafting pixel-perfect interfaces using Vite, Angular, Nuxt.js.",synthetic
RES-0339,Frontend Developer,11,Master's,B.A. Web Design,TypeScript|Next.js|Vite|CSS3|Redux|SASS|Accessibility|GitHub|Chart.js|Figma|Node.js,AWS Cloud Practitioner|Google UX Design,Implemented WCAG 2.1 AA accessibility standards across the entire application.,"Passionate frontend engineer with 11 years of hands-on experience in CSS3, Node.js, Next.js.",public_profile_anonymized
RES-0706,DevOps Engineer,1,Bootcamp/Certification,M.Sc. Cloud Computing,Docker|Prometheus|GCP|Infrastructure as Code|Terraform|Grafana|Site Reliability Engineering|Azure|ArgoCD|Service Mesh|Vault,AWS DevOps Engineer Professional,Achieved 51% cost reduction by right-sizing cloud infrastructure on Jenkins. // Containerised 14 legacy services with Docker and orchestrated with Kubernetes. // Achieved 37% cost reduction by right-sizing cloud infrastructure on Ansible.,"Reliability-focused DevOps professional with 1+ years of experience in GCP, Service Mesh, Terraform.",synthetic
RES-0801,DevOps Engineer,2,Ph.D.,B.Tech Computer Engineering,Bash|Monitoring|Ansible|CI/CD|Linux|Azure|GitHub Actions|Jenkins|Python|Nginx|Service Mesh|OpenTelemetry,HashiCorp Terraform Associate|AWS DevOps Engineer Professional,Achieved 38% cost reduction by right-sizing cloud infrastructure on Monitoring. // Reduced deployment lead time from 14 days to 8 hours by redesigning CI/CD pipeline. // Reduced deployment lead time from 50 days to 3 hours by redesigning CI/CD pipeline.,"Infrastructure engineer with 2 years designing cloud-native platforms with Linux, Nginx, Bash.",kaggle_anonymized
RES-0814,DevOps Engineer,2,Associate's,B.E. Information Technology,Kubernetes|Prometheus|Infrastructure as Code|Bash|Helm|Azure|Nginx|Packer|Loki|ELK Stack,Google Professional DevOps Engineer|AWS DevOps Engineer Professional,Containerised 45 legacy services with Docker and orchestrated with Kubernetes.,"DevOps engineer with 2 years automating infrastructure and improving deployment pipelines using ELK Stack, Kubernetes, Helm.",kaggle_anonymized
RES-0833,Cloud Architect,7,Ph.D.,M.Sc. Computer Science,Serverless|Docker|Multi-cloud Strategy|Cloud Security|Azure|IAM|AWS|Load Balancing|Lambda|High Availability|CloudFormation|Helm|Service Mesh|Zero-Trust Security|Enterprise Architecture,,"Designed a multi-region, active-active architecture with 99.73% availability SLA. // Led cloud migration of 36-service estate to AWS, cutting TCO by 18%. // Established cloud governance framework adopted across 8 business units.","Cloud architect with 7 years designing resilient, scalable cloud platforms on Azure, AWS, Load Balancing.",synthetic
RES-0030,Backend Developer,8,Ph.D.,M.Sc. Computer Science,Kubernetes|Python|SQL|gRPC|Spring Boot|Message Queues|MongoDB|C#|Java|CI/CD|Bash|Terraform|Unit Testing|GitHub Actions,AWS Certified Developer,"Optimised PostgreSQL query performance, cutting average response time by 39%. // Built a real-time notification service using GCP and message queues.","Backend engineer with 8 years of experience building scalable APIs and microservices using CI/CD, Terraform, C#.",synthetic
RES-0304,Frontend Developer,3,Ph.D.,Diploma in Web Development,JavaScript|Cross-browser Compatibility|TailwindCSS|React|REST API|Angular|TypeScript|Vite|Responsive Design|Nuxt.js|SASS|Redux|Adobe XD|Cypress|CI/CD|D3.js,,Reduced bundle size by 47% through code splitting and lazy loading.,"Frontend developer with 3 years building responsive, accessible UIs with Adobe XD, Redux, TypeScript.",synthetic
RES-0481,Full-Stack Developer,12,Master's,M.Sc. Software Engineering,React|GraphQL|Next.js|TailwindCSS|REST API|HTML5|Redis|AWS|Git|JWT|Terraform,AWS Certified Developer|Meta Front-End Developer,Built an internal tooling dashboard serving 18+ engineering teams. // Built an internal tooling dashboard serving 41+ engineering teams.,"Full-stack engineer with 12+ years building and shipping products with JWT, REST API, Redis.",synthetic
RES-0700,Data Scientist,8,Ph.D.,Ph.D. Computer Science,Matplotlib|Python|Statistics|A/B Testing|NumPy|Power BI|Looker|Git|Model Deployment|Experiment Tracking|Hadoop,,Developed a recommendation engine improving click-through rate by 17%. // Published research on Statistics applied to time-series forecasting. // Developed a recommendation engine improving click-through rate by 21%.,"Analytical data scientist with 8+ years of experience in Matplotlib, Python, Power BI and statistical modelling.",synthetic
RES-0826,Cloud Architect,10,Bootcamp/Certification,M.Sc. Computer Science,Multi-cloud Strategy|Load Balancing|VPC|IAM|Auto Scaling|Kubernetes|Cloud Security|Serverless|CloudFormation|CDK|Zero-Trust Security,TOGAF 9|Azure Solutions Architect Expert,"Architected serverless data pipeline processing 7M events/day. // Designed a multi-region, active-active architecture with 99.7% availability SLA.","Cloud architect with 10 years designing resilient, scalable cloud platforms on IAM, VPC, Multi-cloud Strategy.",public_profile_anonymized
RES-0391,Full-Stack Developer,2,Associate's,B.E. Software Engineering,MongoDB|Python|TailwindCSS|HTML5|Git|CI/CD|Docker|React|Redis|GraphQL|Node.js|pytest|Kubernetes,,Delivered a full-stack SaaS platform from design to production in 17 months. // Delivered a full-stack SaaS platform from design to production in 44 months. // Integrated third-party payment gateway handling 23k transactions/month.,"Versatile engineer comfortable across the stack with 2 years of experience in Docker, TailwindCSS, Git.",public_profile_anonymized
RES-0910,Cloud Architect,3,Associate's,M.B.A. Technology Management,Docker|Lambda|Azure|Multi-cloud Strategy|VPC|ArgoCD|Pulumi|FinOps,Google Professional Cloud Architect,Architected serverless data pipeline processing 16M events/day. // Established cloud governance framework adopted across 50 business units.,"Cloud architect with 3 years designing resilient, scalable cloud platforms on Azure, FinOps, Multi-cloud Strategy.",kaggle_anonymized
RES-0363,Frontend Developer,8,Ph.D.,B.Tech Information Technology,Nuxt.js|Vite|Webpack|Accessibility|Next.js|Cross-browser Compatibility|TypeScript|D3.js|CI/CD|Figma|Node.js,Google UX Design|Meta Front-End Developer,Reduced bundle size by 47% through code splitting and lazy loading.,"Passionate frontend engineer with 8 years of hands-on experience in Next.js, Vite, D3.js.",synthetic
RES-0159,Backend Developer,8,Master's,B.E. Software Engineering,C#|Microservices|REST API|PostgreSQL|SQL|Rust|Message Queues|Ruby|FastAPI|Node.js|JWT|RabbitMQ|Terraform|GitHub Actions|Nginx,,"Optimised PostgreSQL query performance, cutting average response time by 59%.","Experienced server-side developer specialising in Terraform, C#, Node.js with 8 years of professional experience.",kaggle_anonymized
RES-0864,Cloud Architect,6,Bootcamp/Certification,M.B.A. Technology Management,Serverless|AWS|Cost Optimisation|High Availability|Auto Scaling|Kubernetes|Zero-Trust Security|Python|Pulumi,AWS Solutions Architect Professional|Google Professional Cloud Architect,Architected serverless data pipeline processing 25M events/day. // Established cloud governance framework adopted across 28 business units. // Established cloud governance framework adopted across 45 business units.,"Solutions architect with 6 years architecting multi-cloud environments with Python, Pulumi, High Availability.",synthetic
RES-0747,DevOps Engineer,11,Ph.D.,B.Sc. Computer Science,Python|Prometheus|CI/CD|Kubernetes|Linux|GCP|Grafana|Azure|Ansible|AWS|OpenTelemetry|Packer|Service Mesh|Vault,Google Professional DevOps Engineer,Containerised 37 legacy services with Docker and orchestrated with Kubernetes. // Improved system uptime to 99.61% SLA through improved monitoring and alerting. // Containerised 42 legacy services with Docker and orchestrated with Kubernetes.,"Infrastructure engineer with 11 years designing cloud-native platforms with GCP, Kubernetes, CI/CD.",synthetic
RES-0203,Frontend Developer,2,Ph.D.,B.A. Web Design,Webpack|Cross-browser Compatibility|TailwindCSS|TypeScript|React|Vue.js|Redux|Accessibility|REST API|SEO|Jest|Storybook|Git|Performance Optimisation,AWS Cloud Practitioner,"Rebuilt company dashboard in CSS3, improving load time by 57%. // Implemented WCAG 2.1 AA accessibility standards across the entire application. // Rebuilt company dashboard in Zustand, improving load time by 42%.","Creative UI engineer with 2+ years of experience crafting pixel-perfect interfaces using Accessibility, Webpack, Git.",synthetic
RES-0998,Mobile Developer,1,Bachelor's,B.Sc. Computer Science,Push Notifications|iOS|Android Studio|Play Store Deployment|React Native|Fastlane|Realm|Offline Support|Crashlytics,,Achieved 38% reduction in app cold-start time through performance profiling. // Shipped iOS and Android apps with 3k+ downloads in first month.,"Experienced app engineer with 1+ years shipping production mobile apps in React Native, Android Studio, Play Store Deployment.",synthetic
RES-0472,Full-Stack Developer,2,Master's,B.Sc. Computer Science,MongoDB|Docker|Next.js|TypeScript|Redis|AWS|TailwindCSS|Express.js|CSS3|GitHub Actions|JWT|Kubernetes|WebSockets|Jest,,Shipped end-to-end feature that increased user retention by 39%. // Integrated third-party payment gateway handling 6k transactions/month. // Delivered a full-stack SaaS platform from design to production in 6 months.,"Full-stack engineer with 2+ years building and shipping products with GitHub Actions, Docker, Kubernetes.",synthetic
RES-0778,DevOps Engineer,9,Ph.D.,B.E. Information Technology,Kubernetes|Grafana|Prometheus|Infrastructure as Code|Helm|Bash|Azure|AWS|Jenkins|Monitoring|Jaeger|Nginx|GitOps|OpenTelemetry,HashiCorp Terraform Associate|AWS DevOps Engineer Professional,Containerised 18 legacy services with Docker and orchestrated with Kubernetes. // Improved system uptime to 99.74% SLA through improved monitoring and alerting.,"Reliability-focused DevOps professional with 9+ years of experience in Grafana, Helm, Monitoring.",kaggle_anonymized
RES-0926,Mobile Developer,5,Master's,B.Sc. Computer Science,GraphQL|Firebase|Xcode|Java|Kotlin|Android Studio|Push Notifications|App Store Deployment|Android|React Native|SQLite|Detox|GPS|CI/CD|Bluetooth,AWS Mobile Developer,Achieved 42% reduction in app cold-start time through performance profiling. // Achieved 53% reduction in app cold-start time through performance profiling.,"Mobile developer with 5 years building cross-platform and native apps using Firebase, Push Notifications, Kotlin.",kaggle_anonymized
RES-0248,Frontend Developer,5,Ph.D.,B.A. Web Design,Angular|CSS3|Webpack|GraphQL|JavaScript|HTML5|Vue.js|Zustand|Vite|Web Animations|Chart.js|Node.js|Git|GitHub|Storybook,Meta Front-End Developer|Google UX Design,"Rebuilt company dashboard in Zustand, improving load time by 39%.","Frontend developer with 5 years building responsive, accessible UIs with Angular, JavaScript, CSS3.",synthetic
RES-0278,Frontend Developer,4,Associate's,B.A. Web Design,SASS|CSS3|Zustand|TypeScript|REST API|JavaScript|Redux|GraphQL|Accessibility|HTML5|Chart.js|GitHub|Cypress,Meta Front-End Developer,Developed a reusable component library with 38+ components used across 9 products.,"Creative UI engineer with 4+ years of experience crafting pixel-perfect interfaces using Chart.js, HTML5, TypeScript.",synthetic
RES-0252,Frontend Developer,8,Bachelor's,Diploma in Web Development,CSS3|TypeScript|Zustand|Cross-browser Compatibility|Vue.js|JavaScript|Redux|Next.js|TailwindCSS|Storybook|Adobe XD|Node.js|SEO,Google UX Design|Meta Front-End Developer,Implemented WCAG 2.1 AA accessibility standards across the entire application.,"Passionate frontend engineer with 8 years of hands-on experience in Node.js, SEO, Cross-browser Compatibility.",public_profile_anonymized
RES-0023,Backend Developer,9,Bachelor's,B.E. Software Engineering,Elasticsearch|Message Queues|SQL|Microservices|FastAPI|MySQL|REST API|gRPC|Kubernetes|Spring Boot|Redis|Terraform|Bash|OAuth2|RabbitMQ|JWT,AWS Certified Developer|Oracle Java SE,"Designed and maintained a high-throughput REST API serving 12k requests/day. // Optimised PostgreSQL query performance, cutting average response time by 29%. // Designed and maintained a high-throughput REST API serving 45k requests/day.","Experienced server-side developer specialising in Microservices, Kubernetes, JWT with 9 years of professional experience.",synthetic
